Order ID,Category,Qty,Size
171-9198151-1101146,kurta,1,3XL
406-7807733-3785945,kurta,1,S
405-5513694-8146768,kurta,1,XS
408-1298370-1920302,Set,1,L
403-4965581-9520319,kurta,1,6XL
402-4030358-5835511,kurta,1,XXL
405-8191138-5176316,Set,1,XS
403-9230474-9657916,kurta,1,3XL
404-9632124-1107550,Set,1,M
402-1465437-0579556,kurta,1,M
402-2764952-1492318,kurta,1,XL
406-7398201-3869914,kurta,1,M
171-9208368-0157156,kurta,1,M
171-2592464-6846743,Set,1,XL
405-9966506-3155561,kurta,1,XL
407-2189901-7515567,Set,1,S
406-1326801-8886709,kurta,1,XL
407-6599093-6553153,Bottom,1,3XL
403-1162895-2484367,Western Dress,1,XXL
405-1879750-2639521,kurta,1,3XL
408-7698765-2294756,Set,1,XXL
404-1856281-9996319,Western Dress,1,S
405-5257740-5301158,Set,1,XL
405-5257740-5301158,kurta,1,XL
403-7266170-1163500,Top,1,M
406-8961316-8137943,Set,1,S
406-8961316-8137943,Set,1,S
405-4908072-0260360,kurta,1,3XL
408-1482435-5202714,Set,1,M
171-0131752-2560336,Set,1,M
407-4235449-1353916,Set,1,S
404-6513062-3876305,kurta,1,3XL
407-9863928-5979501,kurta,1,XL
171-4644162-9093116,kurta,1,S
407-0542879-1795554,kurta,1,S
405-2660443-4165145,kurta,1,M
407-4097885-3129958,Top,1,L
405-0732969-3941948,Set,1,XL
404-6680046-0839536,Western Dress,1,M
407-7173744-5333154,kurta,1,S
408-4547464-4180323,kurta,1,XXL
171-4350114-4299568,Top,1,XS
407-4737202-9096304,Western Dress,1,M
406-2403215-8361103,Set,1,L
404-6578109-5618751,kurta,1,M
404-0696150-3898703,Set,1,S
406-7586136-6520337,Western Dress,1,M
405-9144614-1601126,kurta,1,XL
171-4607096-6413920,Set,1,3XL
404-6975277-1927553,kurta,1,XXL
171-1584788-8864335,Set,1,XXL
408-4101226-7217932,kurta,1,M
402-4774686-7773937,Top,1,XL
406-6386989-1689108,Set,1,XL
408-6428766-2839536,kurta,1,3XL
406-6586654-6641140,kurta,1,3XL
407-2882576-2777135,Set,1,M
403-2256919-4846738,Western Dress,1,3XL
402-4646784-8411501,kurta,1,3XL
405-2788163-4515521,kurta,1,XXL
402-5302912-6805151,Western Dress,1,M
408-5540360-9479519,Set,1,M
407-8580022-5578715,Western Dress,1,M
408-7712483-3825907,kurta,1,L
402-3660716-8589107,kurta,1,3XL
406-9941718-1734719,kurta,1,XL
407-7642883-3094732,Western Dress,1,L
405-9442254-2207515,kurta,1,6XL
406-4970885-3273941,kurta,1,XL
406-2942566-8263534,kurta,1,S
406-7501816-7391539,kurta,1,S
408-7971979-8745937,Western Dress,1,XS
406-3702147-1800341,Western Dress,1,XS
402-0251823-0845133,kurta,1,S
407-3562449-1962729,kurta,1,S
404-1051549-5381167,kurta,1,M
408-6732772-4525113,Set,1,XS
171-7068385-2777168,Set,1,M
408-5824761-8505932,kurta,1,XL
404-6096382-3389133,Blouse,1,XL
404-6734371-2217151,kurta,1,3XL
408-6497115-2636366,Set,1,L
171-7904830-1900363,kurta,1,XXL
406-0361691-7797129,kurta,1,XXL
405-2266530-9531500,Set,1,3XL
405-5489495-6651552,Set,1,L
406-2138801-8731538,kurta,1,3XL
405-5365766-8023559,Top,1,M
403-3362230-0094739,kurta,1,3XL
402-3889665-2309117,Top,1,L
405-2826187-6916328,Top,1,L
402-1220435-6391519,kurta,1,XXL
402-5917367-0340362,Western Dress,1,S
403-6658095-6765934,kurta,1,XS
407-8925293-2306747,Set,1,L
404-2222453-6739538,Set,1,XXL
402-9211704-8331565,kurta,1,XXL
403-3917470-4280308,kurta,1,XL
403-3917470-4280308,kurta,1,XL
404-1435490-1121140,kurta,1,XXL
406-7722012-4093964,kurta,1,M
405-9201316-2870743,Top,1,XXL
408-7966317-7457928,Set,1,M
171-5702903-4981901,Set,1,XS
405-3523941-5355524,kurta,1,L
405-3523941-5355524,Set,1,L
403-5082537-8368348,kurta,1,3XL
171-5594281-0212357,Set,1,3XL
407-2944929-6438702,Set,1,3XL
171-2754000-1881907,kurta,1,S
408-9898972-5365901,Set,1,XL
405-7732656-4733913,kurta,1,3XL
405-7732656-4733913,kurta,1,3XL
405-7732656-4733913,kurta,1,3XL
408-3810333-4165930,kurta,1,XL
402-6454286-3321909,kurta,1,S
408-4193711-8156307,Blouse,1,L
404-5546156-4947565,kurta,1,3XL
402-0069978-7444377,kurta,1,S
405-3921640-0927553,Set,1,L
171-0211853-1251554,Set,1,XL
404-3699924-2837921,kurta,1,M
403-8306900-1833930,kurta,1,6XL
403-1632972-2861963,kurta,1,XL
406-3236326-4964331,kurta,1,XS
402-7682157-9147503,Set,1,L
408-8569813-9288333,Set,1,S
402-1704468-7240327,kurta,1,XXL
408-5238024-3207538,Set,1,3XL
407-0828621-5564309,kurta,1,L
405-3441275-4039543,Western Dress,1,XS
405-3441275-4039543,kurta,1,S
402-4804971-8591532,kurta,1,M
402-4804971-8591532,Top,1,M
405-6836135-6312327,Western Dress,1,L
403-9835374-1565102,Set,1,XS
408-9408562-5254749,Set,1,M
171-3255381-0489121,kurta,1,3XL
407-6114533-2816312,kurta,1,L
404-6763777-8680366,kurta,1,M
407-3644990-7729144,Western Dress,1,XL
406-7221225-8921144,Set,1,XL
171-2789156-5817163,kurta,1,3XL
408-9259634-7565152,Top,1,S
171-2120512-6643534,kurta,1,S
402-6159360-3192305,kurta,1,S
406-4919920-0965963,Set,1,L
404-4599488-8213952,kurta,1,M
171-2550230-3805124,Top,1,XXL
402-5852450-2129941,kurta,1,S
405-3054995-4312360,kurta,1,L
406-1981446-7471514,Set,1,M
408-8489677-5577933,kurta,1,XL
402-7078622-5609155,Set,1,S
408-7206307-2384358,Western Dress,1,XS
402-7081372-1053905,kurta,1,XL
402-7081372-1053905,kurta,1,XL
403-8342497-0727510,Ethnic Dress,1,XL
407-3205298-5473103,Set,1,XL
408-2548158-8811519,Set,1,XXL
402-2375582-5673132,Set,1,XS
402-7355260-1275513,kurta,1,L
408-0027611-3047556,Set,1,XL
408-0027611-3047556,Set,1,L
408-0027611-3047556,Set,1,L
402-9657774-4318743,kurta,1,3XL
406-3669070-7817938,Set,1,M
406-3330230-6797916,Western Dress,1,M
404-9035115-5697167,Set,1,L
403-1239945-5591548,kurta,1,3XL
171-2558577-3963545,kurta,1,S
403-2828148-2903504,Set,1,XXL
403-5843515-0197907,kurta,1,L
171-4531834-4554765,kurta,1,XXL
402-7869356-9551565,kurta,1,XL
407-7918584-3321167,Set,1,XL
406-0956140-0012349,kurta,1,XXL
408-3011835-7100318,kurta,1,XL
405-7844536-8046762,Top,1,XL
406-0691895-0471503,kurta,1,XL
405-1355264-6557110,Set,1,XS
408-8369778-8012338,kurta,1,XL
404-6334429-8355529,Set,1,L
404-2417347-9633938,kurta,1,S
407-1450322-3656343,kurta,1,XXL
403-5897087-6057916,kurta,1,XL
403-6574556-1329104,kurta,1,M
403-6907642-9162700,Set,1,M
406-9093405-4105951,Set,1,XL
403-7790316-3965142,kurta,1,XS
171-8197669-4514719,Western Dress,1,3XL
171-8197669-4514719,Western Dress,1,XXL
404-2251624-2563520,Set,1,XL
402-4809412-0843557,Set,1,L
405-0010015-4883533,Set,1,XXL
407-0481881-2040338,kurta,1,XL
407-8491386-7513905,kurta,1,S
402-2340256-8452344,Western Dress,1,XS
405-3573479-2335568,Set,1,M
407-6622658-9113933,Set,1,XL
408-5393823-3123507,kurta,1,L
404-6841683-9125139,Western Dress,1,XXL
171-5977193-3394716,kurta,1,XL
405-3848499-2762701,Set,1,M
171-2995842-6829951,Set,1,L
408-6706673-8229140,kurta,1,M
407-2189275-1036325,Top,1,L
407-2189275-1036325,Top,1,L
407-2189275-1036325,Top,1,L
408-1088525-0437127,kurta,1,M
405-0583775-1791522,kurta,1,XL
405-4593905-2637118,Set,1,L
407-8320605-9204320,kurta,1,XL
171-9701484-5977115,Set,1,3XL
406-5613958-6840356,Set,1,XL
402-6318341-1729152,Set,1,XXL
402-3150075-8477926,Set,1,XL
402-8752065-8055526,kurta,1,M
405-2241700-0331512,kurta,1,L
406-0045493-6274778,Set,1,XL
402-9576812-8867528,Set,1,XXL
405-4849949-2177966,kurta,1,S
407-3282858-0913944,Set,1,XXL
404-0449932-9629954,kurta,1,XS
402-1401315-3619554,kurta,1,M
402-1401315-3619554,Set,1,XL
406-8995271-5258726,kurta,1,XXL
407-6618627-2735569,Set,1,S
407-6618627-2735569,Set,1,XL
405-5500801-0525925,Western Dress,1,XS
171-5430213-1149123,kurta,1,S
408-1625494-4314764,Set,1,L
406-2621182-9937108,Set,1,XL
407-6756181-8208303,kurta,1,XL
406-3606209-0480305,kurta,1,3XL
171-9737328-9068339,Set,1,XXL
406-5635751-7814744,kurta,1,XL
405-8000234-4237120,kurta,1,L
404-2194126-7585156,Set,1,XS
408-6590726-6670722,Set,1,XXL
171-2455701-0960350,Set,1,L
404-6182045-6773137,Western Dress,1,L
406-9684593-1409145,Set,1,3XL
403-5898805-1425935,kurta,1,XL
407-5818545-8129135,Set,1,XL
405-0890112-1339513,Western Dress,1,XXL
406-7355996-4809118,Set,1,3XL
406-6182057-8958767,Western Dress,1,M
408-5558170-0080344,kurta,1,3XL
406-9770854-6341932,Set,1,XS
403-6389579-5134733,Set,1,3XL
407-6495811-4753108,Western Dress,1,S
405-3993118-8151554,kurta,1,M
171-4028625-9042722,Western Dress,1,XS
405-6955975-9279523,Top,1,XXL
406-5651256-4804346,kurta,1,XL
405-6220605-3735564,kurta,1,XL
403-2464746-2140361,Set,1,XL
404-8275879-8967507,Top,1,M
405-6458874-9383538,Western Dress,1,M
405-6458874-9383538,Western Dress,1,M
408-4091370-4293113,Set,1,XS
408-5740418-3927504,Top,1,S
171-6176410-6487513,Set,1,S
171-4519721-7419566,Set,1,XL
404-9229707-7774702,Set,1,XS
408-8440354-5115563,Western Dress,1,3XL
404-6352464-1438740,kurta,1,XL
404-5117026-5321945,Western Dress,1,M
407-7191081-6605109,Western Dress,1,S
402-8121209-0495550,Set,1,XS
171-4406703-3156313,kurta,1,XL
407-7701270-2757116,kurta,1,S
406-2063526-4681166,kurta,1,XXL
404-0491884-0382749,kurta,1,M
407-9040108-6689964,kurta,1,S
408-7843376-7307514,Set,1,3XL
407-1233874-0563510,kurta,1,XL
171-7890160-8852316,kurta,1,3XL
171-1910092-3713144,Set,1,M
171-1910092-3713144,Set,1,M
406-4796841-5342705,Top,1,M
404-6639541-3079523,Set,1,M
407-4937872-6083528,Western Dress,1,L
405-0532803-0120331,Western Dress,1,3XL
405-6118267-4453135,Set,1,3XL
407-1541788-2812307,kurta,1,XL
404-8567504-6541947,kurta,1,3XL
404-8567504-6541947,kurta,1,3XL
408-2830412-5001168,kurta,1,M
402-4292542-1090729,Western Dress,1,XL
408-0142626-6733164,Set,1,XL
407-6122000-3730745,Ethnic Dress,1,XXL
171-9399405-5882717,kurta,1,M
408-2100329-5574743,kurta,1,XXL
405-9153899-6361938,Set,1,XS
171-0006482-2020369,kurta,1,3XL
403-5754463-8115536,kurta,1,XXL
407-2296767-2362704,kurta,1,XXL
407-7616127-7811558,Set,1,XS
408-3787326-0340363,kurta,1,L
405-1228188-5297938,Set,1,L
403-4613170-0301124,kurta,1,S
407-6547633-6630756,Top,1,L
404-4264985-1077926,Top,1,XL
405-6895105-7613137,kurta,1,L
403-0061579-9272319,kurta,1,S
403-5947655-7277166,Set,1,XL
171-6613656-4245918,Set,1,S
402-7165661-7521950,kurta,1,S
407-7973575-0154729,kurta,1,3XL
171-7059341-6105923,Top,1,L
405-5920313-7117140,kurta,1,M
402-1836552-8085957,Set,1,S
404-1779944-8102705,kurta,1,XXL
404-1779944-8102705,kurta,1,L
404-1779944-8102705,kurta,1,L
404-2445799-8153131,Set,1,XL
408-5229747-9249144,Set,1,L
171-1909591-0944310,Top,1,XXL
171-5975931-2581955,kurta,1,M
171-6071448-5965141,Set,1,3XL
404-7073303-1911528,Top,1,XXL
406-2488091-1490762,kurta,1,L
408-4582558-7314760,Top,1,XS
171-5782777-6979568,kurta,1,3XL
408-2677298-4497110,kurta,1,L
402-4383938-3924329,kurta,1,XXL
171-2287457-6688311,Set,1,XL
171-2287457-6688311,kurta,1,XL
402-0691535-3235515,kurta,1,M
403-6401336-8201965,Western Dress,1,XS
407-2998129-4973933,Set,1,S
404-4000695-0797162,kurta,1,L
402-1291498-0963502,kurta,1,XXL
406-5835066-8509123,kurta,1,XXL
402-7861807-8550726,Ethnic Dress,1,XL
406-6823620-0893112,Set,1,S
406-2917556-7266717,kurta,1,XXL
402-2180559-5076353,Top,1,S
404-9235384-4336353,Western Dress,1,M
406-9551449-0285151,kurta,1,M
408-6659116-0906718,Western Dress,1,XL
408-1988392-9252313,Set,1,XL
408-4185500-2329134,Set,1,M
171-1963311-9446720,kurta,1,S
408-5687276-3227521,kurta,1,L
408-5317065-2842709,kurta,1,S
408-6003340-0632330,Set,1,XS
408-8404034-6727569,kurta,1,M
407-6965720-0843551,kurta,1,L
404-8525115-3493163,Set,1,M
406-0843035-6872369,Set,1,3XL
171-4848506-9169918,Set,1,XXL
408-7664192-2708342,Top,1,M
404-6495532-6034723,Bottom,1,M
407-2362284-4507534,Set,1,S
406-3632521-5060318,kurta,1,XL
408-4448823-4227532,kurta,1,S
403-5057919-7279569,kurta,1,L
408-0983994-1719528,Set,1,XXL
403-2334781-1809110,Western Dress,1,3XL
403-2334781-1809110,Western Dress,1,3XL
403-2334781-1809110,Western Dress,1,3XL
408-6177793-2667547,kurta,1,XL
402-2710300-6710716,Top,1,XS
402-2710300-6710716,Top,1,XS
402-2710300-6710716,Top,1,XS
403-6673881-9872368,Set,1,L
408-2348004-6239507,kurta,1,XXL
402-0630407-8338763,Set,1,XS
408-8650666-8560353,Set,1,3XL
403-2105935-0090702,Set,1,XL
404-9270302-7523523,Top,1,M
408-8447246-2180344,kurta,1,3XL
407-6159634-3080303,Ethnic Dress,1,M
405-5586805-1537908,Set,1,L
404-8504076-8217919,kurta,1,L
408-4635432-3177965,kurta,1,S
408-4635432-3177965,kurta,1,M
171-8863915-6445930,kurta,1,S
405-2532640-9495525,Western Dress,1,XL
408-6919175-4014737,Set,1,XL
407-2973647-3153939,Western Dress,1,M
402-9928883-7464330,kurta,1,XS
408-8445227-5237120,Western Dress,1,XL
404-9870920-0576312,Top,1,S
404-9462174-8728314,Set,1,L
404-5696872-3444314,kurta,1,XL
402-1664225-8969155,kurta,1,XXL
402-1664225-8969155,kurta,1,XXL
404-5160980-1137124,Top,1,XXL
404-8987122-2033115,kurta,1,S
407-7672746-4267530,kurta,1,S
171-7748950-3850713,Top,1,S
405-4509800-2397918,Set,1,3XL
407-2169109-1306713,kurta,1,3XL
408-8659417-9977901,Set,1,XL
403-7990423-3476351,kurta,1,XXL
405-9931934-2677105,kurta,1,M
407-7243868-4055529,kurta,1,XXL
171-6882879-9738766,kurta,1,L
408-9997972-0411544,Set,1,XL
171-3898102-8402757,Set,1,XS
407-0530480-0576358,kurta,1,L
171-8856537-1397959,kurta,1,XXL
406-8788101-3033168,Set,1,L
402-7589486-0562761,kurta,1,XXL
403-8499148-5672343,Set,1,XXL
407-9987690-4986713,Set,1,M
403-4186042-2969102,Western Dress,1,XL
405-9251525-2201132,Set,1,L
408-7704567-9953168,Set,1,XXL
171-2702916-6143522,Set,1,3XL
407-7635536-1178755,Western Dress,1,M
407-0726865-7987533,Set,1,M
408-9741880-8454747,Set,1,S
171-9181746-2770749,Top,1,XL
407-3696018-8049115,kurta,1,L
408-7914411-0231567,kurta,1,XL
408-3406758-8412300,kurta,1,XXL
408-8302085-3105108,kurta,1,XXL
408-7142634-8209915,Blouse,1,M
171-3899166-0944306,Set,1,XXL
405-6854165-3003543,Top,1,M
408-5941827-0499515,Set,1,L
407-7465218-4642715,Set,1,XS
408-8670769-7294713,Set,1,L
402-9050647-1001948,kurta,1,M
402-9050647-1001948,kurta,1,L
407-5789653-5620329,kurta,1,S
403-7886538-6609948,Set,1,M
171-4965593-6136320,kurta,1,XL
171-9555351-4961109,Set,1,XL
403-2642222-2905133,Set,1,M
171-8343254-2042762,Bottom,1,XL
408-0304814-7806756,kurta,1,XXL
408-0304814-7806756,kurta,1,3XL
408-0304814-7806756,kurta,1,3XL
408-0304814-7806756,kurta,1,XXL
408-0304814-7806756,kurta,1,XXL
408-1759129-6992355,Set,1,L
403-3081718-5052365,kurta,1,XL
403-1672810-7875548,kurta,1,L
406-2782655-2006727,kurta,1,3XL
408-0187228-3575512,Top,1,L
402-4569915-9742711,kurta,1,L
408-3707474-7973948,Set,1,XXL
171-3948959-6421154,Set,1,XXL
403-6113281-3337150,Western Dress,1,S
407-4569849-0382742,kurta,1,3XL
407-4569849-0382742,kurta,1,3XL
408-2767388-5777151,Western Dress,1,3XL
402-9795536-9129129,Top,1,S
408-0258173-9179518,kurta,1,XL
404-1106988-6666746,kurta,1,M
405-5194612-0481955,kurta,1,S
405-1911136-0410760,Set,1,M
406-4536313-6390763,Western Dress,1,XL
406-0057063-9484315,Western Dress,1,L
171-7911311-2466767,Set,1,S
408-3167600-0543567,Set,1,XL
408-2445256-0558714,kurta,1,3XL
403-0566843-2040329,Set,1,L
408-3023236-1263553,kurta,1,M
404-4580833-2024355,Set,1,XL
171-1028074-1107529,kurta,1,S
404-9369285-1714733,kurta,1,M
403-8567541-1385124,kurta,1,XL
407-6464371-4721948,kurta,1,3XL
407-6464371-4721948,kurta,1,3XL
404-9086564-6185934,Set,1,L
406-3317906-1411501,Set,1,XXL
402-9940699-5926750,kurta,1,L
408-7916864-8557952,kurta,1,M
171-6463386-7040352,kurta,1,XXL
408-6349629-6849931,Top,1,M
403-2598539-6705919,Set,1,L
405-9529745-2486767,Top,1,M
408-3963956-9054738,Bottom,1,3XL
405-0857013-6017959,Set,1,XL
406-7177329-9256321,kurta,1,M
408-5501152-0064344,Set,1,3XL
408-5501152-0064344,Set,1,3XL
402-7108767-7365115,Set,1,XS
171-0594005-6259502,kurta,1,L
402-9275763-3353164,Set,1,L
403-4947842-9768365,kurta,1,XXL
403-0084276-9623557,kurta,1,S
402-9878967-6551549,Set,1,XS
171-0600216-6049127,Set,1,L
406-0275187-8372320,Set,1,M
406-0275187-8372320,Set,1,S
408-1217089-2244309,Set,1,XS
171-3491566-9669144,Ethnic Dress,1,3XL
405-1225639-2741916,Set,1,XL
402-1126686-2117168,kurta,1,L
171-1613026-8304303,kurta,1,3XL
405-5116033-4464342,Set,1,L
406-2913349-8710757,Western Dress,1,L
406-7344016-6445153,Set,1,M
405-9610502-5861920,Set,1,M
407-9947638-8615546,kurta,1,XXL
403-7726259-5563500,Western Dress,1,3XL
408-1948172-2116302,kurta,1,XL
402-4386195-1801139,kurta,1,M
408-3905352-1044352,kurta,1,L
404-5914935-6357943,Set,1,XL
405-4434560-9831534,kurta,1,L
171-6431099-7662756,kurta,1,L
402-8931875-6856333,Set,1,L
405-6588452-5432363,Set,1,M
406-5458702-7025966,kurta,1,XL
404-2978061-6981140,kurta,1,S
404-2978061-6981140,Set,1,XL
406-4730085-5853108,kurta,1,XXL
406-7018146-0365938,Western Dress,1,3XL
404-9553152-9198744,Set,1,XXL
402-7269915-5181158,Set,1,L
171-4476834-6377911,Set,1,XS
171-4476834-6377911,Set,1,XS
403-4367585-6437918,Western Dress,1,M
405-5072638-5053100,kurta,1,L
405-5072638-5053100,kurta,1,L
404-4178459-5526722,Set,1,XL
404-4178459-5526722,Set,1,XL
406-2495019-0710732,Set,1,XL
405-3060800-7156315,Set,1,XXL
403-6038820-1013151,Western Dress,1,3XL
404-3119713-3394721,Set,1,L
403-4382405-4485115,Western Dress,1,XS
407-1817832-8673134,Set,1,M
407-8353389-1241964,Set,1,M
404-0260335-1002720,kurta,1,XL
405-2256063-1940363,kurta,1,XS
406-0139165-7385137,Western Dress,1,XL
403-0718748-8044318,kurta,1,M
408-9406034-0237145,Set,1,3XL
408-2444319-4678763,Set,1,XXL
407-5940694-4157930,Set,1,S
171-9858043-4405109,Set,1,S
171-3298139-6227543,Set,1,M
403-7336195-5877953,Set,1,L
403-8521833-8168337,Set,1,3XL
402-2957518-9575511,Set,1,S
402-6594458-1659525,kurta,1,XL
403-6883797-3182753,kurta,1,XXL
405-7746717-3433122,Set,1,XL
405-1919559-4711523,Set,1,XXL
407-2085563-2773932,kurta,1,XL
405-3587608-3685961,kurta,1,S
404-2313510-8753132,Set,1,XL
403-8086324-7503500,Western Dress,1,XS
407-0609945-5169927,Set,1,XS
404-6240949-2553167,Top,1,M
404-5918512-8733937,Set,1,3XL
171-7677156-3597933,Set,1,S
408-1798845-9406769,Set,1,L
408-9910405-8432301,Set,1,L
408-0241704-3949145,Set,1,L
408-0241704-3949145,kurta,1,L
171-0066199-7241921,Set,1,XXL
405-2954233-0885114,Set,1,M
405-6568450-2416345,Set,1,XS
406-3415156-5607512,Set,1,3XL
407-8994270-8534716,Set,1,XL
402-0366829-0294724,kurta,1,M
405-2246990-0777940,Set,1,S
404-6201740-2557903,Western Dress,1,L
403-9794267-8419524,Top,1,M
404-9262046-4015505,kurta,1,XXL
405-7757387-2727568,Top,1,M
402-0538923-6372339,kurta,1,XXL
402-0538923-6372339,kurta,1,XXL
405-5875412-0371502,kurta,1,L
406-8759190-9888301,kurta,1,L
408-5366719-3457923,Set,1,M
405-8743710-6986704,Top,1,M
405-8887440-7610736,kurta,1,M
404-7596856-4814759,Set,1,3XL
408-1927059-6186704,kurta,1,XS
404-4293978-7097134,Western Dress,1,XS
402-6621113-0775551,Top,1,S
407-9865127-3950716,Set,1,L
403-7096325-0826727,kurta,1,L
408-2772769-9582737,Set,1,3XL
171-9772223-7459553,kurta,1,L
171-7222088-7624324,Set,1,XS
408-0024573-2687504,kurta,1,L
171-3265986-7781924,Set,1,XS
408-9032642-9746728,Set,1,M
407-5800332-1995518,Set,1,M
171-9779319-7510724,Set,1,L
407-7280785-1564340,Top,1,XL
408-8758447-5870701,Set,1,3XL
408-9736271-8016328,kurta,1,S
171-9105317-1569103,Ethnic Dress,1,L
406-7223714-5500331,kurta,1,S
406-7223714-5500331,kurta,1,L
403-4800774-7016354,Set,1,3XL
403-4800774-7016354,Set,1,3XL
405-7729816-5054719,kurta,1,M
407-7453056-6969134,Set,1,XL
405-2555390-4649112,Set,1,L
407-1038846-6646711,Western Dress,1,M
403-2875225-7407525,Set,1,L
403-9679139-2648306,kurta,1,L
408-5108682-4462768,kurta,1,XL
171-0024891-4859557,Western Dress,1,M
404-6366485-4632350,Set,1,S
406-3338330-9401954,Set,1,L
406-3338330-9401954,Western Dress,3,M
405-6275069-8709919,kurta,1,S
404-0433154-9049938,Set,1,L
405-7805561-2949927,Top,1,3XL
171-5220209-8891516,Set,1,XXL
404-9149250-5005908,Set,1,M
405-3079740-3521137,kurta,1,3XL
404-5789217-2697905,kurta,1,L
404-5789217-2697905,kurta,1,L
407-9524774-0175538,kurta,1,XL
408-6741723-6460306,kurta,1,3XL
403-0045132-5807554,kurta,1,XXL
404-3100337-4458732,kurta,1,XL
404-3768722-8781145,kurta,1,XXL
402-3536812-6539528,kurta,1,S
404-4144507-5376354,Set,1,XXL
171-7468176-5116331,Set,1,M
402-3793602-2849965,Set,1,XS
403-5321908-1061103,kurta,1,3XL
407-6560458-4010752,kurta,1,XXL
408-6823756-2624346,Set,1,3XL
403-9358978-1325963,Top,1,XXL
403-7985902-0760311,kurta,1,XXL
406-4969597-4889915,kurta,1,XL
406-6199896-7708345,kurta,1,M
408-1549094-4983544,Set,1,XS
405-0272567-4338740,Set,1,M
171-4044598-7607555,Set,1,3XL
402-6159104-4848320,Set,1,3XL
404-9824686-5295561,Top,1,3XL
403-9775429-2272333,Set,1,L
406-0864370-9908303,kurta,1,M
171-5093113-1243543,Set,1,XS
404-9641041-5035566,kurta,1,XXL
404-9641041-5035566,kurta,1,L
404-9641041-5035566,kurta,1,L
402-8465050-7143536,Set,1,M
404-3610194-6117904,Top,1,L
403-1936015-3329911,Set,1,XL
407-5280017-3858715,Set,1,L
171-9235054-5255567,Blouse,1,Free
408-5097072-4712322,kurta,1,3XL
402-0633442-9544323,Set,1,3XL
407-5822698-8809124,Set,1,XXL
403-3394386-2912303,Set,1,XXL
404-8997701-5838730,kurta,1,3XL
406-5038784-6710761,kurta,1,M
171-0242185-4022727,Set,1,S
407-7419861-4520333,Set,1,3XL
406-5641403-9515549,kurta,1,XXL
405-1790173-3197132,kurta,1,XXL
405-5738434-7198762,kurta,1,M
404-8847664-7095520,kurta,1,L
408-7263987-7360342,Top,1,M
408-6727532-6802744,Set,1,XL
407-6774029-0041905,kurta,1,3XL
408-9189814-1337959,Set,1,M
408-9189814-1337959,Set,1,M
408-9189814-1337959,Set,1,M
408-9189814-1337959,Set,1,M
408-3540833-5681167,Western Dress,1,3XL
171-8304082-3222759,Set,1,L
407-9533857-8290711,kurta,1,XL
407-2070861-0186727,Western Dress,1,S
405-1189923-0965941,kurta,1,XL
405-1189923-0965941,kurta,1,XL
402-9244246-4717953,Set,1,XL
408-7633695-8931551,Set,1,M
402-9365141-1046721,kurta,1,L
403-6612699-7604304,Top,1,3XL
171-4960232-7222709,Western Dress,1,XS
405-1898130-5961124,kurta,1,XL
405-1898130-5961124,Set,1,L
402-4892485-6219544,Set,1,M
402-9417205-7334735,kurta,1,XL
402-9417205-7334735,kurta,1,XL
407-4571355-7756342,kurta,1,XXL
405-6344747-7353149,Western Dress,1,S
404-0173309-3907531,Set,1,XL
405-8038408-0378754,kurta,1,XL
402-1498042-8394766,kurta,1,3XL
407-2051046-0314708,Set,1,3XL
402-5148068-2588303,Set,1,S
408-0613240-5232364,Top,1,3XL
405-9361055-4426758,Set,1,XXL
404-2190378-4631520,kurta,1,L
403-7144869-0881115,kurta,1,L
405-8921078-1101948,kurta,1,L
407-9232108-2267508,Top,1,L
407-9232108-2267508,Top,1,L
171-2218123-5633955,Ethnic Dress,1,M
406-0983295-8481143,Set,1,M
408-8203333-2276325,Set,1,M
171-4623042-7676322,Ethnic Dress,1,S
171-4623042-7676322,kurta,1,M
171-4623042-7676322,Set,1,S
171-4623042-7676322,Set,1,S
406-6871653-0796349,Set,1,M
171-2775977-3805147,kurta,1,XXL
408-6286758-8429929,Set,1,XL
404-2839716-2845130,kurta,1,L
171-0422895-4803531,kurta,1,XXL
402-4909256-9477130,kurta,1,M
408-0649800-7927512,Top,1,S
407-7220012-7393119,Set,1,L
403-2354901-8317927,kurta,1,M
405-5534707-8124309,kurta,1,XXL
405-2826853-2353927,kurta,1,3XL
406-7099071-3005923,Blouse,1,S
406-7026274-0491504,Set,1,3XL
407-5128488-9383541,kurta,1,XXL
171-3109209-0818768,kurta,1,XL
404-7154074-4621909,Set,1,M
407-1975389-2272326,kurta,1,3XL
406-8955350-8526702,kurta,1,XL
405-0237363-1257101,Set,1,3XL
408-0722613-8459519,Set,1,M
402-0763073-5447565,kurta,1,XXL
403-1802625-4781102,Set,1,M
171-7859548-3927502,kurta,1,S
408-8777109-6452328,kurta,1,S
407-4829670-8890717,Set,1,XL
407-4198707-0075555,Set,1,3XL
406-0966248-9743559,Set,1,M
171-8000073-3240317,Set,1,XL
405-7673194-9797909,Western Dress,1,3XL
403-6064949-5155523,kurta,1,M
404-3266137-0187567,kurta,1,XXL
408-8428736-6716305,kurta,1,XL
405-3123593-3109942,kurta,1,M
405-3123593-3109942,kurta,1,M
402-8511482-3521133,Set,1,XL
402-9990035-1189946,Set,1,XS
171-0035884-6656354,Set,1,XL
404-7013305-6901958,kurta,1,L
404-7013305-6901958,Set,1,L
408-0776717-8158745,Set,1,M
406-7282379-4898718,Western Dress,1,L
407-3737718-1577166,Set,1,XXL
402-0392118-6016339,Set,1,M
407-4631181-9369111,Top,1,XL
404-4650299-8891568,kurta,1,M
403-2510531-3770752,Set,1,XS
403-2510531-3770752,Set,1,XS
406-7300465-3445920,kurta,1,M
404-0229649-5265174,kurta,1,3XL
407-4864243-9400327,kurta,1,L
407-4864243-9400327,Set,1,L
406-0583608-1740345,kurta,1,M
171-8260646-4866766,Set,1,M
402-5270838-5123527,kurta,1,3XL
404-0168400-5512361,Set,1,XL
171-0159362-0680311,Set,1,L
406-2056504-8345934,Western Dress,1,M
406-3412335-1441943,kurta,1,L
405-4487626-6963550,kurta,1,XXL
406-0094514-6250718,Top,1,L
402-5614347-4428318,Set,1,L
406-1847890-8665900,Set,1,XXL
171-9524976-7689925,Set,1,XXL
403-9217527-2368324,Top,1,L
402-9072294-6318761,kurta,1,L
404-1547535-6017100,kurta,1,XXL
403-7686259-9173167,Set,1,L
404-6248807-4940313,Set,1,S
406-2133422-3835543,kurta,1,XS
406-3596354-9054705,kurta,1,XS
402-0727867-2021157,Set,1,XXL
408-8446091-4878743,Set,1,XL
171-3239704-1655545,Set,1,S
171-8366335-3568319,Set,1,S
403-5447629-3158717,Set,1,S
403-5050806-6000301,kurta,1,L
171-2432214-0330740,Set,1,L
408-5063264-5242726,kurta,1,L
407-3740637-1317958,kurta,1,XL
407-2260192-8693947,Set,1,M
405-3551293-9088302,Set,1,3XL
403-4214772-2567517,Set,1,XS
403-9513144-2927533,kurta,1,XXL
404-1929205-8889960,kurta,1,M
404-2792245-5849903,kurta,1,L
402-0004873-4097950,kurta,1,S
171-6208570-0790723,kurta,1,XXL
407-6353505-8789167,kurta,1,3XL
406-4781702-8621902,Set,1,L
402-6602564-6537151,kurta,1,S
406-6596726-1214769,Set,1,XL
408-4140234-9883546,Set,1,XL
408-3796342-4008368,Set,1,XXL
171-4711335-8942722,Set,1,XXL
408-8843533-2632320,kurta,1,XL
404-9956470-5527541,kurta,1,M
408-0420377-1502749,Western Dress,1,XL
404-8138985-9175541,Set,1,L
171-4593516-2891566,kurta,1,XXL
402-9281882-8068369,Top,1,L
404-3198895-4012309,Set,1,3XL
407-0989425-4089957,kurta,1,L
406-6770586-2705146,Top,1,3XL
171-7376855-2528301,Set,1,3XL
402-2105555-6827522,kurta,1,XXL
408-1289561-3766747,kurta,1,XXL
408-1565194-6613101,kurta,1,M
405-5881932-3579524,Set,1,3XL
402-0733066-5624308,kurta,1,XL
407-2945319-4806721,kurta,1,XL
407-2945319-4806721,kurta,1,XXL
407-2945319-4806721,kurta,1,L
407-2945319-4806721,kurta,1,L
407-6541590-2133933,kurta,1,L
407-6541590-2133933,kurta,1,XL
402-4897567-3953144,Set,1,M
403-6264669-2899549,kurta,1,3XL
171-7655961-1237959,kurta,1,S
405-2066061-8881940,kurta,1,XL
404-2753133-6481913,Set,1,3XL
408-8767567-3537942,Set,1,XXL
404-3323787-9610741,kurta,1,M
405-9120260-1141126,Western Dress,1,L
405-7647162-0809957,Set,1,M
405-5344649-3090732,Western Dress,1,XL
402-4196233-1755554,kurta,1,M
406-7752549-1749162,kurta,1,XL
402-1739600-0952322,kurta,1,M
404-8026305-5212354,Set,1,M
404-8026305-5212354,Set,1,S
405-4277499-6688319,Set,1,3XL
403-3312783-5225958,Set,1,XL
403-9394392-8402703,Western Dress,1,XS
407-8900404-1237966,Set,1,L
171-6925094-0601949,Set,1,L
402-1360853-3421108,kurta,1,XL
402-0784132-8233155,Set,1,XXL
402-5444691-5919547,Set,1,XXL
402-5444691-5919547,Set,1,XXL
407-7997112-4521916,kurta,1,S
403-9311781-4634701,kurta,1,3XL
408-4847534-0671542,kurta,1,3XL
408-9120487-2502749,kurta,1,3XL
408-5705769-2389935,kurta,1,3XL
171-9220668-6102701,kurta,1,XL
407-0608519-0329924,Set,1,L
407-4375279-8978717,Top,1,XL
407-0051898-7030769,Set,1,L
406-5333881-1653105,kurta,1,M
404-2328672-6500314,kurta,1,XS
403-3302363-7302760,Western Dress,1,3XL
406-5550825-5129147,Western Dress,1,L
406-1542034-7814753,kurta,1,XL
408-5752208-8289920,kurta,1,XS
403-1980923-1705133,Set,1,M
406-8207075-4710709,Set,1,3XL
403-7700844-1124339,Set,1,3XL
403-8668003-0885160,Set,1,S
402-2970358-3321145,kurta,1,M
408-1982829-7555565,Set,1,M
408-6108269-2220351,Bottom,1,M
171-2272682-1939539,Set,1,L
402-3386754-7129901,Set,1,S
406-1571603-9717922,Set,1,M
407-4620449-4318761,Set,1,XS
405-6562476-3385104,Set,1,M
405-8178516-2973963,kurta,1,S
407-7794311-5729111,Set,1,M
408-4964783-3605135,kurta,1,L
171-4395328-4765929,kurta,1,3XL
402-6412500-2721148,Set,1,S
408-5060025-3149139,Set,1,S
403-6462896-8143519,kurta,1,XL
407-3458625-1485917,Set,1,S
171-4597206-7313106,Set,1,M
403-7815829-5481945,Set,1,3XL
408-9362682-0529956,Western Dress,1,M
408-9844155-8781110,Set,1,L
171-0247117-3757118,kurta,1,3XL
404-1515598-0100301,Set,1,XS
407-3078477-9258731,Set,1,XS
404-0839562-5988318,Set,1,S
402-5617941-0672319,Set,1,M
171-3834877-0797900,Top,1,M
407-9956657-0835502,kurta,1,XXL
408-5168172-6197167,Western Dress,1,XL
407-4481601-7425947,kurta,1,S
404-7197053-2709143,kurta,1,3XL
405-1312067-6113919,Set,1,XXL
405-1312067-6113919,Set,1,S
405-1312067-6113919,Set,1,S
408-3368346-8749968,kurta,1,XL
171-9069025-5601915,kurta,1,XXL
406-9032821-4226743,Western Dress,1,L
403-9914853-6752348,kurta,1,S
171-0921313-7593958,Set,1,XXL
408-7489302-3393100,kurta,1,XL
407-6004648-5874743,Set,1,M
407-6004648-5874743,Set,1,M
407-6004648-5874743,Set,1,M
171-5083454-2090710,kurta,1,M
171-5083454-2090710,kurta,1,M
171-7224101-6213109,Set,1,XS
171-7224101-6213109,Set,1,XS
171-6980086-3733950,Western Dress,1,3XL
404-3751603-9114740,Top,1,3XL
406-3329962-6204340,Set,1,XL
405-1148054-9326733,Top,1,XS
406-2585292-6231561,kurta,1,M
406-2585292-6231561,kurta,1,M
407-9309283-6878758,Set,1,XL
171-5318548-3773160,Top,1,M
402-8905423-3101112,Set,1,L
171-7113344-8998768,kurta,1,XL
405-2244208-9457155,Set,1,S
405-5976813-1891518,Set,1,XL
405-7950542-5100368,Set,1,XXL
402-1922976-8183519,Top,1,L
404-7990865-1893120,kurta,1,XXL
405-3530975-6445925,Set,1,XXL
402-4303540-6987556,Western Dress,1,XXL
405-0638194-1437946,Set,1,S
402-1371086-4459532,Top,1,M
404-0572890-4437117,kurta,1,XL
404-8361329-3071540,Western Dress,1,S
406-3739600-9045132,Top,1,L
408-4626192-8538753,Set,1,XL
406-8757042-8311555,kurta,1,S
405-9725630-8077104,Set,1,M
404-6137002-8495539,Set,1,S
402-0709687-0856357,Set,1,S
171-7511828-6793126,Set,1,XL
408-4496730-1040366,kurta,1,XXL
404-0767758-2980302,Set,1,L
403-8324535-4950762,Top,1,S
403-2738526-1336365,Set,1,M
403-9120558-9409918,Western Dress,1,S
171-5195769-3125947,Set,1,3XL
171-7630067-0705158,Set,1,S
171-7630067-0705158,Set,1,XS
403-5005432-9335563,kurta,1,3XL
408-9254225-1199560,kurta,1,L
408-6962572-5025933,kurta,1,3XL
404-0256844-0499563,Set,1,L
407-2373754-1988358,Blouse,1,XL
405-0185095-4031561,Western Dress,1,L
405-0185095-4031561,Western Dress,1,L
404-6752403-0530715,Set,1,M
406-0653175-4673161,Set,1,M
406-0726940-3202737,Set,1,XS
405-4279881-2218737,Western Dress,1,L
171-2292175-8857939,Top,1,S
407-5418865-4539558,Top,1,XXL
404-1928072-3697162,Set,1,L
171-8537032-8827519,Set,1,S
406-9148052-3237102,Top,1,S
404-1071673-9704353,Set,1,3XL
171-3500823-4626761,kurta,1,S
171-3584078-0448330,kurta,1,L
171-3584078-0448330,kurta,1,M
404-5814574-1755553,kurta,1,L
171-3835265-1559546,kurta,1,S
407-9242347-4646761,kurta,1,3XL
171-3579325-9491557,Set,1,XXL
408-6676676-4716359,Set,1,XL
404-4550155-8875549,Western Dress,1,L
408-9094055-5093938,kurta,1,XS
408-9094055-5093938,Set,1,XS
408-1086323-2914750,Set,1,S
402-4058023-3721160,Set,1,3XL
406-2431572-1501167,Western Dress,1,S
407-5111857-8521926,Set,1,S
403-0889834-6252350,Top,1,XXL
404-0281448-8491573,Blouse,1,S
404-0868537-5914706,Set,1,M
405-3250919-2218743,Set,1,L
405-1611554-1660346,kurta,1,3XL
171-0209394-6708374,kurta,1,3XL
404-7305168-7459537,kurta,1,XL
171-6967478-1154719,Western Dress,1,3XL
171-6967478-1154719,Set,1,3XL
404-3597565-8418755,kurta,1,XXL
171-3457676-5965917,kurta,1,L
405-8687856-5432307,Set,1,M
405-8687856-5432307,Set,1,M
405-8687856-5432307,kurta,1,M
407-9906061-5562701,Set,1,S
407-0271819-0266721,kurta,1,L
407-0302433-5860343,kurta,1,3XL
406-7222439-7032301,kurta,1,M
402-6247468-4355542,kurta,1,L
407-4579435-5700327,Set,1,XL
404-0357762-6292333,Set,1,XXL
404-8272818-8050727,Top,1,XL
406-0596838-0357141,Top,1,3XL
408-1857400-1478741,Blouse,1,S
403-7869065-2180363,kurta,1,XXL
405-6171069-6241105,Set,1,L
405-4607785-5367503,Blouse,1,M
406-7958588-8833105,Set,1,XS
406-7958588-8833105,Set,1,XS
403-1461327-6155510,kurta,1,XXL
408-9757640-2422746,kurta,1,XL
406-0088313-8609124,kurta,1,XL
171-5114973-3813910,Set,1,S
404-4368214-9968314,Set,1,3XL
404-4368214-9968314,Set,1,L
171-8667174-9531540,kurta,1,M
406-8893390-7200349,kurta,1,L
406-2657583-6569916,kurta,1,L
406-2170170-8189923,kurta,1,L
405-8378130-1572313,Western Dress,1,L
404-2073647-0896343,kurta,1,XL
407-0656905-3915521,Set,1,3XL
171-5705126-8075526,Western Dress,1,L
404-4688598-7126722,kurta,1,S
407-6874140-0452338,Set,1,3XL
404-5057616-1394750,kurta,1,L
408-1713903-3893117,kurta,1,L
404-1020218-8903507,kurta,1,XL
406-1828819-4592321,Set,1,XXL
405-5371913-2457909,kurta,1,L
403-6178755-8041127,Set,1,M
407-7817528-5762765,Set,1,L
408-4119169-0760311,Set,1,3XL
408-0070918-9835578,Set,1,XXL
402-0518870-4934769,kurta,1,L
407-8169030-0312339,kurta,1,XL
408-9737194-0949157,kurta,1,S
402-7805435-6849936,kurta,1,S
408-9631484-1780367,Set,1,M
406-1392387-2735517,kurta,1,M
405-1781940-2309142,Set,1,L
404-0108826-5693112,kurta,1,L
403-4460554-8550756,kurta,1,S
405-6096651-7844362,Western Dress,1,L
402-8551505-3498704,Bottom,1,M
405-8656345-0032331,Set,1,XXL
403-3991582-4718766,kurta,1,M
402-8504868-1916360,Western Dress,1,XXL
403-0934100-5866724,kurta,1,XL
402-6744587-2285143,Western Dress,1,S
402-3357999-6742739,Set,1,XL
408-6183236-6855564,kurta,1,XXL
403-6708046-3631506,kurta,1,M
171-1081347-9640320,kurta,1,XL
171-1081347-9640320,kurta,1,L
171-1081347-9640320,kurta,1,M
171-1081347-9640320,kurta,1,L
405-8052588-7833904,Set,1,M
408-4309766-7756345,Set,1,3XL
404-9755378-5673962,Blouse,1,M
405-6272267-3742725,Western Dress,1,XL
405-6272267-3742725,Ethnic Dress,1,XL
404-3727733-4221911,Western Dress,1,L
404-9543730-7829913,Set,1,S
403-8281710-2282749,Western Dress,1,XL
408-8031520-1837938,Set,1,S
402-5804473-4322726,Western Dress,1,S
404-4925569-6827504,kurta,1,M
407-8169546-6484350,kurta,1,3XL
405-3874203-0091529,kurta,1,XXL
402-0144166-4529913,Set,1,M
402-0144166-4529913,kurta,1,M
403-8291040-8983515,kurta,1,M
403-8896895-8597952,Set,1,3XL
407-8884464-8346737,kurta,1,S
408-6338771-4546748,Set,1,S
408-2296346-5876310,Set,1,XL
404-8579268-6769935,Top,1,L
171-1256887-3986766,Western Dress,1,L
402-6130117-1529914,kurta,1,L
403-5694442-3672305,kurta,1,XL
404-2416649-3718762,Set,1,S
403-1430778-2840336,Top,1,M
403-3344646-9752341,Set,1,L
407-7951404-2086757,Set,1,XL
408-6852591-2718759,Top,1,3XL
171-8747304-7382722,Western Dress,1,L
171-8494871-6353913,Western Dress,1,L
404-0107984-9215562,kurta,1,XXL
408-4434839-4001929,kurta,1,XXL
408-4598863-7028306,kurta,1,L
404-1517981-9451563,Set,1,M
402-4179556-4463506,kurta,1,XL
405-7271273-4365105,kurta,1,XXL
406-2722421-9647510,kurta,1,XL
171-4751815-6426722,kurta,1,3XL
171-4004708-1565135,Set,1,XL
403-5808165-1933914,Western Dress,1,S
402-5876901-8713956,Set,1,XXL
171-2430732-6680364,Set,1,XS
402-2961008-5620318,kurta,1,S
407-7862275-1084368,Set,1,M
404-7521243-9526756,kurta,1,M
408-7385606-2766742,Set,1,XXL
405-5487177-6768301,Set,1,XL
402-2384479-6653948,Set,1,3XL
407-3715150-3952343,Set,1,S
406-3221488-3999523,kurta,1,XL
402-1725788-0282743,Set,1,L
406-7604733-1878751,Top,1,L
404-2575128-6494724,kurta,1,XXL
403-8325979-2165935,Set,1,L
406-8084472-9435560,kurta,1,XS
404-8757294-2313109,kurta,1,XL
171-0432143-6775541,Set,1,M
407-4247865-7943527,Bottom,1,XXL
403-9299560-7157959,Set,1,L
402-5560458-9465129,Western Dress,1,L
402-5900566-7617922,Western Dress,1,M
402-5900566-7617922,Western Dress,1,L
406-0767485-9263531,Western Dress,1,3XL
402-1554701-4762760,Set,1,L
408-0799847-4861108,kurta,1,XS
406-0250347-3732319,Set,1,L
171-2132421-9669116,kurta,1,L
405-3645383-3318733,Set,1,L
407-6278420-9963539,Set,1,L
407-7678762-7113906,kurta,1,XXL
406-8941409-3420345,kurta,1,L
407-2775169-9387536,kurta,1,XL
403-9362315-3987531,Western Dress,1,L
408-7490422-7606714,kurta,1,3XL
404-9620598-8030741,kurta,1,M
404-9620598-8030741,Set,1,M
403-6203735-5046726,Western Dress,1,L
403-3345367-2945132,kurta,1,S
403-3345367-2945132,kurta,1,M
406-4141336-2485131,Set,1,XXL
171-6344657-3217936,kurta,1,XL
171-6344657-3217936,kurta,1,XL
171-6344657-3217936,kurta,1,XL
171-6344657-3217936,kurta,1,XL
407-3541568-1083529,kurta,1,XXL
408-5301100-8168329,kurta,1,L
402-5382246-6623543,kurta,1,XXL
403-8278715-8404363,Set,1,M
402-6020196-3437120,Set,1,M
403-9222648-3305914,Bottom,1,3XL
407-9700732-6027567,kurta,1,XL
408-0752305-9541159,Top,1,XL
408-0752305-9541159,Top,1,XL
403-8701460-8291536,Set,1,XXL
402-3958025-4591541,kurta,1,L
402-5679902-8440317,Top,1,M
408-1420699-5945168,Top,1,M
405-9102007-5688330,Set,1,3XL
405-9700262-7771514,Set,1,M
406-1212790-7827565,Western Dress,1,XL
406-7933758-8941910,Set,1,XXL
408-6635516-2361136,kurta,1,XL
408-3314495-6121932,kurta,1,S
408-8642257-0657100,kurta,1,M
171-2921907-3948350,kurta,1,M
407-3826854-7025104,Western Dress,1,3XL
404-1465728-1683519,Western Dress,1,3XL
404-4244334-0867550,Set,1,XXL
408-2008947-6609127,kurta,1,XL
407-0073534-1582750,kurta,1,L
171-1192913-3571535,kurta,1,L
402-2650494-4141926,Western Dress,1,S
402-2650494-4141926,Western Dress,1,S
405-2383052-5705140,Set,1,L
404-9984021-6534708,Top,1,M
406-7484262-5653912,kurta,1,XXL
408-5623004-6042722,Set,1,M
404-6961914-0829908,Set,1,XL
403-3929915-8709152,kurta,1,XS
407-4990073-3186721,Set,1,M
405-5485616-5052346,Set,1,M
408-0187324-2986712,kurta,1,XL
402-1026451-5759510,Set,1,XS
408-4331868-3855529,Set,1,S
404-5956522-9756362,kurta,1,XXL
403-8731000-4204337,Set,1,L
408-1376593-9370761,Set,1,S
403-5687831-6062721,Western Dress,1,S
403-0954036-0947537,Western Dress,1,3XL
402-8759053-1780306,kurta,1,L
404-0662093-9557140,Western Dress,1,3XL
404-0662093-9557140,Western Dress,1,3XL
404-9888780-8068355,Set,1,XXL
171-3034645-6497152,kurta,1,L
402-5032060-8208358,Set,1,XXL
406-1013299-4165113,Set,1,XS
406-1013299-4165113,Set,1,XS
407-5936770-0231530,kurta,1,L
404-9285674-8349165,Western Dress,1,S
406-5919564-7339529,kurta,1,L
406-5919564-7339529,kurta,1,L
171-4345519-3793169,Set,1,M
403-4681982-4428359,Western Dress,1,XXL
406-9583003-2797148,Top,1,3XL
407-0252141-8073951,Set,1,M
407-5348640-4881122,Set,1,XS
403-2224176-7250743,kurta,1,M
407-2033544-3390760,Set,1,XS
406-5381130-0800304,kurta,1,XL
404-0043972-3085150,kurta,1,XXL
407-0225323-4729123,Set,1,XL
403-1822042-7001969,Western Dress,1,L
171-1831298-0966719,kurta,1,M
171-1831298-0966719,Set,1,M
171-1831298-0966719,Set,1,S
403-2185404-2336307,kurta,1,L
403-8824984-7086700,kurta,1,XXL
403-1078580-4817145,Set,1,S
407-1009495-0829907,Set,1,XL
406-1777144-9705906,kurta,1,XL
403-0842292-6462719,Set,1,L
171-6549821-3727534,Top,1,M
402-7551402-0064368,kurta,1,3XL
402-7551402-0064368,kurta,1,3XL
407-8801117-6184302,kurta,1,L
407-4823803-4018765,kurta,1,M
408-4545334-7198702,Set,1,S
408-4545334-7198702,Set,1,S
403-7738448-8729936,Set,1,XL
403-2881657-1567539,kurta,1,XXL
171-7026969-1955542,Set,1,XXL
407-5455938-1827521,Set,1,M
407-4059940-2093101,Top,1,S
405-0972261-0557136,Blouse,1,XXL
403-3081937-2441957,kurta,1,XL
403-2354658-1433941,kurta,1,M
405-7400000-1326725,kurta,1,M
402-9762685-1705934,Set,1,S
408-0752231-2937957,kurta,1,M
406-1886682-4529904,Top,1,XXL
404-4294889-5122764,kurta,1,XL
402-6899015-5880305,Western Dress,1,3XL
402-0504618-6672305,Western Dress,1,S
406-5073411-7212363,kurta,1,M
407-9237037-8353956,Set,1,S
406-0965162-1101169,Western Dress,1,M
406-0965162-1101169,Western Dress,1,M
406-0050007-4068349,kurta,1,XL
404-7885715-9885913,Set,1,XXL
407-6172056-1253937,kurta,1,S
404-8541183-2625124,Set,1,XL
402-3456621-7581969,kurta,1,L
408-6340880-6094707,Set,1,XL
407-1964800-1205901,kurta,1,M
404-8350077-5573121,Set,1,XXL
405-2261920-9669157,Set,1,XS
408-6560852-1623540,Western Dress,1,M
405-1988429-8615553,Set,1,XL
402-7502663-3321144,Top,1,S
406-2867301-8923523,Set,1,XL
402-7468661-8112355,Set,1,3XL
405-7103241-0967559,Set,1,M
403-2236919-7921165,kurta,1,XL
403-2236919-7921165,Set,1,XL
405-4362927-6993104,Western Dress,1,M
408-5215808-0284337,Western Dress,1,XS
404-5444756-9738734,Set,1,XXL
406-3302384-2287537,Western Dress,1,XL
405-4594302-1006762,Set,1,L
407-1921580-2429119,Top,1,M
407-1258667-4915533,kurta,1,XL
403-9596092-3787501,Set,1,S
406-7862428-6072302,Set,1,L
406-7862428-6072302,Set,1,L
403-2611847-3226745,Set,1,S
407-6902250-0024315,Set,1,S
406-6719863-5017102,Set,1,M
171-4741572-2834757,Set,1,M
405-3159293-7011531,Western Dress,1,L
403-5400708-7343546,kurta,1,3XL
171-1463122-2822732,Western Dress,1,3XL
407-3837361-2380356,Set,1,M
406-4781734-9969902,kurta,1,XL
402-4216679-8410715,kurta,1,3XL
407-2711435-1038700,kurta,1,XL
404-7467019-7889168,Set,1,M
408-1590570-6285134,Set,1,XL
407-1186822-7366747,kurta,1,XL
408-7824755-0328369,kurta,1,3XL
171-8138253-4060329,Set,1,M
405-7621576-9237907,Set,1,XXL
408-6777093-2825108,kurta,1,XXL
403-0879173-8566705,Set,1,L
403-3306872-4608369,Set,1,M
403-4818789-8699529,Set,1,3XL
171-1329115-8901127,kurta,1,M
171-6502160-0706734,Set,1,S
404-7652396-4819546,Top,1,M
408-8093666-2245966,kurta,1,S
402-6035861-6647528,Top,1,S
408-0905747-4765912,Set,1,XS
171-7183489-4570757,kurta,1,L
403-7919404-8709921,kurta,1,XXL
402-3452672-6325958,Top,1,XXL
403-8857577-2836363,kurta,1,3XL
408-9757627-7233920,kurta,1,XL
406-4734155-5736312,kurta,1,3XL
408-5321252-2745128,kurta,1,M
404-6348225-0099538,Set,1,XXL
404-6348225-0099538,Set,1,XXL
404-4925457-9947535,Western Dress,1,M
402-9154602-8935558,Set,1,XL
406-4559503-6289167,Saree,1,Free
408-6336363-9547512,Set,1,M
405-1573807-9432352,kurta,1,XL
404-4839939-0293940,kurta,1,L
406-5169685-7521908,Set,1,L
408-4538075-9248344,Set,1,XL
406-3835821-6225158,Set,1,3XL
403-1043882-1951564,kurta,1,M
402-2789607-2289123,Set,1,M
406-3134410-7182756,Western Dress,1,M
407-9050249-4037951,Set,1,M
408-9448786-6697125,Set,1,XL
405-6945481-1672301,kurta,1,L
407-3315777-9588326,Set,1,M
171-9872460-1279528,Set,1,XXL
407-7472271-1271530,Set,1,L
407-9670919-0202713,Set,1,S
407-9670919-0202713,kurta,1,S
407-9670919-0202713,Set,1,S
407-9670919-0202713,Set,1,S
405-0239545-0239535,kurta,1,3XL
408-5361576-4423505,kurta,1,M
403-7675083-8489924,kurta,1,XXL
404-3068174-4109919,kurta,1,L
403-1477708-7915513,Set,1,M
403-8536508-1329149,kurta,1,S
406-2084284-7123558,Set,1,S
171-7798394-3929956,kurta,1,3XL
407-3596269-9449965,kurta,1,M
403-4747511-9038752,Western Dress,1,3XL
407-6326978-3124366,kurta,1,M
407-6326978-3124366,Set,1,M
407-6816354-1727540,Western Dress,1,M
171-5976824-0743515,Set,1,S
404-1974243-3546733,kurta,1,L
403-4367310-5116329,Set,1,XL
402-2502109-8716369,kurta,1,XXL
171-8207146-5751547,Western Dress,1,S
406-7050694-2861150,Western Dress,1,XL
406-3568103-0302767,Western Dress,1,M
406-8780265-8308369,Set,1,XXL
405-2643932-9980356,Set,1,3XL
407-9068577-8025957,Set,1,M
171-4686484-3631564,Set,1,S
405-5531165-8470751,Set,1,3XL
405-1239665-3093917,Set,1,XXL
403-5500574-6779500,Top,1,M
404-0145904-8103558,Set,1,L
406-5434558-7492369,Set,1,XXL
403-7913910-1289157,kurta,1,XXL
402-7343194-1365965,kurta,1,XXL
405-7460847-2251504,kurta,1,XL
408-9553867-3715507,Set,1,S
403-8757184-2265963,kurta,1,3XL
403-7347286-5789967,kurta,1,M
406-7440304-1743531,kurta,1,XL
406-1328313-9239546,Set,1,3XL
406-6801952-9116357,Set,1,M
405-0823572-6554727,kurta,1,XL
407-9739432-1926731,Western Dress,1,M
404-7877186-9349941,Set,1,L
407-2307742-1874747,kurta,1,XL
408-3215121-8732321,Set,1,L
405-8468998-3956340,Set,1,XXL
406-5148133-6952322,kurta,1,XXL
171-0007212-7125106,Set,1,M
171-3074826-5225968,Western Dress,1,XL
406-8430346-4413131,Top,1,M
404-9435991-8621138,Set,1,XXL
402-9136306-6832348,kurta,1,L
404-8684678-1216326,Set,1,M
402-6985311-7317965,kurta,1,S
404-1622467-5465927,Set,1,S
402-0857305-4994733,kurta,1,S
408-7045975-9437140,Blouse,1,Free
406-2078488-0086763,kurta,1,XXL
405-5701128-9935523,Western Dress,1,3XL
406-0871781-0973154,Set,1,XXL
403-9312637-5385963,kurta,1,XL
403-9312637-5385963,Set,1,XL
403-9312637-5385963,kurta,1,XL
403-9312637-5385963,kurta,1,XL
404-5150224-2620341,kurta,1,XL
405-2658277-9620324,kurta,1,XL
402-8176492-7009948,kurta,1,M
171-9988785-0180310,kurta,1,M
407-6828551-2274745,kurta,1,3XL
403-2183983-0597102,Set,1,M
408-2699855-8685164,kurta,1,XS
408-3251205-7585936,Western Dress,1,XXL
408-3251205-7585936,Top,1,XXL
171-9816474-1585942,Set,1,XXL
171-8833128-0245917,Set,1,M
403-1112469-2562766,Set,1,L
403-8212220-9702709,Set,1,L
171-4589374-5638767,Set,1,L
405-2456861-8630762,kurta,1,S
171-0711052-8197911,kurta,1,XXL
406-4255033-3126745,kurta,1,XL
406-4255033-3126745,kurta,1,3XL
405-3250963-6891545,kurta,1,M
171-1591402-5519549,Set,1,XXL
405-2773413-1611559,Set,1,L
408-2178720-6218731,Set,1,3XL
407-0272216-4448331,Set,1,XS
402-1147313-2137163,kurta,1,3XL
407-7083498-5045901,kurta,1,L
408-3486427-9121968,kurta,1,S
403-9269415-3193967,kurta,1,L
403-7502572-1081947,kurta,1,XL
403-7502572-1081947,kurta,1,XL
404-2085597-8113951,Western Dress,1,XS
406-0391888-3495511,Set,1,XL
408-7001719-5958766,Set,1,XS
402-6115790-1037907,Set,1,XS
402-6115790-1037907,Set,1,XS
407-8322366-0858740,kurta,1,M
408-1152430-1512328,kurta,1,XL
405-8267810-0909904,kurta,1,XL
406-0443345-9935566,kurta,1,L
405-5153943-4920342,Top,1,XL
406-0659763-0069149,kurta,1,3XL
407-3621827-5254764,Set,1,L
407-2340255-6732349,Top,1,XL
403-8723457-4971528,kurta,1,XL
403-8723457-4971528,kurta,1,XL
404-2489117-3223555,kurta,1,XL
406-6942334-7471561,kurta,1,L
171-8525748-8635552,kurta,1,L
405-2883476-2197147,Set,1,3XL
407-7734703-5504311,kurta,1,XL
171-0891041-5753916,Set,1,3XL
407-9037982-2598765,Set,1,M
407-6158790-7539543,kurta,1,S
171-9586946-5769119,Top,1,L
171-0495998-4051548,Top,1,M
408-6247371-8306745,Western Dress,1,XL
404-2068503-0153963,Blouse,1,S
407-4783824-3179548,Western Dress,1,L
406-9180298-3381157,Set,1,3XL
408-6772792-7250708,Set,1,L
403-6929253-3929930,Top,1,L
404-6367912-0362764,kurta,1,XL
171-8359265-3953967,Western Dress,1,S
406-2565113-4333123,Top,1,XL
407-7872918-1032320,kurta,1,XXL
404-4939082-7605967,kurta,1,M
408-0738760-2186709,Set,1,M
171-2681967-7344344,kurta,1,M
171-3394366-9937923,kurta,1,XL
403-0848665-3657905,Set,1,M
171-5444996-0803561,Set,1,XXL
171-6290636-5885108,Set,1,L
402-8103134-2975545,kurta,1,M
407-1517765-4423528,Set,1,XL
407-1517765-4423528,Set,1,XL
171-8014810-0792332,Set,1,XXL
404-7828365-9253921,Western Dress,1,S
171-3518787-2091554,Top,1,M
171-5422745-7337101,Set,1,XL
402-1111229-8054733,kurta,1,L
402-1111229-8054733,kurta,1,L
402-1111229-8054733,kurta,1,L
402-1111229-8054733,kurta,1,L
402-1111229-8054733,Set,1,L
402-1111229-8054733,kurta,1,L
402-1111229-8054733,kurta,1,L
402-1111229-8054733,kurta,1,L
403-3962912-3705915,Set,1,M
405-5671677-5271533,kurta,1,XXL
171-7595589-8793121,Set,1,M
402-6689809-9725921,Western Dress,1,XL
407-8765481-4037109,Set,1,XXL
408-9674882-0037123,kurta,1,XXL
403-0025177-0404350,kurta,1,XL
404-9137653-0480343,Western Dress,1,3XL
403-4308865-5428340,Set,1,L
403-5591524-7350702,kurta,1,L
404-8160613-3576303,kurta,1,M
405-8737894-3845956,Set,1,XXL
403-2199648-6945956,kurta,1,XXL
402-7014421-9933913,Set,1,M
403-6577988-3569157,kurta,1,S
406-9760963-0875508,kurta,1,XL
407-7774110-1271542,kurta,1,S
408-8161906-9637904,Set,1,XS
405-1152878-3925941,Set,1,M
405-2616017-8614737,Western Dress,1,XS
406-1321929-7607510,Set,1,M
404-5030167-9516335,Set,1,L
408-6369769-6566736,Set,1,XL
402-6603779-5883542,Set,1,XL
408-6449629-9567529,Top,1,M
171-5638293-6288337,kurta,1,3XL
406-1227967-8808305,Western Dress,1,M
402-8854257-7847550,kurta,1,S
406-1468529-6005941,Western Dress,1,M
406-7614000-4954762,kurta,1,M
407-6232107-3473119,kurta,1,S
407-6232107-3473119,kurta,1,S
408-2873927-4965105,kurta,1,XXL
407-4878618-0733148,Set,1,XS
402-9250240-8223501,Western Dress,1,S
402-9250240-8223501,kurta,1,XS
408-0015427-7931514,Set,1,XL
402-8785218-7985146,kurta,1,S
402-8785218-7985146,kurta,1,M
404-7784763-1623508,Set,1,XS
171-7200514-9364301,kurta,1,XXL
171-7200514-9364301,kurta,1,3XL
405-8511131-2119502,Set,1,3XL
171-1027584-1790721,kurta,1,S
406-9871687-2604316,Set,1,L
408-4733012-5615508,Western Dress,1,M
406-7847690-9590700,Top,1,M
406-0028206-9155569,Western Dress,1,3XL
408-4753447-1732309,Set,1,3XL
403-3095791-8529129,Set,1,L
408-3323509-2309138,kurta,1,XL
403-3702411-4086715,kurta,1,XXL
402-0742446-5384354,kurta,1,M
407-7472626-6746708,Western Dress,1,M
403-0479502-4665961,Set,1,S
405-0959254-1657901,Set,1,M
407-9296622-9195529,Set,1,XS
407-7934245-0100368,kurta,1,M
171-6057281-8765125,Set,1,XS
405-6116164-6853144,Western Dress,1,XL
403-0160745-8234767,kurta,1,M
408-3888699-8608358,kurta,1,M
171-0932220-9581145,kurta,1,M
404-1100832-7869957,kurta,1,S
408-8875222-2562756,kurta,1,XXL
408-8875222-2562756,kurta,1,XXL
171-6831801-4433951,kurta,1,3XL
406-7452375-5850719,Set,1,M
403-3668941-5671564,Set,1,S
404-9108517-6113135,Set,1,XXL
404-9410867-4609167,Set,1,XL
171-5288883-5137129,Western Dress,1,L
405-7275557-4713122,Set,1,L
408-9151046-4572329,kurta,1,L
402-9212131-0226754,kurta,1,XL
402-9212131-0226754,kurta,1,XL
402-9212131-0226754,kurta,1,XL
407-6199785-2150743,Set,1,XXL
408-8238375-8190733,Set,1,S
171-2552985-5680303,kurta,1,XXL
407-9014878-0409963,kurta,1,XXL
402-1005926-5634729,kurta,1,M
407-7661326-5979553,kurta,1,3XL
405-7703615-3393166,kurta,1,XXL
407-3569816-2588338,Western Dress,1,M
171-1497389-0950758,Set,1,3XL
402-0549701-6833110,Set,1,XS
403-3911168-6656318,Set,1,XXL
402-0743390-0222726,Western Dress,1,M
408-3425727-6153954,kurta,1,3XL
406-5138253-8085153,Set,1,XS
407-0729408-3197113,kurta,1,XXL
406-8357423-0661918,Set,1,L
408-2158492-2842704,kurta,1,XXL
405-8553615-9277940,Set,1,XS
404-8430887-4295521,Set,1,XL
407-8388866-5036330,kurta,1,L
406-9389753-3996365,Set,1,3XL
402-1915984-9954757,Set,1,M
171-5204365-4585147,Set,1,XXL
408-1273267-7221902,kurta,1,S
405-6515266-1833934,Set,1,XXL
403-4236427-0796347,Set,1,XXL
407-3731933-2865155,kurta,1,M
405-6537674-1015554,kurta,1,3XL
408-5070526-9358762,kurta,1,S
405-5258553-3738750,Set,1,L
407-3708814-7589961,kurta,1,XL
407-3708814-7589961,Top,1,XL
403-2537670-8843544,kurta,1,XL
171-4777910-3781159,kurta,1,L
403-5550039-1079533,kurta,1,XL
405-4612293-4346704,kurta,1,XS
405-4612293-4346704,Set,1,XS
407-3696059-7374707,Set,1,M
171-5104007-9041144,kurta,1,L
406-2806199-3255536,kurta,1,XL
406-1410213-5154732,Set,1,XXL
404-2456551-6125124,Set,1,S
408-9275256-9596302,kurta,1,L
171-5170733-7855514,Set,1,XS
403-8137343-5206760,Set,1,XS
171-2918708-7197155,Western Dress,1,XXL
405-1938284-0644303,Set,1,M
407-3380164-1718704,Set,1,L
406-0428193-7840349,kurta,1,XL
408-0473284-3290751,kurta,1,XL
171-4491726-4085168,Western Dress,1,M
407-7380395-0205121,kurta,1,3XL
171-6917516-6577936,Western Dress,1,L
403-0949485-6828354,kurta,1,M
408-7780624-3058742,Set,1,M
403-2159400-7227525,Set,1,M
405-9676880-0277122,kurta,1,XL
171-2767130-3067568,Top,1,3XL
171-5962286-5829167,kurta,1,M
406-5898139-8553139,Set,1,M
405-8988614-9555529,Set,1,S
407-8305274-1905967,Set,1,XXL
407-4476329-7662734,Set,1,XL
407-9066042-2094719,Top,1,S
405-2236327-3757925,Set,1,M
406-8165256-0009921,Set,1,M
171-5149683-2385119,Western Dress,1,M
402-1212914-1393964,Set,1,S
406-6543494-4774752,Set,1,3XL
171-3131411-7629139,kurta,1,XL
404-3510576-4372315,kurta,1,XL
171-2895048-5853905,Top,1,M
171-2895048-5853905,kurta,1,S
403-7830957-4518757,Western Dress,1,M
406-2656422-2108325,Top,1,XL
171-0912279-4848361,kurta,1,XXL
408-7172141-9559513,kurta,1,XXL
404-4371659-4673159,Western Dress,1,S
404-8990006-3785960,kurta,1,XL
403-8123810-5750750,kurta,1,M
404-1458178-3026747,kurta,1,3XL
406-7381766-5195518,Set,1,M
407-4749168-6782729,Set,1,M
408-6328846-8200307,kurta,1,3XL
408-6328846-8200307,kurta,1,3XL
403-2785319-0936350,Set,1,M
404-8452647-5079502,Western Dress,1,L
171-1287213-5108361,Western Dress,1,L
403-4855840-0452350,Set,1,XS
407-7402589-4482720,Western Dress,1,L
408-4906294-3358766,Set,1,M
403-0280928-4129929,kurta,1,XXL
403-0280928-4129929,kurta,1,XL
407-0713317-5737952,kurta,1,M
407-9077735-7250707,Bottom,1,XXL
407-3100084-5286735,Set,1,XL
405-2619902-9426753,kurta,1,M
405-2619902-9426753,kurta,1,M
402-5656410-6556311,Set,1,S
405-4175835-0413133,Set,1,M
408-4496485-1017917,Set,1,XXL
171-6947336-2847524,kurta,1,3XL
171-9946092-6261964,kurta,2,XXL
403-4661283-3935532,Set,1,XS
403-4661283-3935532,kurta,1,XS
408-5481859-5329151,Set,1,3XL
403-1918482-1109159,Set,1,XL
402-7603755-3931517,Set,1,L
402-7070594-7591532,Set,1,L
402-7070594-7591532,kurta,1,L
407-3808386-0623504,Western Dress,1,XXL
407-3808386-0623504,Western Dress,1,XXL
407-3808386-0623504,Western Dress,1,XXL
407-3808386-0623504,Western Dress,1,XXL
407-3808386-0623504,Western Dress,1,XXL
407-6074198-1231565,Set,1,3XL
402-1402557-3303539,Set,1,L
404-1523685-1769916,kurta,1,M
402-7684139-3153947,Set,1,XL
402-4295208-4441160,kurta,1,3XL
407-2973211-2741114,Top,1,S
403-7966852-8084348,kurta,1,XL
402-2018377-6920306,kurta,1,XXL
406-4513548-6761965,Set,1,L
406-8690676-1769962,Set,1,XL
408-7056698-6594733,Set,1,XL
402-6167517-7753130,Set,1,XS
407-2177197-8709120,kurta,1,3XL
408-9314379-4069942,kurta,1,S
407-3874985-9286739,Western Dress,1,XL
403-7972968-6895536,kurta,1,XL
404-0218339-3231503,Set,1,XL
405-3903457-8356356,Set,1,3XL
406-2169680-8637961,Western Dress,1,XS
406-2169680-8637961,Western Dress,1,XS
408-1377261-7555564,kurta,1,M
171-3321864-2494758,Set,1,L
406-3585365-5798714,Ethnic Dress,1,3XL
404-1064920-6084312,kurta,1,XL
403-5452753-6166743,Set,1,M
402-2621303-3587507,Bottom,1,M
403-0809639-1147515,kurta,1,S
403-5576051-4944367,kurta,1,XL
403-3114860-7219527,kurta,1,XL
405-8449227-4478730,Western Dress,1,XL
408-3342130-3602730,Set,1,XXL
408-3342130-3602730,kurta,1,XXL
403-5089088-4554748,Set,1,XXL
407-0647262-7218726,kurta,1,M
171-3420364-7601128,Set,1,S
407-9888774-7779540,Set,1,3XL
408-3694368-1509921,Set,1,XS
406-8799259-1348368,kurta,1,L
404-3217378-7080364,kurta,2,M
404-5144067-7236336,Set,1,XXL
405-7934331-6475561,kurta,1,XS
171-6289604-8627504,kurta,1,XXL
407-2016916-1837104,Set,1,XXL
171-5704010-2445147,kurta,1,XXL
405-8951760-6433961,kurta,1,M
405-8951760-6433961,kurta,1,M
405-8951760-6433961,kurta,1,M
405-8951760-6433961,kurta,1,M
408-9908799-6315554,Set,1,L
171-4924470-2869143,Set,1,M
406-6153773-9768317,Top,1,M
405-4098158-7719502,kurta,1,XXL
402-7905131-3421925,Set,1,XXL
403-4082782-1340300,kurta,1,M
408-6160463-4791524,kurta,1,XXL
406-9793484-3932306,kurta,1,XL
406-9793484-3932306,kurta,1,XXL
402-3068426-7909948,Western Dress,1,XL
408-6555965-0631544,Set,1,L
402-2633614-7525923,Set,1,3XL
402-1342594-2966705,Set,1,M
408-5449076-0911506,Western Dress,1,L
408-2034748-2219569,kurta,1,M
402-3865527-7709124,kurta,1,XL
402-2920360-0260304,Set,1,XXL
406-4348716-4674754,kurta,1,L
402-4893806-0504328,Set,1,3XL
407-8541687-9479545,Set,1,M
404-3520526-1325941,Set,1,3XL
407-6491188-6216304,kurta,1,XL
408-5980703-7358759,Western Dress,1,L
406-9706625-3621955,kurta,1,S
402-6478654-4653914,Top,1,XS
404-0474038-2425156,Set,1,XS
408-5816787-1285153,kurta,1,M
408-1820281-8921134,kurta,1,3XL
408-1820281-8921134,kurta,1,3XL
171-7725665-3681924,kurta,1,L
404-9453702-2078766,Set,1,3XL
404-0369450-2838705,Set,1,M
408-2145947-6270723,kurta,1,XXL
408-3701713-2221158,Set,1,XXL
406-6073591-4409943,kurta,1,XL
406-8753631-2746716,Set,1,3XL
408-2955502-9709129,Set,1,M
402-9153567-0453905,kurta,1,S
408-9303099-7715563,Set,1,XL
407-7788050-1741929,Set,1,XL
171-9663266-9993164,Blouse,1,XXL
404-4253864-4851567,Set,1,M
404-2085477-8385110,kurta,1,XL
404-2085477-8385110,kurta,1,XL
404-2085477-8385110,Set,1,XL
407-6207281-9653960,kurta,1,M
403-7199544-4181129,Set,1,S
402-7480846-6440319,Set,1,3XL
406-6661039-9621960,kurta,1,XXL
171-1810107-0394703,kurta,1,XXL
404-2535013-0085165,kurta,1,S
402-5927132-6721165,Set,1,3XL
407-2304693-8413149,Set,1,M
407-3683734-4846713,kurta,1,L
406-1767383-7310707,kurta,1,XL
404-7342675-8093969,Set,1,M
408-6633745-5246731,Western Dress,1,L
171-2973528-5962766,kurta,1,M
407-3744804-6595553,Top,1,XS
171-9471875-8765902,Set,1,S
404-6015640-0777968,Set,1,XXL
171-5993402-0465956,Set,1,XS
171-5993402-0465956,Set,1,XS
406-5240624-6876343,kurta,1,XL
403-0370289-9545101,Set,1,S
407-3926633-4598758,kurta,1,3XL
408-1240891-0134703,kurta,1,XXL
405-1958272-5217959,Western Dress,1,XL
405-3225176-7313105,Top,1,XS
408-5590650-1335511,kurta,1,L
408-5622920-6969923,kurta,1,XXL
408-9516731-5749923,Top,1,3XL
408-8937410-8713945,Set,1,S
404-0510649-9881137,Set,1,M
408-6962595-0176315,Ethnic Dress,1,M
405-5030877-0235541,Set,1,XXL
404-4213664-1212328,kurta,1,XL
408-8029146-8949107,Set,1,3XL
407-1456366-4382714,kurta,1,M
407-7558718-9923537,Set,1,XL
171-9082403-9911512,Set,1,XXL
404-4247115-4590734,Set,2,XS
407-9354663-9250712,kurta,1,S
405-4393945-3433154,Blouse,1,XL
405-4393945-3433154,Blouse,1,L
402-5795263-4985124,Set,1,L
407-1385573-1138732,kurta,1,XL
404-6249674-6669947,kurta,1,L
404-6249674-6669947,kurta,1,L
404-5511629-7453925,kurta,1,XL
402-7631750-0201912,Set,1,XXL
171-6999205-0837916,Ethnic Dress,1,S
408-3347248-7607545,kurta,1,M
402-3913844-5235537,Set,1,XS
403-3031058-6946751,Set,1,L
402-9318071-9476354,Set,1,XS
406-0365423-2961938,kurta,1,XL
408-4644445-6945120,kurta,1,L
408-4644445-6945120,kurta,1,L
402-8307480-9249911,Set,1,3XL
171-3305076-3097137,Ethnic Dress,1,3XL
171-1654673-8873926,kurta,1,L
405-1165355-1453936,kurta,1,XL
404-2796065-2620355,Set,1,3XL
402-5000861-3102749,Set,1,S
406-0526450-5872308,Set,1,XL
407-7061441-7986753,kurta,1,3XL
407-2213558-0565905,Set,1,M
404-7484704-4730732,Set,1,3XL
404-3267816-3449919,kurta,1,XXL
407-3320953-8385141,kurta,1,XXL
407-2302183-9479539,Set,1,L
404-4067908-5761924,Set,1,3XL
407-5686938-4217939,kurta,1,M
406-0750764-2290749,kurta,1,XL
406-8030875-9384350,Set,1,XL
406-8236094-0319538,Top,1,XXL
171-2716967-8824303,kurta,1,L
405-6637804-9242704,kurta,1,L
408-9977585-7668369,Set,1,XL
404-9594950-5186758,Set,1,M
402-8956595-2278765,Set,1,M
404-3772327-2321128,kurta,1,XL
407-5993656-5559540,Set,1,XXL
408-8573399-1409148,Set,1,S
405-4517564-9273151,Top,1,XL
404-3586394-6323557,Set,1,3XL
403-8822033-8991508,kurta,1,XL
402-6257651-1337140,Set,1,XXL
402-6257651-1337140,Set,1,3XL
402-9615566-4521101,Top,1,XL
406-1934600-3634748,Set,1,S
403-4835623-0877963,Set,1,XL
403-3685818-5350744,Set,1,L
407-7233449-8725920,kurta,1,S
171-0873854-4445108,Set,1,3XL
406-3900191-4397915,Set,1,S
171-0980701-4657917,kurta,1,M
403-9653672-3420317,kurta,1,XXL
407-3728242-0149940,Top,1,M
406-4578792-6803533,Set,1,XXL
408-6689398-7317118,Set,1,XL
406-5137834-7657913,Set,1,M
406-5137834-7657913,Set,1,M
404-8022003-0829909,kurta,1,M
406-5738387-4933150,Set,1,XL
404-9519609-3825908,kurta,1,L
408-8178796-3855548,Top,1,XXL
403-7814489-3749116,Set,1,L
405-4589341-8417917,Set,1,XS
407-0337938-7417964,Set,1,S
402-0361560-1738711,Blouse,1,XL
405-3473535-8705923,Set,1,L
407-3285913-6845102,kurta,1,S
403-8380090-4100347,Set,1,3XL
404-5968973-9994738,Set,1,XXL
405-6140921-2286702,kurta,1,3XL
405-6140921-2286702,kurta,1,3XL
405-3112703-4780356,Set,1,XL
404-4772398-5925137,Western Dress,1,M
406-4443628-9011564,Set,1,XL
408-4598956-1386764,kurta,1,3XL
405-7248434-8661959,kurta,1,3XL
405-7858604-2619551,Set,1,XS
403-5373732-5400327,Set,1,M
407-7667285-9221904,kurta,1,M
403-9918037-8853137,Top,1,L
402-3601066-1453118,Set,1,L
406-1461143-6884354,Western Dress,1,3XL
403-6134469-5755561,Set,1,XXL
408-1484263-6383516,Western Dress,1,S
171-5806044-8213162,Set,1,M
402-0820760-2259543,kurta,1,XL
408-8279950-9369963,kurta,1,S
404-0712886-0651551,kurta,1,3XL
407-5807730-1654758,Western Dress,1,S
406-6059341-6862709,Top,1,M
406-2065678-5426706,Western Dress,1,XS
171-7424116-0576318,Blouse,1,XL
408-3497137-4297134,kurta,1,XL
171-8054421-0928369,Set,1,XXL
404-0286189-3305943,Set,1,XS
171-1271431-5842732,Western Dress,1,L
404-0550823-8990708,Set,1,L
171-0849697-1883522,kurta,1,M
171-0849697-1883522,Set,1,M
403-9111192-1144301,Western Dress,1,M
402-0021911-4061965,Set,1,M
408-1682072-9186722,kurta,1,L
406-1088314-3175518,kurta,1,XS
407-8746957-5689956,kurta,1,3XL
407-4588021-2538725,Set,1,M
402-0832662-2060350,kurta,1,L
403-9626324-1921920,kurta,1,L
405-8798071-5204306,kurta,1,XL
402-1993308-9077166,Western Dress,1,3XL
408-7168366-1850769,kurta,1,XS
403-0580835-7241910,Top,1,M
407-5845735-7250716,kurta,1,XXL
171-3115207-7893909,Set,1,XXL
406-6890705-8062767,Set,1,XL
171-8051530-4901134,kurta,1,XXL
171-8051530-4901134,kurta,1,XXL
171-8051530-4901134,kurta,1,XXL
403-1325250-6771503,kurta,1,3XL
403-1325250-6771503,Set,1,3XL
171-9987429-7272306,Set,1,XL
406-1335981-6902752,Western Dress,1,XXL
403-3396047-3189169,kurta,1,M
404-6466299-1166732,kurta,1,M
402-6374101-5662755,Set,1,XXL
171-6016017-1142742,Western Dress,1,S
402-2545586-0359521,Set,1,L
405-2061285-2632325,Set,1,XXL
406-4743931-9209122,Set,1,M
405-5423581-2385952,Western Dress,1,3XL
405-5423581-2385952,Western Dress,1,3XL
402-0135366-3180343,kurta,1,XXL
402-0026597-4760337,Set,1,XL
403-2210251-0080325,Set,1,XS
404-2393478-0347566,Western Dress,1,XL
406-4289057-6214747,kurta,1,M
407-6440006-3033139,Set,1,S
405-1378173-0328355,kurta,1,L
408-6968805-7408344,Set,1,XL
171-1695152-5853968,kurta,1,XL
403-4254837-9978730,Set,1,L
403-3617932-6209108,kurta,1,XL
408-1979894-5356345,Set,1,XL
408-5426151-4037137,kurta,1,S
405-8663714-7616341,Set,1,M
407-7064440-5027535,kurta,1,XXL
407-9715207-7065948,kurta,1,3XL
404-9318986-8156310,Set,1,L
408-3208270-6019505,kurta,1,XL
408-0198799-4509949,Set,1,L
405-9238285-2479559,Set,1,3XL
403-6748101-3228335,Set,1,L
408-5559220-3678720,Set,1,XS
404-0543456-1265969,Set,1,XS
408-3256624-8007550,kurta,1,XL
404-2144071-2196348,kurta,1,XXL
405-3373111-1549107,Set,1,XXL
403-1095708-7685933,Top,1,XXL
402-5172216-1859563,kurta,1,3XL
408-5650002-0277909,kurta,1,3XL
406-1790140-9217109,Set,1,L
406-1790140-9217109,Set,1,L
406-4788925-2006707,kurta,1,L
402-8974025-9525110,Set,1,M
405-7880310-3215500,Set,1,XXL
403-6418825-2281141,kurta,1,3XL
171-3631275-0181969,Set,1,S
402-5337686-3717138,kurta,1,L
405-4407887-3374728,Set,1,L
408-2123494-2738765,Set,1,L
408-6999958-1871563,Set,1,XS
403-2359306-1876321,Set,1,XL
406-1124684-7285104,Set,1,XXL
407-4834704-0245143,Set,1,M
171-6113595-2365936,kurta,1,XL
408-2721659-7799549,kurta,1,XL
406-4685665-4246746,kurta,1,XL
404-3850270-9000336,Set,1,L
171-5907026-7070714,Set,1,3XL
171-5907026-7070714,Set,1,3XL
406-3843944-0926755,kurta,1,L
404-4203208-1042758,Set,1,XS
407-8639109-7048360,Set,1,S
408-6648546-4097901,Set,1,L
403-3417855-3113929,kurta,1,XXL
171-2155816-2950751,Set,1,XXL
404-0343985-9805936,kurta,1,XL
404-7172757-2090740,kurta,1,L
404-7172757-2090740,kurta,2,S
407-3405722-0305957,kurta,1,XL
405-2273952-6752344,kurta,1,3XL
405-4239064-1143565,kurta,1,3XL
407-0568426-3498730,Set,1,L
407-7006440-8623506,kurta,1,XS
407-0777305-1526737,kurta,1,XL
402-4481826-1161933,kurta,1,L
407-0903639-8540349,Set,1,M
408-4289556-7145946,Western Dress,1,3XL
406-4209811-4425949,Top,1,M
402-7109766-9131503,Set,1,M
403-8370802-3761906,Western Dress,1,L
406-9002076-4152331,Western Dress,1,3XL
406-9002076-4152331,Western Dress,1,XXL
406-9002076-4152331,Set,1,3XL
406-9002076-4152331,Western Dress,1,3XL
406-9002076-4152331,Western Dress,1,3XL
406-9002076-4152331,Set,1,3XL
406-9002076-4152331,Western Dress,1,3XL
406-9002076-4152331,Western Dress,1,3XL
406-9002076-4152331,Western Dress,1,3XL
402-5299189-6143545,Set,1,L
405-4542809-0826710,kurta,1,3XL
171-6714930-4099535,Set,1,XS
406-1937367-3223557,kurta,1,M
403-2171692-6283568,kurta,1,L
403-7122777-1392326,kurta,1,L
171-7397004-5958758,kurta,1,M
402-1443880-5269159,Set,1,XXL
406-6314156-9425966,kurta,1,L
404-6098372-3800352,Set,1,3XL
406-8251107-7199569,kurta,1,M
406-8251107-7199569,kurta,1,M
405-2292787-1377158,Set,1,L
171-2619793-4056307,Western Dress,1,XXL
171-8319262-3821113,Western Dress,1,3XL
402-0461769-2550724,Western Dress,1,XS
403-6186520-2588311,Set,1,M
404-5367430-3216358,Set,1,3XL
171-0092855-3193917,Western Dress,1,XXL
404-1502277-8390726,Blouse,1,S
405-5857781-1311550,Top,1,XXL
407-8596227-1048327,Saree,1,Free
408-0604513-6145961,kurta,1,S
171-1561056-4214708,Top,1,3XL
408-0275798-1518728,Set,1,XXL
404-3246150-1328332,Western Dress,1,XL
403-8865965-3603505,kurta,1,XS
407-2977734-8935551,kurta,1,XL
402-4811723-8120352,Top,1,XL
406-6363692-1098703,kurta,1,XXL
407-6031578-0955558,Set,1,L
403-6607891-9657923,Set,1,S
407-1898384-6992359,Set,1,XS
408-7743743-9873159,kurta,1,M
405-0049217-8183567,Set,1,M
404-7115896-2633914,kurta,1,XXL
402-5702022-6373104,Western Dress,1,L
408-7531811-5181909,kurta,1,XL
403-8721659-8770734,kurta,1,3XL
407-6762966-4557141,kurta,1,3XL
408-4474280-7961932,Set,1,M
407-5284590-7575509,Western Dress,1,XS
402-2949582-3114758,Set,1,XXL
171-2313879-8906743,Set,1,XL
171-6318037-9853127,Set,1,XS
408-3076115-2069104,kurta,1,L
405-7853737-6886717,kurta,1,XL
407-0643427-7513906,Set,1,M
407-6758038-1159519,Set,1,XXL
406-4263750-8013928,Top,1,S
171-2173619-7068311,Set,1,M
406-2452948-4622732,kurta,1,L
407-8459538-9696307,Set,1,XS
408-6633707-3267528,kurta,1,XXL
408-4189301-6942767,kurta,1,XL
404-8556306-7061163,kurta,1,L
404-8556306-7061163,kurta,1,XXL
404-8556306-7061163,kurta,1,XL
171-7991329-0241929,Set,1,M
403-1415868-5945968,Set,1,XL
171-3983583-1376318,kurta,1,XL
406-6107850-7352309,kurta,1,XL
406-6107850-7352309,Ethnic Dress,1,XXL
406-6107850-7352309,Set,1,XXL
407-5505786-5869161,Top,1,XS
405-9463472-5756301,kurta,1,L
408-7487157-1395503,kurta,1,3XL
404-2855878-3261142,Set,1,XXL
403-4276779-5776312,kurta,1,L
408-2506473-3834708,Set,1,S
403-5274326-8031512,Set,1,3XL
171-7623671-1599532,kurta,1,M
403-8811883-3035552,Set,1,M
407-5858969-8448363,kurta,1,M
407-6508085-6413143,Set,1,S
171-6717487-2409965,Set,1,XS
171-0514349-3842768,Set,1,XXL
406-3332343-7218703,Set,1,XS
171-8860984-7057961,kurta,1,XS
405-5516773-2306747,Top,1,M
407-1113329-2517942,kurta,1,XL
171-1751550-2062730,Set,1,XXL
406-0268439-6024326,kurta,1,L
407-3672094-5473104,kurta,1,M
403-1440566-2066759,Set,1,S
403-1440566-2066759,Set,1,S
403-9087848-4685139,Set,1,S
405-4094539-2422735,kurta,1,XXL
171-0608102-3344357,kurta,1,XXL
405-6469324-3857949,Blouse,1,S
404-5906576-2050720,kurta,1,L
406-3579267-6698760,Top,1,S
403-7201418-2809122,Western Dress,1,XS
407-1740259-4321957,Western Dress,1,M
402-8400736-2933945,Set,1,M
408-9674851-5237131,Set,1,M
408-9674851-5237131,Set,1,M
405-0822668-2297940,kurta,1,M
403-2928157-3749110,Western Dress,1,L
407-2306796-6507533,kurta,1,S
403-0055389-3109114,Set,1,M
406-0140331-1031521,Set,1,XXL
405-7609447-1991562,Set,1,L
403-1789240-5812314,Western Dress,1,L
404-5616772-1306739,Set,1,M
408-5784231-1303563,kurta,1,3XL
402-6582710-4402715,Western Dress,1,L
405-8265834-2019552,Western Dress,1,S
405-9223604-2895505,Set,1,L
171-5515279-4859524,kurta,1,L
408-7879608-8045154,kurta,1,XS
171-1604908-0705945,kurta,1,L
408-9252782-9305149,kurta,1,L
405-1599019-9465917,kurta,1,L
404-6636573-5455548,Top,1,3XL
405-1717507-4833962,Western Dress,1,3XL
405-5176426-5997168,Western Dress,1,3XL
408-6443319-0758746,Set,1,L
408-5403441-7458757,kurta,1,3XL
402-8374812-1533900,Set,1,XXL
408-5989403-9321135,Set,1,M
402-9026235-8061113,Western Dress,1,XXL
406-9769754-1485105,Western Dress,1,XL
406-9769754-1485105,Western Dress,1,XL
403-0469881-6300300,kurta,1,S
403-3681649-8382750,Set,1,M
402-0667616-7389104,kurta,1,M
408-6804479-3975507,Set,1,M
407-5717197-8449915,Set,1,XS
403-4656197-3577941,kurta,1,L
408-2230557-6356369,kurta,1,M
407-2739881-9645957,Set,1,3XL
408-2450759-1507566,Set,1,L
404-9070014-1865926,Set,1,XL
406-4968714-2842734,kurta,1,L
406-4968714-2842734,kurta,1,L
406-4968714-2842734,kurta,1,L
406-4968714-2842734,kurta,1,L
407-3018043-2440315,kurta,1,L
402-3191850-5042765,kurta,1,S
171-6354914-5481168,kurta,1,S
171-9392337-0642759,kurta,1,3XL
406-6056953-4196359,Set,1,L
402-8249323-7057946,Set,1,M
402-8806443-2757122,Western Dress,1,3XL
402-8806443-2757122,Set,1,M
407-1160176-9483513,kurta,1,3XL
406-9337167-3378733,Western Dress,1,M
408-5769876-3207532,Western Dress,1,XS
402-7620991-2098739,Set,1,M
408-6561851-7993926,Set,1,M
402-5108099-4292344,Set,1,3XL
407-1988483-9693951,kurta,1,M
404-9273211-0724339,Ethnic Dress,1,XXL
404-7544673-6835568,Set,1,S
403-6176534-4289937,kurta,1,XL
171-2558524-7975525,Set,1,3XL
408-9529971-4202735,kurta,1,M
406-1369623-1984362,Set,1,3XL
171-7872012-5057163,Western Dress,1,XL
407-2993447-2560362,kurta,1,S
402-7160245-1790764,kurta,1,3XL
404-0666105-3601963,kurta,1,3XL
402-6652330-6817942,Set,1,M
405-1478438-4790741,Set,1,M
406-2857292-8193966,kurta,1,XL
408-7895539-5456358,kurta,1,XS
403-6510905-4842722,kurta,1,3XL
403-9331854-8761960,Western Dress,1,L
171-4447739-0953129,kurta,1,M
171-6092740-7321121,Top,1,XXL
403-8493692-2797905,Set,1,L
403-3751531-5225915,Set,1,M
404-1943529-1201954,kurta,1,XXL
408-3135844-5659522,Set,1,3XL
408-5999153-2785923,kurta,1,XS
406-9416652-3100347,Set,1,3XL
408-7622627-2189166,Western Dress,1,3XL
407-0008101-1071512,Set,1,XS
407-2801932-4210736,Set,1,XXL
408-3566781-1126716,Western Dress,1,L
404-2749320-1121968,Set,1,L
404-6589908-8829131,Set,1,XXL
407-4578416-6637914,Top,1,L
405-7638960-8592347,Western Dress,1,XS
405-7749342-7316331,Set,1,L
405-3596304-5102746,Western Dress,1,XL
404-3699689-5069950,kurta,1,XXL
405-3570441-6309904,Top,1,XXL
408-2736639-7747523,Top,1,L
408-4798027-4181939,kurta,1,3XL
405-2375069-2985168,kurta,1,S
405-5596594-3346703,Set,1,M
403-6965788-2715558,Set,1,3XL
405-1910577-9945965,kurta,1,XXL
171-2492819-5287558,kurta,1,XS
406-3899397-5904323,Western Dress,1,S
406-8649792-8089149,kurta,1,XS
406-8649792-8089149,Set,1,XS
408-5472102-5373957,kurta,1,XL
171-8523305-6037964,Set,1,XS
406-8004576-8981108,kurta,1,S
406-8004576-8981108,kurta,1,S
405-7373797-6020341,Top,1,XXL
406-8884298-8020359,kurta,1,L
405-6638047-5985921,kurta,1,XL
405-7803678-3333160,Western Dress,1,L
402-7116282-0817950,Set,1,M
402-0320895-7773930,Western Dress,1,S
403-7611080-8168342,Ethnic Dress,1,XL
408-3786964-0925908,Set,1,3XL
407-4650709-9815552,kurta,1,XL
404-0018575-3344336,Set,1,XS
408-6958636-3071545,Set,1,M
404-1567705-6465119,Set,1,XS
404-9899553-2782751,Set,1,XS
408-9394857-2259569,Set,1,XS
404-4949424-8861154,kurta,1,XL
404-4949424-8861154,kurta,1,L
402-3612387-3681134,kurta,1,XL
407-2128267-3405135,kurta,1,XL
405-7596517-8068361,kurta,1,L
404-9310162-0030715,kurta,1,XXL
406-8972647-1017160,kurta,1,XL
407-3801619-8023565,Set,1,XL
406-3311010-6186704,Western Dress,1,S
171-0893214-7318701,Western Dress,1,L
408-7907425-6921916,kurta,1,XL
171-4750992-8219539,Bottom,1,L
171-0505442-4149126,Set,1,M
171-0505442-4149126,Set,1,S
407-4616647-7480348,kurta,1,L
407-4616647-7480348,kurta,1,L
407-4616647-7480348,kurta,1,L
403-0607547-2457946,kurta,1,M
407-8960599-7474708,kurta,1,L
404-7059687-7052340,Set,1,XXL
404-1308500-2676337,kurta,1,L
402-8450125-1059552,Set,1,S
406-1759089-7984313,Set,1,XS
405-9711028-3661913,Set,1,S
404-3387768-2771538,kurta,1,M
402-6867900-6169149,Set,1,3XL
404-3406913-0918706,Western Dress,1,3XL
405-5417518-6293129,kurta,1,S
406-3776699-8701917,Set,1,M
404-3921416-1693962,Set,1,XXL
406-7075116-6878750,Western Dress,2,S
403-5372532-8397136,kurta,1,M
406-4620453-3801161,Set,1,S
408-3627991-0113940,Western Dress,1,XL
407-1572986-3453148,kurta,1,XXL
407-5025733-7144314,Set,1,XXL
405-3866241-4175508,Set,1,M
403-5937888-6648361,Set,1,XL
406-6976254-3479516,Set,1,L
402-9953636-7261903,Top,1,3XL
404-6110412-7425933,Set,1,S
404-1097477-3024333,Set,1,XXL
407-1059613-9634737,Western Dress,1,M
403-7676957-4768316,kurta,1,XS
405-9994909-9579511,Set,1,L
404-1163324-9104310,Western Dress,1,M
404-7209405-7137151,Set,1,L
171-5181565-2205101,Set,1,XXL
408-1685420-9045954,Top,1,M
407-4954811-8893963,kurta,1,XL
408-4790163-1714741,kurta,1,L
403-7584747-8466722,kurta,1,S
405-5707745-0380306,kurta,1,M
407-5576053-0403531,Western Dress,1,XL
403-7966129-1108308,Set,1,M
171-3546198-8022724,Set,1,XXL
405-0249921-3684315,kurta,1,M
406-3977523-8261913,Set,1,XXL
407-9195013-4949153,Western Dress,1,L
406-4997497-1382768,Set,1,XS
406-6351685-3825924,Set,1,3XL
171-4523305-9635567,Top,1,M
407-1525939-3801907,Set,1,3XL
407-7251084-0688367,kurta,1,XL
406-3487936-3071516,kurta,1,M
171-7973767-5255508,Western Dress,1,L
405-0156601-0833920,kurta,1,XL
171-9541187-1917140,Western Dress,1,M
403-1733452-1865915,Set,1,XL
407-5255945-9636333,Set,1,XL
404-5865674-2595544,kurta,1,XL
407-9396659-0580314,kurta,1,XL
407-9396659-0580314,kurta,1,XL
404-8034269-6699549,Western Dress,1,XXL
407-4555348-5837910,kurta,1,XXL
406-9461567-9573967,Western Dress,1,XS
405-3463974-3328352,kurta,1,M
405-3463974-3328352,kurta,1,M
406-6177942-6290732,kurta,1,XL
404-1866191-2809926,Western Dress,1,S
408-5088766-3526748,kurta,1,XL
171-9482248-2366764,kurta,1,S
171-3459522-1641166,kurta,1,M
407-3502291-1779552,Set,1,XXL
171-2290945-1270753,kurta,1,S
405-7018024-4711519,Western Dress,1,M
403-2668229-8343557,kurta,1,XL
171-5966400-3624323,Top,1,XXL
407-8236759-6684302,kurta,1,XXL
408-2733139-8827540,Set,1,S
402-1797063-3221158,Top,1,L
403-6368685-2705117,Set,1,XXL
402-1080708-4059569,kurta,1,XS
404-1263854-9116302,Western Dress,1,S
402-8451052-4801946,Set,1,L
403-2508233-5382705,Set,1,M
404-2766241-3342729,Top,1,3XL
407-6443249-6738736,Western Dress,1,S
407-6443249-6738736,Western Dress,1,M
402-2101328-2707506,Set,1,M
405-0355714-3637126,Western Dress,1,M
408-0980231-8189931,Western Dress,1,M
402-5178769-8651536,kurta,1,3XL
406-3421894-3244314,Set,1,L
408-1071321-3357916,Set,1,XL
405-5080240-0317153,kurta,1,XXL
406-4012915-1442711,kurta,1,XXL
407-9662321-4944347,kurta,1,L
403-4702041-2458738,kurta,1,L
406-6558390-4810761,Set,1,XL
404-5191365-4395551,Set,1,M
402-2424238-0677132,kurta,1,XXL
171-6280068-2591508,kurta,1,3XL
402-6285212-2457105,Set,1,3XL
408-1709180-2585943,kurta,1,XXL
408-1709180-2585943,kurta,1,XXL
408-1709180-2585943,kurta,1,3XL
408-1709180-2585943,kurta,1,XXL
408-2751634-7276321,Set,1,M
403-0773075-7806743,Top,1,XXL
403-1799806-8563541,Set,1,M
408-6917473-8736309,Set,1,M
404-1404700-0045125,kurta,1,XL
408-7088640-6249966,Western Dress,1,3XL
402-8669098-6133126,Set,1,L
402-5261908-8841155,kurta,1,S
403-7212509-1069120,Set,1,XL
406-3161960-8459532,Set,1,S
171-2160804-9094765,Set,1,S
171-6407177-8453103,Set,1,L
408-6204321-3609130,Set,1,XXL
404-3236213-6087544,Set,1,XS
404-3236213-6087544,Set,1,XS
404-8565775-0446753,Western Dress,1,M
404-8565775-0446753,kurta,1,M
404-8565775-0446753,kurta,1,M
403-8494406-6326735,Set,1,M
402-7976703-5162734,kurta,1,XXL
406-0030945-1513902,kurta,1,M
171-6520991-0225153,Set,1,L
404-3779381-7608369,Set,1,XXL
404-0073661-9643533,Set,1,XXL
171-4141902-2426715,Set,1,L
406-7938583-1543552,Set,1,XXL
408-6849479-7224320,Set,1,XL
406-3821971-2229938,Set,1,XS
402-4965971-0081923,Western Dress,1,XXL
402-0886780-8425125,kurta,1,M
408-5828660-2110753,Set,1,M
405-2164949-8744365,Set,1,XL
171-0963445-1524364,Set,1,XL
402-9658444-5491556,Set,1,S
407-2877329-6734714,Set,1,M
406-8908347-4657923,Western Dress,1,3XL
404-2972138-6190750,Set,1,L
404-4362828-8982718,Set,1,XXL
404-3200652-9490706,Top,1,M
171-9964637-6685124,Set,1,XS
403-8072145-4442718,Set,1,S
402-2057125-3048306,Set,1,XXL
402-2057125-3048306,Set,1,3XL
402-2057125-3048306,Set,1,3XL
406-2826845-3077906,Set,1,XL
402-4825297-7553116,Set,1,XL
171-3737944-2832367,kurta,1,XL
402-4880420-7225956,kurta,1,M
403-9810342-5657918,kurta,1,XXL
406-7712280-8627563,kurta,1,S
171-5877230-2843507,kurta,1,S
408-3428789-5956327,Set,1,S
406-4870267-9674762,Set,1,3XL
405-1606503-5089900,kurta,1,XXL
408-3064845-6540308,Set,1,XL
408-6003462-9636342,Western Dress,1,S
403-4849367-8893964,kurta,1,3XL
407-0832067-9047535,Set,1,XXL
406-9682176-6002714,kurta,1,XL
171-0700906-2360355,Set,1,L
404-0824115-7209103,kurta,1,3XL
406-1574197-4433952,Set,1,M
402-6567408-9381935,Set,1,XXL
403-5652631-9324302,Set,1,S
404-4654948-0887526,kurta,1,XL
405-8547421-1017900,Set,1,3XL
407-3692421-1174704,Set,1,XXL
406-7911885-9585157,kurta,1,XXL
407-7077614-3173143,Bottom,1,3XL
404-9734995-9404332,Western Dress,1,S
402-5809129-3732323,Set,1,XL
406-5902457-9561934,Set,1,XS
406-4681325-4450749,Set,1,3XL
405-3944773-6991526,kurta,1,L
405-3944773-6991526,kurta,1,L
407-8243365-1686749,kurta,1,XL
408-9282609-4137963,Set,1,S
404-8776088-1230747,Set,1,XXL
403-6247903-7756334,Set,1,3XL
403-6247903-7756334,Set,1,3XL
407-7165656-1943500,kurta,1,XL
408-6427912-8009169,kurta,1,XL
407-6939909-2997111,kurta,1,M
408-3471100-5374729,Set,1,L
408-5355474-9229911,Set,1,M
405-4869962-1050709,Set,1,XL
405-7624845-8486734,Set,1,3XL
407-1434329-7337124,Set,1,3XL
403-7681005-6950737,kurta,1,XL
403-3901180-8553935,Set,1,M
408-6699260-7563553,Set,1,XL
402-6851645-6310759,Set,1,XL
408-6887239-8065912,kurta,1,3XL
405-0204974-3479527,kurta,1,XXL
408-4207594-3364352,kurta,1,XXL
171-1073407-8516367,kurta,1,S
402-7642631-2105169,Set,1,S
403-5425892-7065951,Top,1,3XL
171-4154784-5582732,Western Dress,1,XXL
402-3684345-4918768,Set,1,3XL
171-5985255-9462767,Top,1,3XL
408-0370878-6620366,Set,1,XL
407-7344427-8213967,Set,1,XXL
406-4790115-4720337,Set,1,L
407-7883818-9645938,Top,1,M
407-7883818-9645938,Top,1,M
403-8568982-6681117,Western Dress,1,M
405-1360788-1610717,Top,1,XXL
405-1625685-8666739,Set,1,XL
171-1353431-0071515,Set,1,XXL
404-7091101-5665918,Set,1,XXL
404-7091101-5665918,Set,1,XXL
407-3684775-7317943,Set,1,XS
171-9992196-9702717,kurta,1,M
408-5403479-0476324,Set,1,XL
404-7068746-2289967,Set,1,3XL
171-9423437-6005132,Top,1,XL
407-1244690-3241957,Set,1,M
403-8849437-1553107,Set,1,M
407-8646471-3642729,kurta,1,XL
408-0214151-7822709,kurta,1,M
403-5620476-3565150,kurta,1,L
407-2332177-4209953,Set,1,XL
406-0923410-1351540,Set,1,XS
408-6180579-8277920,kurta,1,XXL
402-0480500-5925132,kurta,1,L
406-5520532-3980317,Set,1,M
403-0230914-3169140,kurta,1,L
171-3406601-1541105,Set,1,3XL
171-3406601-1541105,kurta,1,3XL
171-3406601-1541105,kurta,1,3XL
403-9453223-0501135,Top,1,L
406-9300509-3510727,Set,1,M
171-5670013-9425149,kurta,1,M
171-5670013-9425149,Western Dress,1,M
407-6303756-2797967,Top,1,M
408-9609778-9623556,Set,1,M
403-6698197-8593163,kurta,1,M
407-6279591-6527530,kurta,1,XL
406-2190760-2713162,Set,1,M
405-8800140-0748324,kurta,1,S
407-9144184-6670714,kurta,1,XL
404-0059007-6308348,kurta,1,XL
404-0059007-6308348,kurta,1,3XL
171-1824018-2217967,Set,1,XXL
171-1824018-2217967,Set,1,XXL
406-0926197-3897102,Western Dress,1,L
406-0593982-0178745,Western Dress,1,M
402-1917618-3530730,kurta,1,3XL
405-0732184-2164305,kurta,1,3XL
402-3559206-8465936,Set,1,XL
407-1961371-6669959,Set,1,L
403-8806925-8150763,Set,1,3XL
405-4558030-5371531,kurta,1,L
407-7674980-1775539,Set,1,M
406-9731051-6469122,Set,1,XS
403-5572553-3469150,Set,1,XS
408-2996204-6661124,Set,1,L
171-4408114-8550755,Set,1,XXL
405-7959534-9465908,Western Dress,1,S
408-7713657-7625910,kurta,1,S
404-0272723-1317179,Set,1,XS
404-0272723-1317179,Set,1,XS
404-2429738-4157141,kurta,1,S
404-2429738-4157141,kurta,1,L
408-7738642-6533114,kurta,1,XXL
405-5345559-6974716,kurta,1,3XL
404-5759885-8488329,Set,1,M
404-7819200-8992319,kurta,1,XXL
171-4921076-4694723,Set,1,M
402-5870508-5894745,kurta,1,L
171-9809966-0502707,Set,1,3XL
404-5217051-7145926,Set,1,M
403-6209585-0560364,Western Dress,1,L
403-6209585-0560364,Ethnic Dress,1,L
403-5894351-3727562,kurta,1,3XL
402-4755255-2502745,kurta,1,L
402-4059116-2355536,Set,1,L
407-7062293-3085907,kurta,1,M
171-5950434-0269145,Set,1,S
405-4151747-5373161,kurta,1,XXL
405-4151747-5373161,kurta,1,XXL
406-8614309-2024361,kurta,1,3XL
408-3663983-9296356,Ethnic Dress,1,S
408-4995684-9443540,kurta,1,S
407-3149778-0010728,Set,1,M
406-6145584-1157928,kurta,1,XL
405-0600245-8340336,Set,1,XL
408-5924851-6737908,Set,1,XL
403-0818300-9678769,Set,1,L
405-4961622-5480313,kurta,1,XXL
402-1943307-3511557,Set,1,XXL
402-1943307-3511557,kurta,1,XXL
402-1943307-3511557,kurta,1,XXL
405-1760377-7501149,Set,1,L
406-8380866-9403558,Set,1,L
171-0053450-9281940,Set,1,3XL
404-9499129-5089165,kurta,1,L
402-2754563-6701119,kurta,1,S
408-3312445-5889904,Western Dress,1,XS
405-1753166-1614730,kurta,1,S
171-8149277-4597151,Western Dress,1,3XL
408-9734906-9482717,Set,1,3XL
402-0292228-2437952,Blouse,1,L
405-8990711-8199513,kurta,1,XXL
403-5886127-2760359,Set,1,XXL
404-0709030-9413957,kurta,1,XXL
404-5247350-2397159,kurta,1,L
171-0787649-4226721,Set,1,3XL
408-7049645-9292336,kurta,1,XXL
406-3343980-7677130,Western Dress,1,XXL
406-0686013-4220368,kurta,1,3XL
406-1733004-8870764,kurta,1,3XL
406-4698040-1551569,Set,1,M
406-8744365-6742764,Set,1,3XL
408-9562885-2114737,Top,1,M
171-0254959-2551525,kurta,1,M
408-6984890-8197102,Set,1,XL
402-8957220-5368316,Set,1,XXL
407-9465016-3301114,kurta,1,L
407-3778452-2471525,Set,1,3XL
405-9742723-3553932,kurta,1,XS
402-5238995-3740361,Set,1,S
408-3101219-8216336,Blouse,1,M
408-4016053-2797945,Western Dress,1,XXL
403-0364168-0836346,Set,1,XL
403-1176971-4293913,Set,1,L
171-3708743-7144354,Set,1,L
405-4049099-4413953,kurta,1,XXL
402-0629535-7656316,Western Dress,1,L
171-5286496-1967563,kurta,1,L
402-3579463-5463550,Set,1,S
171-5859022-9881900,kurta,1,M
171-3119023-3541137,Set,1,XS
404-6930979-1477163,Set,1,XS
402-4347271-0935558,Set,1,3XL
407-1479939-6791515,kurta,1,M
407-2257968-0777908,Western Dress,1,M
408-7861735-6983547,kurta,1,3XL
408-8778493-7828351,Ethnic Dress,1,L
404-7147824-6420314,Ethnic Dress,1,XL
171-5502501-7313132,Set,1,M
408-4697801-4642725,kurta,1,L
403-5314394-4740302,kurta,1,3XL
406-2563381-0569166,kurta,1,3XL
406-2563381-0569166,kurta,1,3XL
402-6710217-5005958,kurta,1,L
408-1706240-3417923,Set,1,XS
404-0282894-3673145,Bottom,1,S
408-5261042-2304334,Western Dress,1,S
402-1744033-2451500,Western Dress,1,S
408-7053677-8923509,kurta,1,XXL
403-6761528-4668350,Set,1,M
171-6146679-1173935,kurta,1,XL
404-3192344-8897933,Set,1,L
171-4628079-1578720,kurta,1,XXL
405-7028181-6747529,Set,1,M
406-7562451-4277905,Top,1,XXL
171-8399683-2802718,kurta,1,3XL
406-8909730-8781124,kurta,1,XL
406-0195831-4208305,Top,1,M
403-6413494-2774746,Set,1,M
402-5316398-2417959,Set,1,L
403-1423707-0814761,Western Dress,1,XXL
407-0289534-4332363,kurta,1,XXL
407-2841094-5147507,kurta,1,L
408-5942222-1741922,Set,1,XL
406-7942871-1011560,Western Dress,1,XL
407-0142059-6612373,Set,1,3XL
407-3366354-5857912,kurta,1,XS
407-3366354-5857912,kurta,1,S
171-5730661-9677162,kurta,1,XL
405-7610977-6563502,Top,1,L
171-3224253-6853919,Set,1,XL
408-7805413-6537960,Set,1,M
403-9710098-4213162,Saree,1,Free
171-6385811-8248369,Set,1,XS
171-3406669-0561960,kurta,1,S
406-4657610-8389162,kurta,1,XXL
405-4693111-3559560,Set,1,S
406-1703062-5913934,kurta,1,S
406-9616435-5005969,kurta,1,XL
171-6981020-5071515,kurta,1,S
403-6909009-6435518,Set,1,XL
407-5310609-3445942,Set,1,XL
171-6013471-2011538,Set,1,M
171-6013471-2011538,Ethnic Dress,1,M
407-4689014-9176360,Set,1,M
406-4589358-1446725,Set,1,L
407-4361236-6352361,Set,1,L
402-2269938-3404323,kurta,1,XL
407-4939800-8823543,Set,1,XXL
402-0685539-6209103,kurta,1,XS
402-0685539-6209103,Set,1,XL
404-9843417-0006744,Top,1,3XL
171-9111954-5793164,Set,1,M
171-7749875-5870724,Set,1,XXL
171-6797506-9466719,Set,1,3XL
404-6309514-5485913,kurta,1,S
404-6309514-5485913,kurta,1,S
404-3455428-1136360,kurta,1,L
171-9282365-3064304,Set,1,XL
408-4265730-6603534,Set,1,XL
408-4943356-3770707,Ethnic Dress,1,L
403-1764276-3469965,Western Dress,1,XS
405-2643024-3070742,kurta,1,XXL
403-9035716-0346702,Set,1,XS
405-8672557-8637100,Western Dress,1,L
405-6383640-3438732,Set,1,L
407-4162614-9656328,kurta,1,XL
407-4162614-9656328,Set,1,XL
403-5223624-6013933,kurta,1,XXL
405-4968088-8460317,Set,1,S
407-0941621-1133152,Western Dress,1,3XL
405-4816171-5735536,Western Dress,1,XS
402-5031277-3049145,Top,1,XS
171-2032330-1226718,kurta,1,L
406-3683152-5009959,Set,1,L
403-7498641-9912344,kurta,1,M
403-6575924-4648336,Set,1,XL
405-5717426-8477126,Set,1,3XL
171-9740519-4706746,Western Dress,1,3XL
171-0008115-8007527,Set,1,XXL
407-8083042-0452307,Set,1,XL
402-8651096-8457147,kurta,1,M
408-8418665-5709111,Set,1,M
408-2821650-6002713,Set,1,M
407-5288365-5525113,Set,1,L
406-1297244-8681133,Ethnic Dress,1,3XL
408-2856110-7806708,Top,1,M
403-7981046-8789139,kurta,1,XXL
405-8550878-5199540,kurta,1,S
406-0913427-5212346,kurta,1,L
171-1873769-0471568,Western Dress,1,XS
404-9060093-8438701,Western Dress,1,L
408-4019059-3468365,kurta,1,XXL
405-5705938-6354707,Western Dress,1,L
405-5705938-6354707,Ethnic Dress,1,L
406-5869276-9818718,kurta,1,M
406-5869276-9818718,kurta,1,M
405-8368732-5249144,kurta,1,M
404-5499711-8663564,Set,1,XL
403-4269201-4125105,kurta,1,3XL
404-1076083-7885942,Set,1,XXL
404-1076083-7885942,Set,1,XL
403-8034547-5401901,kurta,1,XL
404-7196423-4456327,kurta,1,XXL
402-8150460-6963516,kurta,1,S
405-6432863-5885153,Blouse,1,Free
171-0155007-9437137,Top,1,L
405-1370510-2722716,Set,1,XS
405-3401745-7967539,Set,1,L
406-9990443-5221130,Western Dress,1,XXL
402-8101911-1119519,kurta,1,L
407-2412474-8593924,Set,1,XL
406-5330399-5903555,kurta,1,3XL
407-4401150-1996308,Set,1,XL
406-5766093-1825944,kurta,1,XXL
403-3515758-0178761,Set,1,XS
407-8719313-0621957,Set,1,S
404-1845026-9285912,kurta,1,L
406-7344384-0177158,kurta,1,M
403-8271855-9123568,Western Dress,1,M
408-5866950-8012351,Set,1,3XL
404-4323187-6661913,kurta,1,S
404-4323187-6661913,kurta,1,XS
408-8319510-8201118,kurta,1,XL
406-6696484-2722735,Set,1,XL
171-4698324-1405901,kurta,1,L
408-0215075-8173107,Western Dress,1,XL
407-5348705-3134767,kurta,1,M
171-5532925-0396335,kurta,1,M
171-5977664-9739536,Set,1,S
408-1077692-9310719,kurta,1,XS
407-7150919-4612338,Set,1,L
403-7529274-1841955,Western Dress,1,M
406-0360053-0157924,Western Dress,1,XS
406-4320730-2734701,kurta,1,XL
408-3328289-1901137,kurta,1,3XL
402-0017876-1554702,Western Dress,1,M
405-8581453-7348304,Top,1,XXL
402-3096098-4278734,Set,1,M
171-2889323-7163543,Western Dress,1,XL
404-6651222-7468355,Top,1,XXL
406-0941137-9709130,kurta,1,XL
402-0226983-6690759,kurta,1,M
403-4134604-6612350,Set,1,XXL
403-4134604-6612350,Set,1,XXL
402-5229488-2615559,kurta,1,M
403-6198475-5413142,kurta,1,S
406-5952187-5981135,Western Dress,1,L
406-8316914-1218701,kurta,1,M
408-6395051-3395506,kurta,1,3XL
408-6395051-3395506,Set,1,3XL
405-3476511-3680313,Set,1,L
403-2178541-3683517,Western Dress,1,M
403-4576299-8120336,Set,1,M
403-0763064-0885938,Set,1,XXL
405-7985699-3299568,kurta,1,XL
406-8471641-1150740,Set,1,3XL
408-0072228-8820376,Set,1,XXL
403-7104451-7037102,kurta,1,L
406-4483338-5029921,Set,1,S
407-7154329-4568320,kurta,1,XL
402-3305724-7572313,kurta,1,XL
405-0236757-1476340,Set,1,M
403-9610176-4975548,Western Dress,1,L
404-7865932-4649157,Set,1,M
403-0127586-9410718,kurta,1,XXL
403-0127586-9410718,kurta,1,XXL
408-8161259-9551501,Set,1,M
171-7371379-2470701,kurta,1,M
402-7002611-5247553,Set,1,XXL
403-5114702-1145935,Set,1,XS
407-7612535-0864335,kurta,1,XL
405-9279506-5598762,kurta,1,XL
171-7554846-7287533,Set,1,S
171-7580158-7601960,Set,1,S
405-0229871-0886738,kurta,1,S
405-0991516-2249967,Western Dress,1,M
404-0952334-8594748,Set,1,M
408-4570479-8264324,Set,1,S
405-4017350-7558719,Set,1,M
408-7657394-2733167,Set,1,XS
408-7657394-2733167,Set,1,XS
405-4544641-3493901,kurta,1,XS
403-2955290-6657939,kurta,1,XL
402-3408663-1549954,kurta,1,XL
404-6899672-2097961,Set,1,S
406-7490145-8472355,Set,1,L
402-1571761-9749958,kurta,1,M
407-4269582-3032330,Set,1,S
403-1875174-1560362,kurta,1,XL
171-0552756-7448366,Set,1,XXL
171-6951431-4402722,Set,1,M
407-3964428-5808353,Western Dress,1,XXL
171-5193192-7633147,kurta,1,L
407-2579359-3926714,Western Dress,1,L
408-3914732-9939565,Set,1,XL
407-6380470-3185941,Set,1,M
171-8680520-2132346,Set,1,M
402-2385232-7425118,kurta,1,M
171-8979143-6953911,Set,1,L
403-1010652-8639569,Set,1,M
402-9347214-4831552,kurta,1,5XL
408-9041649-2913901,Set,1,XL
406-7373554-0261945,Set,1,S
407-8538527-4660326,Set,1,M
405-0685946-2032366,kurta,1,XS
404-7391876-1569123,Set,1,M
408-9985325-1217137,Set,1,XL
404-6676609-0149167,kurta,1,XL
402-6869335-1997131,Set,1,XS
171-5715574-9814707,Set,1,M
171-5715574-9814707,Set,1,M
171-0370961-8980304,Set,1,M
404-2513629-4109963,Bottom,1,S
402-9024674-8716336,Western Dress,1,XL
402-3779119-2894743,kurta,1,L
171-2386554-9661919,kurta,1,XL
403-0841138-9135508,kurta,1,XL
404-0394344-7544328,Set,1,3XL
404-0394344-7544328,Set,1,3XL
407-2430457-5467556,Set,1,S
408-9977724-9069133,kurta,1,3XL
406-4230267-5632317,Set,1,XS
407-5676677-8203523,Set,1,XXL
403-0257736-7449116,kurta,1,M
406-5131807-2569126,Set,1,M
405-3246746-2081147,Top,1,L
402-3870947-6350749,Top,1,M
402-3870947-6350749,Top,1,L
171-2901278-6652354,Western Dress,1,L
402-8628761-0717910,kurta,1,M
403-3426692-7464324,Set,1,S
407-4468985-0829133,Set,1,L
403-5265533-5371530,Top,1,XXL
408-6401857-8401923,kurta,1,L
171-9016143-8009160,kurta,1,M
408-4761528-7602747,kurta,1,M
406-5930734-2825937,Set,1,M
171-6312435-7452310,Set,1,L
404-5079907-3128361,Set,1,M
406-7244226-5082762,Top,1,XXL
171-8661268-9183513,kurta,1,3XL
406-8393566-8559503,kurta,1,M
402-6814372-1713163,Set,1,XXL
171-4721006-8069166,Western Dress,1,S
407-9033350-4869958,Western Dress,1,S
402-9672953-4763539,kurta,1,XL
405-3504079-4653968,Western Dress,1,3XL
407-8802458-7329907,Set,1,3XL
407-8802458-7329907,Set,1,XXL
405-8617425-4799501,Set,1,XL
403-1966719-8875555,Set,1,XS
405-3580732-4302738,kurta,1,L
171-3016710-4297112,kurta,1,XL
171-2296310-5537124,Set,1,M
406-7263240-0900307,kurta,1,M
406-7263240-0900307,kurta,1,M
406-5940781-6483545,Set,1,XL
402-4933066-9880339,Western Dress,1,M
402-4553402-7808333,kurta,1,S
406-8063590-4397111,kurta,1,S
408-1769040-9810713,Set,1,XXL
408-0583568-4522704,kurta,1,XL
402-6432942-7399562,Set,1,L
406-9732182-3149940,Set,1,M
404-4723631-3501112,Ethnic Dress,1,S
404-4658721-7518747,Set,1,L
171-3401779-7762734,Set,1,M
403-8868047-6761159,Western Dress,1,XL
407-3492964-1838764,Western Dress,1,L
403-7493866-3839540,Set,1,M
403-8790574-5109145,kurta,1,XXL
405-9406233-7721940,kurta,1,3XL
171-8592908-5313128,Set,1,XL
405-7315031-5195546,kurta,1,L
403-5673055-7118739,Set,1,XXL
402-9116074-3989922,kurta,1,XL
404-0518263-6717906,kurta,1,M
408-3010964-4765921,kurta,1,L
406-7527335-8430747,Set,1,3XL
405-5861119-9101101,Western Dress,1,L
171-9614280-7460301,Western Dress,1,3XL
402-5491420-4559528,Set,1,M
402-6433197-1143505,Set,1,M
406-2706544-0031502,kurta,1,S
406-9851396-8644327,kurta,1,M
405-8762877-9531527,Set,1,3XL
402-4090829-5542753,kurta,1,M
404-5407260-6230769,Set,1,M
408-1891639-7685940,Western Dress,1,M
403-5630608-5881138,Set,1,L
404-5202090-3112354,Set,1,XXL
403-1607179-3970706,Set,1,XS
408-4966538-5752335,Western Dress,1,XL
408-3515872-8958734,Set,1,L
408-3515872-8958734,Set,1,L
408-6635444-4693953,Set,1,L
408-7468849-2134719,Set,1,S
402-2436053-9547522,Set,1,XXL
171-9301968-3697166,Western Dress,2,M
171-9301968-3697166,Western Dress,1,3XL
171-9301968-3697166,Western Dress,1,XS
406-2694080-1746706,Set,1,XL
405-9885804-9514718,Western Dress,1,L
404-3381259-3755508,kurta,1,XL
402-8863582-8227518,Set,1,L
402-8664555-6219562,Set,1,XXL
408-8518861-1801146,kurta,1,M
405-1445155-2262739,Set,1,S
407-5365794-0051511,Set,1,XL
407-5365794-0051511,Set,1,XXL
402-5674943-8402763,kurta,1,M
402-7037292-7105103,kurta,1,XXL
407-3036457-8814763,kurta,1,S
408-0634402-9609148,kurta,1,L
402-8938180-5978768,kurta,1,XL
407-3206018-1644369,kurta,1,3XL
171-1722759-2205953,Set,1,M
171-1722759-2205953,Set,1,M
405-3134655-0243505,Set,1,XXL
404-5127176-5445149,Top,1,M
408-1654251-8423522,kurta,1,L
405-5453556-5737147,kurta,1,L
406-7811406-1905964,Set,1,XS
403-2487440-7377161,Set,1,XXL
406-6836024-1942740,kurta,1,3XL
404-2929827-3382766,Western Dress,1,S
405-8941789-8561967,Set,1,XXL
171-4839975-3629915,Set,1,XS
402-7252686-7742740,kurta,1,S
171-1150191-1767515,Western Dress,1,3XL
408-5219681-4360350,Set,1,XS
408-2748464-3892343,Set,1,M
406-0865174-1024369,kurta,1,XL
407-4334571-3104327,Set,1,S
171-4574985-1941106,Set,1,L
407-6450619-6667560,kurta,1,M
408-4774712-5393940,Top,1,S
403-2074962-5367535,kurta,1,XS
408-4724398-5224314,Top,1,M
171-3270880-3394704,Top,1,S
404-0952037-0547516,Western Dress,1,XXL
171-0454907-0694760,Bottom,1,XXL
403-1672373-0693902,kurta,1,S
403-1672373-0693902,kurta,1,S
405-1429558-6034749,Set,1,XXL
404-3339084-5444337,Set,1,L
171-3200347-2913942,Set,1,XXL
408-4097278-9217127,kurta,1,L
407-9299861-6643510,kurta,1,L
403-9278314-6331539,Set,1,XL
402-2958461-0686740,Western Dress,1,L
408-5791994-8612313,Set,1,M
403-0315171-6769904,Set,1,S
407-0885324-0329161,Set,1,M
407-4439492-8248316,kurta,1,S
408-0306837-9121141,Set,1,XXL
404-6342839-0169928,Set,1,M
406-8095430-0632337,Set,1,L
408-1541677-5702756,Western Dress,1,L
402-0099543-0853125,kurta,1,M
406-2424217-2835563,Set,1,L
405-8554796-3418737,Set,1,M
171-3857003-4217940,kurta,1,XL
407-2780441-4926728,Set,1,L
402-4011854-5666717,Set,1,L
171-2657524-8308345,Set,1,XL
408-2886102-3780339,Set,1,S
403-5329021-3740353,kurta,1,XXL
402-1896389-0215537,Set,1,XL
407-0368671-3561162,Set,1,XXL
406-9858306-5247559,Top,1,3XL
406-9858306-5247559,kurta,1,XXL
405-0699024-0968339,Set,1,XXL
403-6383910-1993131,kurta,1,XXL
403-1890351-3625936,Set,1,M
407-1800987-0308362,kurta,1,XL
403-2046021-1257905,kurta,1,L
403-7856523-3938731,kurta,1,M
406-1906831-2441949,Bottom,1,XL
406-3018098-6418731,kurta,1,L
402-9564745-5431538,kurta,1,L
405-3018573-5209164,kurta,1,M
406-4468347-6895549,Set,1,M
408-5469248-0781934,Set,1,XL
404-4871890-3970739,Western Dress,1,M
171-7384553-7569931,Western Dress,1,XXL
171-7384553-7569931,Western Dress,1,S
171-4101834-2486732,kurta,1,XXL
406-4718469-6783528,Western Dress,1,S
406-1349530-1453154,Western Dress,1,XXL
408-0396746-6363537,kurta,1,XL
402-8917447-4909928,kurta,1,M
402-8917447-4909928,kurta,1,M
403-7439952-4880339,Set,1,S
404-9289753-0333951,Top,1,M
404-9289753-0333951,Top,1,M
403-6904243-1139542,kurta,1,XXL
405-2197496-1327559,kurta,1,L
403-1285368-5301943,kurta,1,XXL
403-1978182-9106751,kurta,1,XXL
408-2010226-3348304,Set,1,M
408-9815753-9104365,kurta,1,3XL
403-4708858-5681139,kurta,1,L
403-4588911-7441947,kurta,1,XL
403-7232018-8297152,kurta,1,XXL
408-4895053-5411522,kurta,1,XL
403-3665882-4068349,kurta,1,3XL
402-9928505-4774737,Top,1,M
404-0542015-6552316,Top,1,XXL
171-5471612-6248353,kurta,1,XL
408-1018258-9583517,Set,1,L
171-3778876-4833119,Set,1,L
404-6509634-1918750,kurta,1,M
408-5410868-4872341,Set,1,XXL
408-9410950-3525919,Western Dress,1,XL
407-8040235-3645931,kurta,1,XL
404-1505423-0995517,kurta,1,S
403-3106086-7886737,kurta,1,3XL
402-4971831-7742742,kurta,1,XXL
403-6287139-1907523,Set,1,XS
404-4212434-9384358,Set,1,M
402-9008878-1917909,Set,1,L
403-9131629-2431566,Set,1,XS
402-9610788-3375532,kurta,1,S
406-9164840-8817121,Set,1,XL
402-1342475-7710726,Western Dress,1,S
171-2443878-8284328,kurta,1,XXL
171-5126360-5351552,Set,1,M
171-5126360-5351552,kurta,1,M
402-4675521-7359527,Set,1,S
402-4675521-7359527,Set,1,XS
171-2850362-4598765,kurta,1,3XL
403-2453623-9170727,Set,1,L
403-2771902-8108310,Set,1,M
406-5970629-1621968,Set,1,M
408-1222816-9903537,Set,1,M
408-1222816-9903537,Set,1,S
407-7697293-9289963,kurta,1,XXL
408-0784654-5896359,kurta,1,XXL
406-3204983-9872333,Set,1,XXL
406-3204983-9872333,Set,1,XXL
408-8002372-3371558,kurta,1,XL
406-7409885-4834707,Western Dress,1,L
406-7409885-4834707,Western Dress,1,L
408-7203219-8164314,Set,1,3XL
408-6825828-0739547,kurta,1,XXL
405-3993623-2175546,kurta,1,XXL
405-3993623-2175546,kurta,1,XXL
408-8942283-3089104,Set,1,XS
171-1076502-2157933,Set,1,L
404-9278531-4842710,kurta,1,L
405-1775794-5609127,Set,1,M
405-2856890-6997962,Set,1,S
407-3748312-1942700,kurta,1,M
404-4092561-8597921,Set,1,XXL
171-5789709-3461966,Set,1,S
171-5789709-3461966,Set,1,M
408-1435094-1143549,Set,1,L
405-2161724-0570724,kurta,1,L
405-2319746-5632331,kurta,1,XL
407-8661300-1498747,Set,1,XXL
404-1970034-7760300,kurta,1,L
407-4952727-6800344,Western Dress,1,L
402-8639704-9783501,kurta,1,3XL
402-8639704-9783501,Set,1,3XL
408-3146343-8882718,kurta,1,XL
171-3721039-6567539,Top,1,L
404-3082089-5377147,Set,1,XXL
403-7971696-3579503,Western Dress,1,XXL
171-5446978-2684303,kurta,1,L
405-1579562-7275530,Western Dress,1,L
403-8922418-7102744,kurta,1,L
403-8922418-7102744,kurta,1,L
404-8840992-9354703,Saree,1,Free
402-4271089-7713932,kurta,1,L
402-8517071-1645959,Set,1,M
402-8517071-1645959,Set,1,M
408-8951649-1035552,Set,1,XL
403-9048866-4714747,Set,1,3XL
404-9158276-0878732,kurta,1,M
405-0328379-8768369,kurta,1,3XL
407-3260214-9219508,Set,1,XL
408-7811387-1462716,Set,1,L
402-4147637-6297939,Set,1,M
403-9942293-9193950,Western Dress,1,L
407-2521607-5511568,kurta,1,M
171-8608276-2355534,Set,1,L
405-0196891-4550706,Top,1,XXL
171-0576546-2389102,Set,1,S
408-4473522-2080319,kurta,1,3XL
404-3887469-8911524,kurta,1,XL
404-3887469-8911524,Set,1,XXL
404-3887469-8911524,kurta,1,XL
404-3887469-8911524,kurta,1,XL
404-3887469-8911524,Set,1,XXL
404-3887469-8911524,kurta,1,XXL
404-5978634-3827508,Set,1,L
405-0308371-2123561,Western Dress,1,S
404-2411765-6553150,Blouse,1,M
405-9152139-3665969,Set,1,L
406-9472480-1889165,kurta,1,M
404-0108852-7469965,Set,1,XL
404-0634652-3925926,Set,1,S
402-0954075-8722750,Set,1,XXL
408-2148230-1361148,Set,1,3XL
171-8758185-5502765,Western Dress,1,XL
405-6757812-9352305,Western Dress,1,XL
405-8772726-0213912,Set,1,L
405-6624206-1842747,kurta,1,3XL
403-7163420-3496315,kurta,1,XXL
405-6774366-3415539,kurta,1,M
403-8275295-9596349,Set,1,M
408-1059658-6742768,kurta,1,XL
407-2386819-5915539,Western Dress,1,L
407-2057550-3082710,kurta,1,S
171-5669738-6383517,Set,1,L
405-8031394-3059531,Set,1,L
404-0098057-6637959,Set,1,S
403-3053346-0179564,kurta,1,M
406-7262533-6538744,Top,1,M
171-4283508-2833956,kurta,1,3XL
404-4435864-8770750,Set,1,XL
404-4435864-8770750,Set,1,XL
406-1514430-1045156,Western Dress,1,M
171-2338753-7412352,Western Dress,1,XL
405-6253330-8566727,Top,1,3XL
405-7232120-0157931,kurta,1,S
408-9547514-9376305,kurta,1,XL
402-5172462-6093118,kurta,1,XL
171-5627544-6225949,Western Dress,1,3XL
403-1712798-4797958,kurta,1,M
403-5712952-5184327,Set,1,L
406-5906965-5460315,Set,1,XS
402-2264172-9473915,Blouse,1,XL
408-1764747-3973129,Set,1,S
403-2170100-3518761,kurta,1,S
408-6585936-0677914,Western Dress,1,XXL
408-0303350-8284364,Set,1,XL
403-7857599-3497112,kurta,1,L
405-6916911-7906727,Set,1,M
406-0722337-6698768,Set,1,XXL
408-4967143-8405941,Western Dress,1,3XL
171-9095597-4306722,kurta,1,M
404-1766590-9206726,Set,1,L
403-8430174-8129919,Set,1,S
402-7481798-0601967,kurta,1,XL
405-9550672-7381151,Set,1,XL
406-1084443-2107536,Set,1,XXL
402-5416160-2951560,kurta,1,XL
403-3462519-8019507,Set,1,L
408-9614315-7359524,kurta,1,S
407-5649987-5880345,Set,1,XXL
406-6676009-2993968,Western Dress,1,S
407-1502598-6198765,Set,1,S
405-9473361-6930762,Set,1,M
405-5437674-5689153,Set,1,XL
408-3145919-0505901,Set,1,S
408-6885751-8778738,kurta,1,S
171-7070373-8241137,kurta,2,L
403-8946253-3777942,Top,1,S
408-8135218-9789144,kurta,1,S
403-7482842-3985157,Set,1,M
404-6287261-6045957,kurta,1,S
408-6865742-2061136,Western Dress,1,L
406-5665404-8885917,kurta,1,M
171-3644162-2739555,Set,1,M
171-6107513-9537134,kurta,1,S
171-6107513-9537134,kurta,1,S
407-3036910-8862737,Set,1,XL
403-5151425-1118720,Set,1,M
408-1527156-7425169,Set,1,XL
406-0737299-8313117,kurta,1,M
406-0737299-8313117,kurta,1,M
403-3572247-7865165,kurta,1,XL
404-5992186-9046720,kurta,1,M
171-0670977-7487547,kurta,1,3XL
405-1765832-9973135,Western Dress,1,S
408-7243755-4249102,Ethnic Dress,1,M
408-4026259-7259522,Western Dress,1,XXL
403-4106553-1691525,Set,5,3XL
406-1957248-6453124,Set,1,XL
407-7320009-9822730,kurta,1,L
405-1690408-5943501,Set,1,XS
402-7839260-1252369,Set,1,XS
405-7437039-6508357,Set,1,S
407-6272087-3980314,Set,1,XXL
408-1453833-4689129,kurta,1,XL
404-6805788-3583548,Top,1,XXL
408-4537764-8427537,kurta,1,M
171-6318996-4493963,Set,1,M
171-6318996-4493963,Set,1,L
171-2922635-5564317,kurta,1,S
407-6863363-9966716,kurta,1,M
408-5259892-9387520,Set,1,M
171-5155811-9905937,Set,1,L
404-0210541-6281948,Set,1,XS
404-5824315-2573925,Western Dress,1,XL
403-7884766-5919548,kurta,1,M
405-3573042-4450714,Western Dress,1,XXL
405-3573042-4450714,Western Dress,1,XXL
406-8569580-3325138,Set,1,S
406-8859729-4660328,Top,1,XL
171-2122118-5211505,Western Dress,1,3XL
171-2122118-5211505,Western Dress,1,3XL
408-3033624-9710729,Set,1,M
408-4945667-9536306,kurta,1,L
171-3046369-6292304,Set,1,S
406-6333648-3855511,Western Dress,1,XL
406-6333648-3855511,Western Dress,1,XL
404-5948742-2561909,kurta,1,S
403-7311069-4665169,kurta,1,L
406-5431370-0231503,kurta,1,3XL
407-0503018-7043508,kurta,1,L
404-0505266-8215566,Top,1,L
405-0553569-5501941,Set,1,XS
402-8079870-1689933,kurta,1,L
406-0297612-2852346,kurta,1,XS
404-7447289-2317127,kurta,2,S
403-9982722-4273963,kurta,1,M
171-9291635-7865134,Set,1,S
402-6308758-0221920,Western Dress,1,XL
408-9817572-1604329,Western Dress,1,XS
408-4668043-7037953,kurta,1,L
408-9272702-6252367,kurta,1,XL
404-1688672-6121908,Set,1,M
404-0282758-3929953,kurta,1,3XL
403-1288078-0660319,kurta,1,M
171-7373709-8503526,kurta,1,XL
403-6544378-0883534,kurta,1,M
408-3256540-4323568,kurta,1,M
403-9832561-4189104,Set,1,L
403-7667034-6213153,Set,1,L
403-7676556-8353951,kurta,1,L
406-5111458-3538727,kurta,1,S
402-7603097-8593953,kurta,1,M
403-1446912-1265911,kurta,1,S
403-1446912-1265911,kurta,1,S
171-6113872-0747548,Set,1,XL
171-6113872-0747548,Set,1,XXL
405-1234550-3152365,Set,1,XS
171-4860822-1161136,Set,1,L
406-8021214-7985111,Set,1,S
405-6165894-4625106,Western Dress,1,S
405-1802005-7553969,Set,1,XL
406-8332698-0478759,kurta,1,XL
408-8247981-1491536,kurta,1,M
407-5662544-5741917,kurta,1,M
408-9966539-4400323,Top,1,S
407-7579322-4583504,kurta,1,L
405-0142906-7273146,Set,1,L
405-2954054-3053134,kurta,1,L
404-5370811-4239552,kurta,1,M
405-2932779-9792347,Set,1,L
404-6558052-5729914,kurta,1,M
402-4118814-5336308,kurta,1,S
171-2395007-4189125,Western Dress,1,XS
408-1042449-6108309,Western Dress,1,L
408-7369883-3561929,Top,1,XXL
408-9308611-5599540,kurta,1,M
408-1755546-1961166,kurta,1,3XL
408-9897515-6925152,Set,1,XS
402-8742174-1367553,Western Dress,1,M
403-7838030-2734740,Western Dress,1,XS
404-3776697-1361909,kurta,1,3XL
403-5099661-1045158,Top,1,L
403-5099661-1045158,Top,1,L
403-3495381-3833954,Set,1,S
403-7924856-5077941,Bottom,1,S
403-7924856-5077941,kurta,1,S
406-2533845-7196340,Western Dress,1,L
171-9774879-9399521,Western Dress,1,XL
406-6869263-9238730,Set,1,XXL
408-5037790-8421944,Western Dress,1,S
408-2672500-7028306,Set,1,XS
404-0914198-9797962,Set,1,XS
402-4201597-0546734,Set,1,M
408-9700048-3361124,Set,1,M
402-1936937-4982749,kurta,1,L
408-8903864-8861142,Set,1,XS
407-1436284-7714725,Set,1,S
404-1367777-2152331,kurta,1,XL
402-4478295-7346712,Set,1,XXL
408-5512075-8433155,kurta,1,3XL
171-5193231-2894730,Top,1,L
407-9323342-6337942,kurta,1,M
408-3729570-0962700,Set,1,3XL
402-6393034-4365904,Set,1,XL
404-9995585-9597103,Western Dress,1,L
406-3294809-9594741,Set,1,XL
402-4376975-1952365,Set,1,M
402-3923063-9844341,Set,1,S
171-9403455-1792351,kurta,1,L
405-6493541-1581115,kurta,1,L
406-4635205-8037965,kurta,1,XL
403-3461390-2746718,kurta,1,XXL
171-7666346-4486716,Top,1,M
405-7469579-6889110,kurta,1,XL
408-2632513-3927523,Set,1,S
402-5660957-7048345,Ethnic Dress,1,M
403-5685622-3924310,Set,1,S
407-4841025-7581908,Set,1,XXL
405-5971520-3681913,kurta,1,XXL
405-5971520-3681913,Set,1,S
407-9483657-8820338,Set,1,XS
403-4113149-5316351,kurta,1,3XL
403-7207388-4989909,kurta,1,XS
407-7835960-8377900,Blouse,1,S
406-0245562-6397906,kurta,1,XL
408-6452299-6753143,kurta,1,M
403-9274362-1572316,kurta,1,L
408-2241712-2181921,Western Dress,1,XL
408-0317362-4797134,Ethnic Dress,1,XXL
404-3848038-4307552,kurta,1,M
407-9249165-1436322,Set,1,S
407-9249165-1436322,Set,1,XS
407-6659136-5304368,Set,1,S
403-9025344-9009141,Set,1,XL
405-7690304-9401128,Set,1,L
171-2392058-5981918,Set,1,XXL
408-8623497-5753106,Western Dress,1,XL
171-1384410-9496357,Set,1,XL
404-4658084-0934730,Western Dress,1,M
408-7966237-0627506,Set,1,S
408-3460029-8997968,kurta,1,3XL
403-1316871-3660347,Set,1,XXL
404-6662030-7988334,Western Dress,1,XL
408-0713639-0743547,Set,1,3XL
403-7815196-4706733,kurta,1,XXL
403-7815196-4706733,Set,1,XXL
171-8994928-8570711,kurta,1,XL
171-9821640-7269959,Set,1,M
406-4555578-5484342,kurta,1,M
403-7134007-1693939,Set,1,XXL
171-5861497-3913926,Set,1,XXL
408-6394782-2169109,kurta,1,XL
405-3769727-2472321,kurta,1,M
404-1497480-7436327,Set,1,L
171-5727661-8181120,Set,1,S
407-0551116-7478704,Set,1,XXL
404-7940176-8403526,kurta,1,3XL
406-0834022-5085167,kurta,1,XL
406-7230608-2212335,Set,1,S
406-9304435-9991553,Set,1,XXL
403-7049401-7473910,Set,1,M
403-7737182-4458767,kurta,1,XL
402-7736548-6710742,kurta,1,M
406-5979386-2507501,Set,1,M
406-6821739-8049904,kurta,1,3XL
403-6247473-1933111,Set,1,L
407-8510443-5816363,kurta,1,XL
404-6984180-2060303,kurta,1,M
404-0379930-2919555,kurta,1,XL
404-2055087-2470735,Top,1,L
403-7266413-2452358,Set,1,L
408-3520336-2700330,Top,1,L
405-6485643-1230733,Western Dress,1,S
406-4320065-7361111,kurta,1,XS
171-9893103-8849136,Western Dress,1,L
405-0061461-4647525,Western Dress,1,XL
406-0826595-3119537,Set,1,XL
405-0726293-7683540,Set,1,3XL
405-0726293-7683540,Set,1,3XL
408-1368892-1518723,Set,1,S
402-5710200-8625123,Set,1,L
404-2682403-9045147,Set,1,XXL
408-5917194-1492366,Set,1,XXL
402-8875010-6770766,Top,1,L
406-2418820-7656346,Top,1,M
402-0228494-2033931,Set,1,XS
407-9197990-1865939,Blouse,1,L
408-4756809-5398762,Top,1,S
408-8004804-1459533,Western Dress,1,S
408-8004804-1459533,Western Dress,1,S
403-5558134-2850742,Set,1,3XL
408-2529222-6301143,Set,1,3XL
405-2390771-2672319,Set,1,M
407-5032079-5998730,Top,1,S
403-8946051-7613141,kurta,1,L
402-2291345-5695545,kurta,1,L
407-3074778-6474701,kurta,1,XXL
406-9475645-2637133,Set,1,3XL
171-7396204-0652336,Set,1,L
403-6079476-8194769,kurta,1,M
406-9887814-6066712,Set,1,XXL
171-7183022-4973937,Western Dress,1,3XL
403-4607888-1062734,kurta,1,S
404-6080032-6385967,Set,1,XL
404-6080032-6385967,Set,1,XXL
171-0426277-6545966,Set,1,M
171-4925201-6761125,Set,1,XXL
402-4780702-0805950,Set,1,XL
402-4780702-0805950,Top,1,XL
408-9649069-7226702,kurta,1,M
403-7422491-7331507,Set,1,XXL
405-4140570-1843512,Western Dress,1,M
405-4710735-8542736,kurta,1,XL
405-4710735-8542736,kurta,1,XL
405-4710735-8542736,kurta,1,XL
402-4961902-2247569,Set,1,3XL
402-5244301-2593957,Set,1,3XL
404-5759632-9909158,kurta,1,M
408-3168450-0865113,Set,1,3XL
407-7415937-9921168,kurta,1,L
171-2231784-2127544,kurta,1,S
402-6800892-6941953,kurta,1,M
403-8684061-6582755,kurta,1,S
402-0991809-3778758,kurta,1,XL
408-7059186-3984345,kurta,1,M
171-9998899-9397943,Top,1,XL
408-1924940-0841129,Set,1,M
402-7337279-9593140,kurta,1,S
171-4266443-6717124,Top,1,L
408-2895783-3890737,kurta,1,XL
405-2029201-1821926,kurta,1,XXL
403-1900481-9169932,kurta,1,3XL
408-3140217-2303555,kurta,1,L
408-4897520-6055545,kurta,1,L
407-1874705-3797939,Set,1,XL
404-1067407-5272336,Western Dress,1,L
406-6947540-8701934,kurta,1,M
403-0234518-0325963,Set,1,L
403-2475338-2956363,Western Dress,1,L
402-8981137-4335532,kurta,1,XL
404-6146142-1689951,Set,1,L
405-1794235-0117922,Set,1,L
408-5288770-3305141,kurta,1,M
406-4613817-7605900,kurta,1,L
406-4613817-7605900,kurta,1,L
406-4613817-7605900,kurta,1,L
406-4613817-7605900,kurta,1,L
405-8676855-4361162,kurta,1,M
402-9059865-1035524,Set,1,XL
402-5461976-2373116,Set,1,M
402-5461976-2373116,Set,1,L
403-1733083-5898700,Set,1,S
407-5886939-0645903,Set,1,S
402-0290950-1361910,kurta,1,S
407-0009277-8121959,kurta,1,M
407-0009277-8121959,kurta,1,M
406-5490796-2879567,kurta,1,L
406-5490796-2879567,kurta,1,L
406-5490796-2879567,kurta,1,L
405-6752662-6687546,Set,1,XXL
405-6752662-6687546,Set,1,XXL
405-6752662-6687546,Set,1,XXL
405-9741113-3426701,kurta,1,M
405-1253576-9000339,kurta,1,XL
405-4457992-8189153,kurta,1,XXL
408-2972724-4956352,Ethnic Dress,1,M
405-9793217-7596314,Ethnic Dress,1,3XL
402-5649743-6816354,Set,1,3XL
402-7019508-3954700,Set,1,XS
171-5314604-2917913,kurta,1,L
404-6814200-7275563,kurta,1,XL
408-2960075-9857928,kurta,1,3XL
403-4106019-8669920,Top,1,XL
403-8835565-7339509,kurta,1,XL
403-8835565-7339509,kurta,1,XL
404-9367210-3793949,Western Dress,1,M
407-9369981-2360341,kurta,1,XL
403-2522909-2668354,kurta,1,S
403-1664754-2775534,Western Dress,1,XL
402-2896177-3250753,Set,1,XS
404-7540372-3621964,kurta,1,XXL
404-2312299-7903558,kurta,1,XS
403-3667797-6377163,kurta,1,M
408-2327134-7962769,Set,1,3XL
402-2686897-1309168,kurta,1,S
406-2510678-7087541,kurta,1,M
403-3921360-4296342,kurta,1,3XL
402-6417327-3475525,kurta,1,L
403-1256874-6764307,Set,1,S
403-0693852-1759517,Set,1,XXL
171-9942606-5383557,Top,1,XXL
407-1672236-9485149,Western Dress,1,XS
171-1049950-7516348,Western Dress,1,3XL
408-3006964-0126709,kurta,1,M
171-2032145-6808331,Western Dress,1,XL
402-7868463-8265108,Bottom,1,XL
408-7677123-6742748,Set,1,XL
171-9938177-3045932,Western Dress,1,XXL
171-1443270-1348364,Set,1,XXL
403-8869340-1805950,kurta,1,3XL
403-7634791-4999524,Western Dress,1,3XL
404-6239535-3669952,Set,1,M
404-6239535-3669952,Set,1,L
407-6664544-0868318,Ethnic Dress,1,L
402-6060162-5797168,kurta,1,XXL
408-8591642-2666766,Set,1,XXL
171-8665095-1119526,kurta,1,XL
407-5676191-9385965,Set,1,L
406-9651044-0285109,Set,1,3XL
408-6447562-1432309,kurta,1,3XL
406-5161162-8132335,Set,1,S
408-3273527-5519522,kurta,1,XXL
171-2261722-6081910,Ethnic Dress,1,L
406-8601208-4846744,kurta,1,S
408-9704503-2165101,Western Dress,1,XL
408-9334866-0431518,Set,1,M
408-9334866-0431518,Set,1,M
405-5028453-6279528,Western Dress,1,L
405-6530351-1467525,kurta,1,XXL
403-1270810-7853916,kurta,1,S
406-4472318-4505964,kurta,1,3XL
405-0733595-4926756,Set,1,3XL
403-0037636-5477930,Set,1,XXL
403-9959596-7454713,kurta,1,L
403-7021793-1425148,Western Dress,1,M
405-2211496-8111559,kurta,1,3XL
402-9787744-8093932,Set,1,M
405-2652728-1392324,kurta,1,M
404-9778876-2406727,Set,1,XXL
406-5156453-2081104,Top,1,XXL
405-2486151-5001949,Set,1,XS
406-3290684-4471504,kurta,1,XS
405-4669331-5673952,Western Dress,1,L
171-7459366-9955541,Western Dress,1,XL
405-0481984-8597963,Set,1,XS
408-1978696-7937936,Set,1,XL
403-4575487-6507510,kurta,1,M
402-4571122-2435562,Set,1,3XL
408-1931206-0409968,Set,1,XXL
402-9811148-9865940,Set,1,XS
402-9811148-9865940,Set,1,XS
402-9811148-9865940,Western Dress,1,XS
408-1868675-4462739,Set,1,L
402-4636673-9605947,kurta,1,M
405-4411589-1188346,kurta,1,XS
405-8181159-4172358,kurta,1,XS
406-0650371-2136313,Ethnic Dress,1,XXL
171-3614376-3070722,Set,1,M
408-3631250-0246741,kurta,1,XS
171-4239004-1972310,Set,1,L
408-9092129-1098708,Top,1,XL
402-8974965-1519529,kurta,1,L
171-5022200-9736340,Set,1,XS
405-9078912-4648363,Set,1,M
405-1147710-3743534,Set,1,L
171-5824973-2415510,Set,1,L
408-6696732-9875559,kurta,1,S
406-5533935-7992327,Set,1,3XL
407-4495219-8391520,Western Dress,1,XS
406-5379830-2391569,kurta,1,3XL
406-3306641-3860354,Western Dress,1,M
406-8034736-1336311,Set,1,XS
402-7337153-8306721,kurta,1,S
408-2982898-6360309,Set,1,M
403-3789264-3373113,kurta,1,L
402-6401761-0306747,Set,1,3XL
408-2656986-1641958,kurta,1,XL
408-1939225-7100359,kurta,1,XL
406-7423557-2095545,Set,1,XS
406-7423557-2095545,Set,1,S
406-7423557-2095545,Set,1,S
171-7612013-3519519,kurta,1,3XL
406-7936404-8747551,Western Dress,1,L
406-1105431-3492360,kurta,1,S
171-7476281-7979528,Set,1,XL
407-1105586-9513918,kurta,1,M
406-5907165-4025954,kurta,1,L
403-6606806-5023506,Set,1,L
403-6606806-5023506,kurta,1,L
408-9440622-2325959,Top,1,L
406-8994481-3232361,kurta,1,XXL
402-6536201-0121153,Set,1,M
406-4321377-6093930,kurta,1,M
407-8863501-2068339,Top,1,M
407-7297192-8270705,Western Dress,1,L
405-8096420-0060306,Western Dress,1,XL
402-7453703-5061155,kurta,1,XL
403-6816640-5861957,Western Dress,1,L
407-1974388-3681907,Set,1,M
171-3248234-6677933,Western Dress,1,XL
407-7480976-9689911,Western Dress,1,L
407-6496993-7217954,Set,1,S
407-6496993-7217954,Set,1,S
405-1375530-3035513,kurta,1,XL
408-4395802-6594755,Set,1,XL
408-4395802-6594755,Set,1,XL
402-9710636-8493924,kurta,1,L
402-9710636-8493924,kurta,1,L
407-6665979-8899565,Set,1,L
407-4208998-5003515,Top,1,3XL
406-2269440-4907565,Western Dress,1,XL
407-2868802-7685901,kurta,1,L
402-4156913-6633935,Set,1,L
404-0996421-6017917,Set,1,S
171-9437924-4581918,Set,1,XS
405-4513643-6569149,kurta,1,3XL
407-9613341-3853913,Set,1,3XL
403-4482530-5106726,kurta,1,L
407-8018276-0651503,Top,1,L
407-8018276-0651503,Top,1,L
407-4998027-7477110,Top,1,3XL
405-6406941-4577910,kurta,1,M
403-3580687-2092358,Western Dress,1,XXL
171-1651210-9050740,Set,1,L
171-4176102-3668301,Western Dress,1,XL
407-8674347-0649917,Set,1,XXL
408-2478856-5545125,kurta,1,L
171-5753280-0949135,kurta,1,L
406-8860741-3421121,Set,1,XXL
402-6270142-6403552,kurta,1,XXL
404-4551298-1869912,Set,1,M
406-3391045-7717122,Set,1,M
403-4897708-2441965,Western Dress,1,M
407-1801022-5722734,Set,1,XL
407-1801022-5722734,Set,1,XXL
171-2765941-5299547,Set,1,M
406-8561579-6851506,Set,1,3XL
407-4143378-9209914,Set,1,L
405-9031233-5776343,Set,1,XL
408-1042655-6898743,Set,1,L
405-8270159-3885138,Set,1,L
408-3429144-5461136,kurta,1,3XL
403-4823743-6997918,kurta,1,XL
403-4823743-6997918,kurta,1,XXL
171-3093266-5261163,kurta,1,XS
404-0270846-5733174,Set,1,S
406-2880872-1705103,kurta,1,3XL
171-9995000-9178718,kurta,1,XL
406-2674914-5337128,Set,1,L
408-8544708-5222730,Set,1,L
405-0327130-2169973,Top,1,3XL
407-6942255-9281126,kurta,1,S
407-4767458-8355523,Set,1,3XL
406-1354937-1545929,kurta,1,XL
408-3443461-9059526,kurta,1,XL
408-0896250-8421150,Set,1,M
405-8786058-5893140,kurta,1,XL
407-2708965-1041121,Set,1,M
407-3344499-9649941,Set,1,3XL
407-7233347-0734706,Set,1,S
171-2322041-6407552,Set,1,XXL
405-1148455-8381159,Set,1,XXL
406-0145345-2873129,kurta,1,M
407-7763402-0345118,Set,1,3XL
407-4276653-7266727,Set,1,XXL
407-7127753-8580358,kurta,1,XL
406-8948934-6435503,Set,1,M
406-7868260-9761908,Set,1,L
405-1261742-5728342,kurta,1,XL
171-6846116-3088344,kurta,1,M
406-5367743-3064302,Set,1,XS
404-0595943-7488350,kurta,1,3XL
407-6810058-1917913,Set,1,M
402-2217123-4867559,Set,1,M
402-1241489-5522701,Set,1,XXL
406-7120182-8550708,kurta,1,L
408-2164476-8831523,kurta,1,XXL
406-7517863-1560303,Set,1,L
171-1144428-7254727,kurta,1,3XL
402-8973711-5381929,Set,1,3XL
402-4429736-5596358,Set,1,XS
404-0288293-5432358,Set,1,3XL
408-4121286-7158725,kurta,1,L
408-4121286-7158725,kurta,1,L
171-5414830-2641969,Set,1,3XL
405-7161269-6629915,kurta,1,M
402-9430060-7550730,kurta,1,M
171-5743936-1004305,Set,1,XXL
408-9287744-3289160,Set,1,L
403-6449589-6507549,Set,1,M
403-6923241-4181918,kurta,1,XL
405-3149354-9608326,Set,1,3XL
407-2730410-2055519,Top,1,XL
405-5779432-2493935,kurta,1,L
403-3221365-5178762,kurta,1,M
405-6072212-7113141,Set,1,XL
402-2342051-9126713,Set,1,L
407-7071778-7959535,kurta,1,XXL
402-7271482-2933119,kurta,1,M
408-0663453-6401964,Set,1,XL
405-4781230-1545951,Top,1,XXL
408-7512506-4024328,kurta,1,L
405-1088169-0848363,Blouse,2,Free
402-7548734-3747561,kurta,1,L
171-3759771-9151527,Set,1,L
405-9086307-3560337,Set,1,3XL
171-8373933-8381905,Set,1,M
408-6673873-3362736,Set,1,S
405-5639646-2385156,Blouse,1,XS
408-7069354-4959509,kurta,1,M
171-7358375-9149961,Set,1,XS
405-3012837-1404339,kurta,1,S
405-3012837-1404339,Set,1,M
405-6539781-0401942,kurta,1,XXL
408-7469699-8369901,kurta,1,L
171-1985434-7553109,kurta,1,L
403-8326396-3893116,Saree,1,Free
407-5339318-1209908,Set,1,L
403-4348141-3081917,Set,1,XXL
404-3795911-0257137,Set,1,XXL
407-5452282-8219500,kurta,1,XXL
403-2158486-4571537,Western Dress,1,XL
405-6741374-0300331,Set,1,3XL
171-5088212-1521152,Top,1,M
406-2645315-2898755,Set,1,3XL
405-9726057-3897931,kurta,1,XXL
407-6138039-2887554,Set,1,XXL
407-6138039-2887554,kurta,1,3XL
405-9836057-9097922,kurta,1,M
405-9836057-9097922,kurta,1,L
405-6962414-4941931,kurta,1,XS
408-3447779-5513156,Set,1,L
403-9743452-3501114,kurta,1,XXL
404-7413556-2069949,Set,1,L
407-5690379-9197101,Top,1,S
405-7883685-0623561,kurta,1,L
408-5690020-1177121,Western Dress,1,S
402-6993379-3742715,Top,1,XS
402-4394155-4565162,Western Dress,1,M
404-8705217-3039537,Set,1,3XL
403-7862589-9169113,kurta,1,M
408-8764387-3696351,kurta,1,XS
402-1436907-9902733,kurta,1,XXL
403-7735409-0757965,kurta,1,3XL
405-8710066-0873911,Set,1,L
405-8710066-0873911,Set,1,L
405-8710066-0873911,Set,1,L
405-8710066-0873911,Set,1,L
406-5839864-5189124,kurta,1,M
171-7327235-3488337,kurta,1,L
171-7327235-3488337,Set,1,L
404-9321153-7326764,Western Dress,1,3XL
402-9346228-2116340,kurta,1,XS
406-7192917-2933123,Western Dress,1,XL
406-7192917-2933123,Western Dress,1,XL
406-2082223-7297965,kurta,1,XXL
406-2082223-7297965,kurta,1,XXL
402-9484020-3920355,kurta,1,S
403-1476523-2088365,kurta,1,M
404-3929022-3810741,Western Dress,1,S
403-2529987-7343566,kurta,1,XL
408-1263713-0169960,kurta,1,S
408-6739640-6202728,Western Dress,1,M
402-2912510-0056300,Set,1,L
404-5028613-9216361,Set,1,XXL
403-9228258-6769137,kurta,1,XXL
407-8459524-3459555,kurta,1,XL
171-9764179-4273961,Western Dress,1,L
408-3442706-8282753,kurta,1,M
402-7147045-3513961,Set,1,XXL
404-2093235-5277967,Set,1,L
407-9036456-3331509,kurta,1,M
405-2378773-6217141,Western Dress,1,3XL
405-3534559-0850768,kurta,1,XXL
171-6612777-0746767,kurta,1,S
404-0058659-7603506,Set,1,XS
402-3352035-6635559,kurta,1,S
407-4038788-5686762,Set,1,XXL
402-6545651-5430738,kurta,1,XL
404-9608503-5721122,Set,1,L
404-4554220-0043541,kurta,1,3XL
171-8383624-1703512,Set,1,3XL
404-7588789-4369920,Set,1,S
403-1669226-4733112,kurta,1,L
402-2119370-3533104,Set,1,S
402-2119370-3533104,Set,1,S
403-6352483-7366719,Top,1,XXL
407-3788696-4116313,kurta,1,M
405-6092658-6838767,kurta,1,L
408-9907216-0660339,Set,1,L
407-3829799-8217154,Set,1,XXL
402-6454535-4269140,Set,1,3XL
406-6488598-0917116,Set,1,3XL
403-0029325-0019505,kurta,1,XS
408-2906730-1581152,Western Dress,1,XXL
406-6937726-2401108,kurta,1,3XL
406-1754649-9740364,Set,1,M
406-0569515-1429114,Set,1,S
171-0815866-0340328,Blouse,1,L
408-6668505-4451542,kurta,1,XXL
403-3203137-2373167,Set,1,S
403-9470408-5686716,Top,1,XL
403-9470408-5686716,Set,1,L
407-2139718-8843519,Set,1,L
407-4123914-2367518,kurta,1,XS
405-0579711-5302712,Set,1,M
171-0932204-3040312,Set,1,S
407-3718040-5430718,Set,1,M
407-1727351-5584329,Set,1,XL
407-1727351-5584329,Set,1,L
171-4902725-0470741,kurta,1,L
406-4748169-1225164,kurta,1,XS
404-8005724-0797148,Set,1,XXL
404-0958667-8381156,Set,1,XXL
403-4462599-8264339,Set,1,XS
407-5704121-2425922,Set,1,3XL
404-2566735-5065136,kurta,1,XXL
407-5719160-0751555,Set,1,M
402-9658136-4765115,Set,1,L
171-8644316-3010700,kurta,1,XL
171-8644316-3010700,kurta,1,XL
408-7731301-4053956,Set,1,3XL
402-3391029-6267552,kurta,1,S
408-5067954-1051500,Set,1,S
402-7862231-4362718,kurta,1,L
402-2951468-6961936,Set,1,S
407-4019721-3217159,Set,1,XXL
407-4019721-3217159,Set,1,XXL
402-5617452-2826759,Western Dress,1,XL
403-3755191-6742733,Top,1,M
408-0723020-7349159,kurta,1,XS
405-7788745-4496361,Western Dress,1,XL
408-7718879-0172312,kurta,1,L
408-5648228-2410700,Western Dress,1,XL
171-2365524-9897949,Blouse,1,L
402-5499718-4123559,kurta,1,M
402-5590473-7521909,kurta,1,L
402-5590473-7521909,kurta,1,L
402-5590473-7521909,kurta,1,L
171-3901282-9528337,kurta,1,XXL
405-5311455-7905118,kurta,1,XL
406-5587723-3395516,kurta,1,XL
406-5587723-3395516,kurta,1,L
402-9700891-6289115,kurta,1,XL
407-8487814-7092327,kurta,1,M
171-6403832-8366765,Ethnic Dress,1,S
405-2683680-7259531,Set,1,3XL
407-7021804-7334703,Set,1,XS
402-9145032-6274728,kurta,1,XL
404-0728796-7591537,kurta,1,L
407-3609113-0803564,Set,1,M
171-5699177-7081112,Set,1,L
403-3069190-4917155,kurta,1,XS
408-9929957-7374706,Set,1,3XL
404-4302145-2759521,Western Dress,1,XL
405-9665657-4712351,Western Dress,1,S
408-2846090-6277140,kurta,1,XL
408-4427884-7597923,Set,1,M
405-6366682-6032317,kurta,1,L
407-6528764-0116359,Top,1,M
408-1119155-4634724,kurta,1,L
406-7208558-7416355,kurta,1,S
405-9511672-8642762,Set,1,XXL
405-9511672-8642762,Set,1,XL
408-9516924-1376308,kurta,1,L
171-8371046-0823535,Set,1,XXL
402-8509166-6271500,Set,1,XL
402-3886278-1402750,kurta,1,M
171-7063150-0496332,Set,1,S
402-8182081-6608312,Set,1,M
405-9369072-8596326,Set,1,M
405-5074110-6587502,Set,1,S
402-0291056-4129105,kurta,1,M
406-6894074-5349139,Top,1,M
404-4716901-2962755,kurta,1,XL
408-2493051-3524330,kurta,1,L
402-5261656-8219505,Set,1,S
403-6444415-2604353,Set,1,XXL
405-7417982-5683561,Top,1,M
402-8725746-3142723,Set,1,M
407-3474539-5982766,kurta,1,S
402-0481559-2480346,Top,1,M
403-1142231-4031535,kurta,1,XXL
403-1142231-4031535,Set,1,XXL
408-1930929-3039520,kurta,1,L
408-8589220-6556333,Set,1,XS
403-3943362-8896346,Set,2,3XL
406-1808533-9065966,kurta,1,S
403-5938688-0538700,kurta,1,L
407-1222518-3581903,kurta,1,L
408-2984230-5740356,Set,1,M
405-3163033-9837916,Set,1,M
403-9662616-2314732,Set,1,S
171-3464505-3897962,kurta,1,XS
407-3234634-5361926,Set,1,3XL
404-7362997-0849137,kurta,1,XL
404-7362997-0849137,kurta,1,XL
404-7362997-0849137,kurta,1,XL
404-7362997-0849137,Set,1,XL
403-3971590-5701117,Set,1,XL
408-2701576-6705137,Western Dress,1,S
408-4398679-9803537,Set,1,XXL
403-3411476-8149104,kurta,1,3XL
403-2510203-1801140,kurta,1,XL
403-2510203-1801140,kurta,1,XL
407-8468592-8426727,kurta,1,M
406-1052036-3303564,kurta,1,XL
406-2860170-0913929,Set,1,L
403-7024656-5066761,kurta,1,S
402-4596049-6576319,kurta,1,L
407-9412555-3279533,Western Dress,1,S
402-5958955-4937103,Set,1,L
407-6472137-3845142,Set,1,M
404-4296993-2708367,Set,1,L
403-9614204-0998749,Set,1,L
408-3772082-6305159,kurta,1,L
406-7161539-5417101,Set,1,3XL
407-4634600-3645967,Set,1,L
405-0966340-5125106,Set,1,XXL
404-8995002-5185132,kurta,1,XXL
404-8995002-5185132,kurta,1,XXL
171-0957497-9009907,Set,1,3XL
403-6150834-2807523,kurta,1,M
405-8809373-5826703,Set,1,S
404-1604229-5753963,Blouse,1,L
403-0666430-0584330,kurta,1,XXL
404-6556927-3317116,Set,1,M
408-9057067-2962765,kurta,1,M
407-4437701-9742726,kurta,1,XXL
405-5736890-0222712,kurta,1,XL
408-7496635-7923552,Set,1,XXL
403-0537586-5082705,kurta,1,M
404-7104802-4393157,Set,1,M
402-8489812-1805105,kurta,1,XL
408-0884551-5483560,Western Dress,1,XXL
408-6315962-7597907,Set,1,S
404-2223053-4298704,Top,1,XL
406-5540233-7949145,kurta,1,XL
171-6187184-6983558,Western Dress,1,M
402-8549159-0097931,Western Dress,1,S
405-0909739-3197901,kurta,1,XL
405-5355195-7278742,kurta,1,M
405-5355195-7278742,kurta,1,M
403-5811970-7374719,kurta,1,M
405-0298440-3795553,kurta,1,L
407-5762490-1863524,Set,1,XS
171-4852627-4442733,Set,1,XXL
405-6087225-2648329,Set,1,M
402-1430873-6110702,Set,1,M
405-0936591-3366755,kurta,1,3XL
405-6554486-5823513,Set,1,XXL
171-6697166-4120307,Set,1,M
408-9391070-0827522,Set,1,XXL
402-4601697-8709920,Set,1,S
406-2873303-0021139,Set,1,3XL
403-0405939-9249142,Set,1,XL
406-5964173-9673916,kurta,1,M
405-4825060-6460352,kurta,1,L
171-0176729-1093948,Set,1,L
405-8036918-0033159,Western Dress,1,XXL
405-9050717-2214752,kurta,1,S
402-4298492-9349167,kurta,1,S
403-9779339-1080309,kurta,1,XL
407-0897131-1025915,Set,1,L
403-6953849-1682740,Set,1,L
408-2170792-1921144,kurta,1,3XL
171-1431037-9288308,Top,1,XXL
405-2914696-4782724,Blouse,1,Free
404-7609914-6977917,Set,1,L
408-5704904-9821135,Set,1,XS
406-4808244-0021144,Set,1,L
402-0500326-0912309,kurta,1,M
404-0296889-8083533,kurta,1,M
404-6927679-3161103,kurta,1,XL
407-3820065-3699551,Set,1,L
408-9069560-9813948,Set,1,3XL
406-4928460-2031526,kurta,1,L
408-8698879-9756322,Set,1,XS
406-3589951-3101910,kurta,1,S
408-1320617-7910742,Set,1,S
408-1320617-7910742,Set,1,S
408-1320617-7910742,Set,1,S
406-6755596-6843522,kurta,1,S
171-7295311-0001969,kurta,1,S
408-3133243-8549902,kurta,1,L
171-6685166-9828362,kurta,1,S
403-4065374-5650735,Set,1,XS
404-9823636-2607553,Set,1,L
404-9238729-4351566,Set,1,3XL
407-1623383-4064322,kurta,1,XS
408-3955585-1471508,kurta,1,XXL
407-5299343-6758731,Set,1,3XL
407-4147591-2650709,kurta,1,3XL
402-4200377-6488324,kurta,1,L
407-9065492-7433913,kurta,1,S
408-5057751-0798766,Set,1,L
406-6827631-4949153,Set,1,M
404-8366017-7062745,Set,1,M
407-6718403-4983546,kurta,1,M
402-6677410-7931521,Set,1,3XL
403-6899871-4561915,Set,1,M
171-4371542-7768333,Set,1,L
408-1153524-9214725,kurta,1,S
407-8814335-6798707,kurta,1,S
403-5334974-1328313,Set,1,S
408-0673219-6263553,Top,1,M
403-3922301-2445114,kurta,1,XXL
171-7274285-8294726,kurta,1,M
408-7278633-3551540,kurta,1,XXL
404-3541952-6420333,Set,1,XS
403-9752533-2556330,Western Dress,1,3XL
408-6359792-5061931,kurta,1,M
408-6359792-5061931,kurta,1,M
402-3556728-5850703,Set,1,XXL
405-6263253-2452361,kurta,1,M
407-4793937-8237953,kurta,1,L
407-4793937-8237953,Set,1,L
402-6667840-7778702,Set,1,M
405-4394321-8266717,kurta,1,L
404-8899833-8340311,kurta,1,XXL
404-8899833-8340311,kurta,1,XXL
408-6447491-6379534,Set,1,3XL
408-6447491-6379534,Set,1,XXL
404-0567663-0620324,Set,1,XXL
404-0567663-0620324,kurta,1,XXL
403-3361269-9661126,kurta,1,XL
408-7974260-2800300,Set,1,M
407-2624767-0641930,kurta,1,L
406-9100112-7825104,kurta,1,XL
405-1139090-7305922,Western Dress,1,3XL
405-0016939-7685179,Set,1,L
403-7183264-2723527,Set,1,3XL
406-1018605-3257104,kurta,1,XXL
408-2869713-3884338,kurta,1,L
408-2869713-3884338,kurta,1,L
408-2869713-3884338,kurta,1,L
171-1076193-0585111,kurta,1,XS
408-9274647-8113905,Western Dress,1,S
402-6699280-4061918,Set,1,L
402-7990548-7754752,kurta,1,XXL
402-8410354-9034767,kurta,1,XXL
405-8318835-3270718,Set,1,3XL
407-0343779-7212351,Western Dress,1,M
171-9160404-0114738,Top,1,XXL
404-6682189-9278734,Set,1,3XL
171-8785435-6173146,kurta,1,XXL
408-2128952-2882717,kurta,1,S
404-9643707-1146726,Set,1,M
406-4246242-5746750,kurta,1,S
406-8897028-9002724,Set,1,3XL
404-3556766-5852310,kurta,1,XS
408-4721498-4056366,Set,1,XXL
408-0349228-7646756,Set,1,XS
171-3181221-2060309,kurta,1,S
407-2413820-4581106,Set,1,3XL
404-8961626-0643533,Set,1,S
406-7413254-9872366,Set,1,XXL
406-7413254-9872366,Set,1,XXL
406-1246136-0112309,kurta,1,L
407-8160037-2709901,kurta,1,3XL
408-3718024-0661968,kurta,1,3XL
402-8845974-0052316,Set,1,M
171-8515364-7391555,Set,1,3XL
403-5299609-6621940,Set,1,L
402-6660302-8963529,Set,1,M
404-7788845-6289135,Western Dress,1,XL
408-8144476-4229115,Set,1,XXL
403-9693506-2381919,Blouse,1,L
171-1557209-0681951,kurta,1,XXL
407-9167708-8218766,kurta,1,XL
408-3618629-6457120,Set,1,3XL
404-2392185-3375552,Top,1,M
405-7017260-3837151,kurta,1,XL
405-7017260-3837151,kurta,1,XL
406-5321607-0699505,kurta,1,XXL
406-4871006-5117941,kurta,1,3XL
408-4690348-4905960,Set,1,XL
405-1196310-2545147,Top,1,XL
171-2380303-0353110,Set,1,XL
171-1780097-2187537,kurta,1,XXL
171-4050410-6834748,kurta,1,XS
408-1712508-3039546,Set,1,XXL
407-0032580-0013166,Western Dress,1,XL
402-7686804-7210730,kurta,1,3XL
408-9138441-5921964,kurta,1,XL
403-4681907-0895568,Blouse,1,Free
404-0245211-8982718,Set,1,XS
407-2797957-2205923,Set,1,S
407-2332737-0085127,kurta,1,M
171-7815087-1997138,kurta,1,XL
403-5371767-0606700,kurta,1,XL
407-1800366-4119517,Set,1,XS
407-6273927-0788326,kurta,1,XXL
406-4882868-9702759,Set,1,XXL
406-5481026-2173947,kurta,1,3XL
403-6794997-8600350,kurta,1,XL
406-0348581-8453919,kurta,1,L
402-7042263-6242748,Set,1,M
408-5469063-4137929,kurta,1,M
402-6295072-2934748,kurta,1,XS
403-1013730-3358762,kurta,1,M
408-7646529-0395539,Top,1,L
408-5548469-7086723,kurta,1,XS
404-6338109-7129942,kurta,1,3XL
404-6338109-7129942,kurta,1,3XL
402-3129587-2139500,Set,1,XXL
405-9118417-9537922,kurta,1,3XL
402-3624906-2953107,Set,1,M
407-3809413-2617104,Set,1,S
403-5278150-6440367,Set,1,M
405-2676761-8098768,kurta,1,M
171-7183407-8093138,Set,1,3XL
171-4091129-9642738,Set,1,XXL
406-3238118-7529947,kurta,1,M
408-3113090-8552328,Set,1,XS
171-9800895-9325165,kurta,1,XL
408-5797025-0607530,Set,1,L
402-2125085-0107519,kurta,1,XXL
403-6123465-2355514,Set,1,L
403-7871185-9999531,Set,1,XXL
407-8167520-1364309,kurta,1,M
408-7284234-1123523,kurta,1,S
171-1987319-9177151,kurta,1,3XL
406-7398479-3979514,Western Dress,1,3XL
405-8376338-2737914,kurta,1,L
407-6532116-1345929,Set,1,XXL
402-5530196-9673965,kurta,1,XS
407-0846147-0746762,kurta,1,XL
404-6771290-5364352,kurta,1,S
404-6771290-5364352,kurta,1,S
404-7054605-8275548,Set,1,XXL
407-0858898-0507545,kurta,1,M
403-3084693-9153120,Set,1,3XL
407-3846204-5400354,kurta,1,XL
407-7512733-6707527,Set,1,M
408-9688290-4433169,kurta,1,S
408-6383479-2736337,Set,1,L
408-5426986-3841964,Set,1,XXL
403-1563749-7352351,Set,1,L
407-4931626-4520345,Set,1,L
408-9230585-0825935,Western Dress,1,XXL
407-3560539-4458751,Western Dress,1,XL
403-0514868-9975560,Set,1,XXL
402-9482426-6683509,Set,1,XS
171-0549743-1577126,kurta,1,XL
403-5781209-1293967,kurta,1,XL
405-6421567-8473940,kurta,1,3XL
406-7443192-3383524,Ethnic Dress,1,XL
405-0200048-4105908,Set,1,3XL
407-5063941-6788358,kurta,1,XS
403-0791010-8093162,Set,1,L
405-6209573-8445949,kurta,1,L
404-2038920-7318737,kurta,1,S
404-2038920-7318737,kurta,1,XS
404-2038920-7318737,kurta,1,XS
403-2238554-5446710,Western Dress,1,S
403-2238554-5446710,Ethnic Dress,1,S
407-6506853-7950710,kurta,2,S
407-9088574-2133921,kurta,1,XXL
403-0460028-0421140,kurta,1,S
407-0228948-5652308,Set,1,L
407-0228948-5652308,Set,1,L
407-1742431-1798714,Set,1,S
406-6884042-0576309,kurta,1,M
407-8590550-1184319,kurta,1,S
171-0776043-8116338,kurta,1,3XL
408-4711201-3993950,Set,1,XL
408-9646501-2997963,Set,1,M
403-8470481-9746747,kurta,1,M
407-3306149-6388328,kurta,1,S
402-3061073-7873163,Western Dress,1,L
405-1967350-1653159,kurta,1,M
171-9587254-7977169,kurta,1,XXL
405-5974744-4279535,kurta,1,M
405-1618197-8952321,kurta,1,M
171-1091480-1030755,Top,1,XXL
408-1546129-6625113,Top,1,L
406-9578927-9724341,kurta,1,XS
408-6339201-8676330,kurta,1,XL
403-9387927-2663566,kurta,1,L
403-9387927-2663566,kurta,1,L
408-3139937-1258763,Set,1,M
406-8278999-9713101,kurta,1,3XL
407-1166051-3306732,Set,1,M
171-8307300-6816365,Western Dress,1,XL
171-4891203-5441935,kurta,1,XS
405-3826527-9452318,Set,1,XXL
408-9005588-0341966,kurta,1,L
402-3985180-7809144,Western Dress,1,L
405-4051930-1617913,Set,1,XS
408-3593459-4013911,kurta,1,3XL
403-6239034-3357953,Set,1,XS
405-8738451-5561141,kurta,1,S
408-4993327-8325122,Set,1,XS
408-7530609-5509920,Set,1,XS
171-8196537-5550712,Set,1,3XL
171-8196537-5550712,Set,1,XXL
407-5090501-8709935,kurta,1,M
403-8760571-0856310,Set,1,L
407-9389904-1284301,Set,1,M
405-0941548-5077927,kurta,1,XXL
403-3895008-2925963,Set,1,XS
407-4033456-6772302,kurta,1,L
404-0521384-2302708,Western Dress,1,XL
406-0451406-6863517,Set,1,XL
404-5993984-7121118,kurta,1,XS
404-5993984-7121118,Set,1,XS
408-4752570-3728362,Set,1,XL
403-7276991-2387561,kurta,1,M
405-0969202-7555537,kurta,1,S
404-9178414-6677105,Western Dress,1,M
404-7643710-2488336,Western Dress,1,XL
403-8445454-4581969,kurta,1,XXL
405-4590475-9854711,Set,1,XS
402-6974169-0921910,kurta,1,XL
171-3029992-5254713,Set,1,S
171-3029992-5254713,Set,1,S
408-2402352-6582702,kurta,1,XXL
405-3575465-5406753,Set,1,XXL
405-3664171-9101139,kurta,1,M
404-6718179-0908324,Set,1,S
404-7902690-9694706,Top,1,M
405-4436326-7421120,kurta,1,M
171-8939517-0605145,Set,1,M
402-7572002-5181952,Set,1,S
407-6612639-9177109,Set,1,L
408-0419643-8398751,kurta,1,L
404-5606727-7663564,Set,1,XL
407-4847390-0293155,kurta,1,XL
408-3557504-4285160,Western Dress,1,M
406-9982642-0694729,kurta,1,M
403-1944680-5185926,kurta,1,XL
406-0104437-4023539,Set,1,M
404-6651747-9802734,Ethnic Dress,1,XL
403-9746628-4443518,kurta,1,L
405-0397248-4120312,Western Dress,1,L
171-9114408-4907504,Set,1,3XL
405-9867893-2946713,kurta,1,M
404-8762300-9776337,Ethnic Dress,1,XL
406-3897609-9653939,kurta,1,3XL
406-7808350-6698713,kurta,1,XL
402-1482067-2149150,kurta,1,M
403-2157754-9503523,kurta,1,L
405-6923872-8335568,Set,1,XXL
404-1215053-5727519,kurta,1,XXL
171-6365626-3453154,Set,1,3XL
171-6365626-3453154,Set,1,3XL
405-3835107-2007524,kurta,1,XL
403-7210545-3154743,Top,1,M
405-7805417-2808338,kurta,1,XL
404-3092661-2790761,kurta,1,XXL
407-3554912-0353967,kurta,1,M
407-3554912-0353967,kurta,1,M
408-4428955-4477164,Set,1,XXL
402-7693001-9285926,Top,1,XL
408-7103924-2397904,kurta,1,S
403-4610056-6345135,kurta,1,XXL
408-3184703-8220328,Set,1,XL
171-1494591-2313900,Western Dress,1,XL
403-9334936-7634730,kurta,1,M
408-2279073-9056313,kurta,1,XS
403-7464634-1965945,Western Dress,1,S
408-9369531-2532313,Western Dress,1,3XL
171-1367024-1514754,Set,1,L
171-0495515-8104331,kurta,1,XL
407-5477153-6925932,Set,1,XL
403-7930713-5963536,kurta,1,XL
403-7930713-5963536,kurta,1,XXL
403-7930713-5963536,kurta,1,XL
406-9402751-9261905,Set,1,M
408-0840162-0076342,Set,1,XXL
406-4594226-8669101,kurta,1,XXL
403-5895620-2309909,Set,1,XL
408-8329930-1620300,kurta,1,M
408-8329930-1620300,kurta,1,M
403-2448027-0429938,kurta,1,M
404-6843123-8972323,Western Dress,1,XL
404-6656177-3019543,Set,1,3XL
408-4831997-4553961,kurta,1,M
404-1869960-1336329,Set,1,M
407-7142737-1970754,kurta,1,L
405-2767850-1613166,kurta,1,M
403-9751559-4266751,Set,1,3XL
407-4237855-5907564,kurta,1,XS
171-8605507-9264347,kurta,1,L
406-5161764-0588367,Set,1,XL
408-7287425-1906724,Set,1,XXL
407-3763254-7652301,kurta,1,S
402-1994893-7145164,kurta,1,M
404-1925000-5680362,Set,1,3XL
408-6820995-3013957,kurta,1,S
171-4045409-7316358,kurta,1,L
404-2246208-3614740,kurta,1,L
402-7409863-3970740,Set,1,L
402-7409863-3970740,Set,1,S
402-7409863-3970740,Set,1,L
403-7790119-0362758,Ethnic Dress,1,L
408-5989919-2640312,kurta,1,S
405-7685523-3782736,kurta,1,M
402-2211512-6563523,Western Dress,1,XL
403-4156139-6247567,kurta,1,M
403-4156139-6247567,kurta,1,M
405-2459076-1813161,Set,1,3XL
405-3613972-9044303,Set,1,M
406-6389648-9987552,kurta,1,XL
406-0605669-8758744,kurta,1,XL
406-2725618-2868325,Top,1,L
171-5747874-1196315,kurta,1,3XL
407-7046931-0909122,kurta,1,XXL
406-5222123-2220364,kurta,1,XS
171-8765890-2425125,Set,1,XXL
403-6641611-8777129,kurta,1,M
403-6641611-8777129,kurta,1,M
407-5112196-7607542,kurta,1,L
405-6101505-4881915,kurta,1,XL
402-7386563-4832327,kurta,1,L
171-3068975-3064303,Top,1,XL
404-7533052-4488313,Top,1,XL
405-5706171-1337148,kurta,1,L
405-0060050-8207548,Set,1,3XL
405-0060050-8207548,Set,1,3XL
404-1175138-2275560,kurta,1,3XL
407-4464453-0941137,kurta,1,3XL
408-2229167-4513933,Set,1,3XL
171-6481721-0232346,kurta,1,XXL
408-7106429-3267501,Western Dress,1,XL
408-5175407-4610730,Top,1,L
403-1570514-0879537,Set,1,S
406-8771799-1711561,Set,1,M
404-4929685-1533923,kurta,1,M
171-9742289-7834715,kurta,1,XXL
171-2568633-2686715,Western Dress,1,XL
403-2276738-6748349,kurta,1,XXL
406-8705005-8617111,kurta,1,M
407-9979142-1449106,kurta,1,XXL
404-3400470-8408329,Set,1,XXL
404-3400470-8408329,Set,1,3XL
171-8853544-0993939,Set,1,XXL
408-2576045-8541100,Set,1,3XL
171-9762704-8965943,kurta,1,M
405-5314246-5865914,kurta,1,S
405-4692313-4090719,Set,1,XXL
408-3405055-7293131,Set,1,XL
407-6122522-4549119,Ethnic Dress,1,M
405-3736758-1262716,Set,1,XL
171-6716008-0304354,Set,1,L
405-2165785-8790712,kurta,1,L
408-2274972-8118735,kurta,1,M
404-1157369-3609159,Set,1,M
404-2951935-1520323,kurta,1,XXL
406-1922618-0175546,kurta,1,L
405-4116800-4830714,Set,1,XL
406-7823104-6665145,Ethnic Dress,1,XL
408-8943588-6039549,kurta,1,S
403-5298272-6441115,Western Dress,1,S
171-7419344-0418708,kurta,1,S
402-7120247-7158727,kurta,1,XL
403-9328129-2446732,kurta,1,3XL
405-6200380-5005905,kurta,1,3XL
402-9833001-5061136,kurta,1,L
402-2135671-1055567,Top,1,XS
406-4385581-5977917,kurta,1,M
407-5452848-5372356,kurta,1,M
407-8543075-1195534,Set,1,M
404-3015808-3711517,kurta,1,3XL
405-0845763-3641955,kurta,1,3XL
404-2348119-8245122,Ethnic Dress,1,M
406-3817439-2531533,kurta,1,M
407-0767465-8594768,kurta,1,XL
405-9407712-2068363,kurta,1,L
402-8515146-0981147,Top,1,XL
405-3513706-2104363,kurta,1,3XL
402-5707472-9661124,kurta,1,XS
408-3539203-9396332,Top,1,M
406-0086037-3561152,kurta,1,M
404-1471084-9713953,Set,1,L
405-6233947-3833917,Set,1,M
171-5664910-8984347,kurta,1,L
171-7292584-2415552,kurta,1,L
404-7556663-5836358,kurta,1,M
171-4124931-8653957,Set,1,3XL
407-3579088-5631565,Set,1,XXL
406-5032970-2805166,Set,1,XS
171-8352424-5981128,Set,1,XS
408-3675594-9837101,Set,1,M
408-5489629-6617905,kurta,1,XL
407-8910962-1781950,kurta,1,M
407-5704857-8530758,kurta,1,L
406-5719061-4807551,Set,1,S
406-5719061-4807551,kurta,1,S
406-6076428-1582734,Set,1,XS
408-5822992-0230709,Set,1,3XL
404-4850616-4073150,Set,1,M
402-7656360-8869906,kurta,1,M
171-7098036-1195501,Set,1,S
405-9307560-5644334,Set,1,S
404-7409746-6975516,kurta,1,3XL
406-0324817-1573921,Set,1,3XL
404-6513562-0593906,kurta,1,XS
406-7364836-8807526,Set,1,XXL
171-7221813-9569158,Set,1,XXL
407-2019989-7270763,kurta,1,XL
404-3511611-0471537,Set,1,M
407-5911733-5101963,kurta,1,XXL
404-4234240-1678747,kurta,1,3XL
407-9944448-9882710,Top,1,XL
407-9238014-0021923,Western Dress,1,XXL
403-6793319-1599555,kurta,1,L
405-8697265-3814754,kurta,1,3XL
171-2599997-3019560,Western Dress,1,XXL
407-1575875-8797133,Set,1,XL
403-7359299-2543538,Set,1,S
171-3227654-9773121,kurta,1,3XL
407-9833812-8489932,Western Dress,1,XS
402-0681326-8015553,kurta,1,M
408-0257993-2825928,kurta,1,3XL
404-2959846-4717129,Set,1,L
402-1533014-0956344,Set,1,L
403-0253283-5588351,Western Dress,1,XL
171-6507016-0293152,Western Dress,1,XS
404-2896863-5326710,Western Dress,1,S
408-3008840-2813944,Set,1,L
402-4496838-4179533,kurta,1,M
402-5502576-8268315,kurta,1,XXL
408-6166863-6354712,Set,1,M
408-2726308-5864350,kurta,1,S
407-1029520-0853926,Top,1,XL
408-1370339-7539558,kurta,1,M
402-4365589-1287561,Top,1,XL
407-4914819-1089957,kurta,1,M
407-0062905-6477929,kurta,1,3XL
407-3579868-4981124,kurta,1,S
408-0716454-6569132,Set,1,XS
402-3558331-3737150,kurta,1,XL
406-8974467-2224326,kurta,1,M
171-0851344-2406736,kurta,1,S
404-3660268-8202727,Set,1,XXL
403-9412296-4195533,Set,1,L
405-0009895-4070723,kurta,1,S
405-0009895-4070723,kurta,1,L
404-7829797-8897157,Western Dress,1,XL
171-5394093-6721911,Set,1,XXL
171-5394093-6721911,Set,1,3XL
405-4704262-3236309,Set,1,XXL
403-4292742-7450706,kurta,1,L
404-6860932-1227547,kurta,1,XXL
405-1210332-3327546,Set,1,XL
405-1210332-3327546,kurta,1,3XL
407-8897478-8557163,kurta,1,XL
405-4316662-1381963,Western Dress,1,XXL
407-7960189-9706727,kurta,1,XXL
407-3977890-8484344,Set,1,S
404-6344374-8463504,kurta,1,XL
404-8942996-7350704,kurta,1,3XL
171-0170143-9688345,kurta,1,XL
403-9519030-5438711,kurta,1,M
404-4997181-0145965,Set,1,S
404-6745689-7905122,Set,1,XL
402-2210833-0929134,Set,1,XL
407-1995170-9287565,kurta,1,XS
404-2244354-9853948,kurta,1,M
402-9942421-9204341,Set,1,L
405-8830985-2769954,Top,1,M
407-0621146-4910750,kurta,1,XL
408-4507106-6310733,Set,1,XL
403-3464638-2575565,Top,1,XL
171-5446356-0886751,kurta,1,XS
171-0463956-6053145,kurta,1,L
402-1061843-1614725,kurta,1,M
171-7695567-7897941,kurta,1,M
404-1755168-3379566,Set,1,L
406-4433522-4549169,Set,1,L
404-2078728-5998712,Set,1,XL
403-4467374-1490746,Western Dress,1,S
171-5089229-5384348,kurta,1,XXL
408-9809013-2489151,kurta,1,M
406-6668297-5414713,Set,1,S
406-5718377-9824310,Set,1,XL
171-7372728-4117926,Set,1,M
408-3029270-8279508,Set,1,XL
405-3017025-8473103,kurta,1,L
405-3017025-8473103,kurta,1,L
405-8176774-8989102,Set,1,L
406-1508368-8094754,Western Dress,1,XXL
403-3947620-7432349,Set,1,M
402-7361788-0849101,Set,1,XL
402-9017636-4660343,Western Dress,1,M
404-4622740-7775563,Top,1,L
405-2910905-0958718,kurta,1,M
404-0220728-4063529,Set,1,XL
404-0220728-4063529,Western Dress,1,XXL
408-1067745-7901115,Set,1,3XL
171-7001554-2650735,Set,1,XXL
408-6268692-2456321,kurta,1,M
404-9240854-5886728,Ethnic Dress,1,L
407-5642486-8489152,Set,1,M
404-9185827-3225919,kurta,1,3XL
408-4829133-7393966,Western Dress,1,XL
407-1312846-4979551,kurta,1,L
402-4491763-6157952,Set,1,XXL
407-7875899-4385168,kurta,1,M
408-8274475-3223502,kurta,1,XL
406-2852339-0462769,kurta,1,M
407-3357216-2758735,Set,1,XL
407-0384596-7425966,Western Dress,1,XXL
408-4391409-6091549,Set,1,S
403-9760395-7317142,kurta,1,L
403-4610441-8404326,kurta,1,XXL
404-9474365-1002711,kurta,1,XL
404-7017711-5457119,kurta,1,M
171-9673994-4357150,Set,1,XXL
402-7639968-8485967,kurta,1,L
407-6487016-6602732,Western Dress,1,L
408-9673235-4275569,Western Dress,1,L
406-2876003-1153101,kurta,1,XL
403-5919106-2669169,Set,1,XL
403-6277333-9311567,kurta,1,L
405-0379134-1626730,Set,1,3XL
402-1449892-4968365,Set,1,XS
402-3413525-2620339,kurta,1,M
171-0787796-6597924,Set,1,S
171-3809217-6385134,Set,1,S
405-6713648-1670744,Set,1,XS
171-0938596-4952368,kurta,1,M
405-7085193-7847525,Set,1,L
406-4051678-0205948,Set,1,XXL
403-8910193-9613926,Blouse,1,XS
403-9627652-8301919,Top,1,XXL
408-7666351-9105959,Set,1,L
408-7666351-9105959,Set,1,L
403-4074494-9433937,Western Dress,1,L
171-6458310-6623553,Set,1,S
408-3380885-2361146,kurta,1,L
404-1669147-2533139,kurta,1,XL
407-3199329-0460343,Set,1,3XL
402-6785279-6143532,kurta,1,3XL
171-6561599-8875523,Set,1,XL
408-8496460-8892354,Set,1,XXL
171-2438439-0241166,Blouse,1,Free
404-8929609-0941166,kurta,1,L
405-4705433-2521954,Set,1,XXL
405-4705433-2521954,Set,1,XXL
405-4705433-2521954,Set,1,XXL
406-8156523-6358755,Set,1,XL
404-8894945-5588314,kurta,1,S
404-8894945-5588314,kurta,1,M
404-8894945-5588314,Set,1,S
404-8894945-5588314,kurta,1,S
402-4728021-0850729,Set,1,L
408-4522502-9254706,kurta,1,XXL
406-0944369-6688351,Top,1,M
171-0903237-8167532,kurta,1,S
404-0464302-9199509,Set,1,L
404-2294915-9025934,kurta,1,XS
407-7963890-7515531,Western Dress,1,L
405-6683432-7869146,kurta,1,M
408-7652875-1633916,Set,1,M
403-8666449-4683531,Western Dress,1,L
406-5561262-9465928,Set,1,XL
407-0312893-1968345,Set,1,L
402-0129222-4653940,Set,1,M
405-0426836-2777962,Set,1,M
402-5373084-2177124,Set,1,L
171-9818784-1523508,Set,1,L
171-9818784-1523508,kurta,1,L
402-0412567-0938755,kurta,1,XL
402-8313372-4785152,Set,1,XL
171-4263236-4345922,kurta,1,S
404-3721039-6952366,kurta,1,L
407-6583975-8556345,kurta,1,XL
171-5809634-8957116,Set,1,3XL
406-7283556-1369928,kurta,1,XL
405-7765027-1630762,kurta,1,M
407-5017482-0002758,Western Dress,1,XS
405-9906538-8860351,kurta,1,L
408-8594625-7437153,Set,1,XL
403-2817543-1788350,Set,1,3XL
408-6834533-9825130,Set,1,XXL
408-6834533-9825130,Set,1,XXL
406-0037800-4306747,Set,1,L
406-0037800-4306747,Set,1,L
403-4321280-9677103,Western Dress,1,3XL
407-7302083-8681126,kurta,1,L
407-3414170-0041152,Western Dress,1,M
405-9231620-2412342,kurta,1,XL
405-9231620-2412342,Set,1,XL
404-6610412-2855567,kurta,1,M
404-6610412-2855567,kurta,1,M
403-5558161-5794766,kurta,1,XXL
405-9621412-3915527,kurta,1,M
408-7001335-0926741,Set,1,XXL
403-7866914-5220328,Western Dress,1,M
403-1596762-1092325,Top,1,S
402-4038924-0069166,kurta,1,XS
171-3792630-3277125,kurta,1,3XL
406-9342437-4076363,kurta,1,M
402-1667188-4676352,Set,1,S
403-5292093-1401118,kurta,1,XL
403-0318305-7450705,kurta,1,L
405-5232683-4577138,Set,1,XL
407-5680200-6861911,kurta,1,XL
407-5680200-6861911,kurta,1,XL
404-8309410-0777940,kurta,1,XL
404-8175570-5114751,kurta,1,3XL
404-0914345-2360305,kurta,1,M
402-7453099-0772302,Set,1,L
404-1688754-6984366,Set,1,M
404-6146113-6705108,Set,2,M
408-5947518-6301118,Top,1,XXL
407-3819001-0284322,Set,1,3XL
403-4398550-2847511,Set,1,M
402-1171412-7736351,Set,1,3XL
406-0792022-5106739,kurta,1,M
406-0792022-5106739,kurta,1,L
171-4949527-6922740,kurta,1,S
171-0545253-7465111,Set,1,S
407-0821849-1661157,kurta,1,3XL
402-0125561-7412359,Set,1,M
171-7317307-4744324,kurta,1,XS
171-7317307-4744324,Western Dress,1,S
408-3866328-9479565,Set,1,3XL
407-8575899-2277924,kurta,1,XL
404-7472871-1827522,Set,1,L
404-1215653-0726735,kurta,1,XS
405-4007501-2675561,Set,1,XXL
408-9928777-3966760,kurta,1,3XL
403-5857989-7578728,Set,1,M
171-8693230-2796335,kurta,1,3XL
408-3525511-6158733,Set,1,XXL
171-5557367-9397906,Set,1,L
408-0797701-4097950,kurta,1,L
402-0194724-6793141,kurta,1,XL
171-3000614-5308326,kurta,1,M
407-3108107-4369961,Set,1,XXL
403-7000596-5277949,Set,1,S
408-7098865-6297155,Top,1,L
403-9622676-3282703,Set,1,S
405-8718584-2588337,Set,1,L
171-4399117-9933968,kurta,1,XL
407-3819731-1320330,kurta,1,XL
403-3548139-9941958,kurta,1,S
171-4724965-2853928,kurta,1,3XL
171-4724965-2853928,Set,1,3XL
405-1922330-2265903,Set,1,XS
405-3714438-1825103,kurta,1,XL
405-2333423-1715557,kurta,1,M
405-8053733-8981116,kurta,1,3XL
404-6355598-0467530,Set,1,M
407-0241155-9401919,kurta,1,XS
408-4284724-3434704,Set,1,S
405-2054204-1132318,kurta,1,XXL
402-4754194-6508367,kurta,1,S
408-3781393-3429151,Western Dress,1,M
402-0364421-0429149,Set,1,XS
402-9912149-8673924,Set,1,3XL
171-8060676-2661941,kurta,1,M
408-0128960-2801122,Top,1,L
402-0162557-9458723,Western Dress,1,S
405-4133393-5456359,Set,1,S
171-4972801-6617945,Western Dress,1,M
171-6759787-9065925,kurta,1,XXL
171-9612343-9302752,Set,1,S
405-7571909-7245967,Top,1,S
406-9741912-2664344,Set,1,L
402-9095954-7431534,kurta,1,XXL
405-9793391-6607536,kurta,1,3XL
402-3598939-6437140,kurta,1,XXL
403-7178805-6653915,kurta,1,XXL
403-0778925-1702744,Set,1,XS
408-0848212-7386729,Set,1,3XL
405-4293780-3435550,Set,1,XXL
403-0772357-5095549,kurta,1,XL
408-0144276-5193127,Top,1,L
406-0110263-1741145,kurta,1,S
402-0702660-2317111,Top,1,XL
404-8110879-0256310,kurta,1,XL
171-6644360-2797951,Set,1,XXL
402-3253789-8018752,kurta,1,XL
408-4914523-3566740,kurta,1,L
405-3717503-8669153,Set,1,M
171-2319894-7723559,kurta,1,XS
403-1225076-2920339,Set,1,M
406-3699663-4168309,Set,1,XXL
408-2720942-9915569,kurta,1,S
407-2808683-5588310,Set,1,3XL
406-3159682-3061164,Set,1,XL
408-8277266-2373951,Blouse,1,M
404-4738603-0377104,Set,1,XS
403-8664421-0017164,kurta,1,S
404-0153605-0043507,Set,1,S
408-8412299-7393129,kurta,1,XXL
408-8412299-7393129,kurta,1,XXL
408-0037506-3910729,Top,1,XXL
403-0226975-2937103,Top,1,L
403-2767856-4235504,Top,1,L
171-9073242-2933934,kurta,1,XL
403-7312040-9508367,Set,1,XL
402-5972346-8561156,Set,1,3XL
402-5972346-8561156,Set,1,3XL
402-4919636-4333150,kurta,1,3XL
408-0461168-0105923,kurta,1,XL
171-7104062-2717152,kurta,1,M
402-7240514-4939534,Set,1,XXL
405-5809660-6827556,kurta,1,XXL
405-2804817-3728319,kurta,1,XL
405-7798710-0245951,Set,1,3XL
405-8176370-0239529,Set,1,XXL
403-7660300-5226757,Set,1,XXL
407-6981734-6083565,Top,1,XL
406-1088860-3157948,kurta,1,S
404-7821698-0573944,Set,1,M
407-1454437-3606763,Set,1,XXL
405-0909852-2241165,Western Dress,1,3XL
407-9592137-3318726,kurta,1,M
402-1408732-7294757,Top,1,XS
408-5340412-9021169,kurta,1,XXL
403-4740576-4086739,Set,1,3XL
403-4740576-4086739,Top,1,3XL
402-0888938-3206754,Ethnic Dress,1,S
407-9164136-5966763,kurta,1,XL
171-4283556-3697125,Set,1,L
171-1979111-0585919,Set,1,S
408-3127035-9436340,kurta,1,XL
404-0093453-5187571,kurta,1,XL
403-3816827-0844319,Set,1,3XL
403-3816827-0844319,kurta,1,3XL
404-6312009-3523567,kurta,1,XXL
171-9958224-7522738,kurta,1,3XL
406-6238061-4013168,Set,1,3XL
406-6238061-4013168,Set,1,3XL
406-6238061-4013168,Set,1,3XL
406-6238061-4013168,Set,1,3XL
405-1302631-7941132,Blouse,1,Free
406-1259888-7408355,Western Dress,1,XS
403-8101956-2918758,kurta,1,XS
171-2295429-7825145,kurta,1,M
403-7030370-5723528,Set,1,M
403-7030370-5723528,Set,1,M
406-7479646-3260332,Top,1,XL
171-0177596-8418762,Top,1,M
402-6031899-4892359,Western Dress,1,XXL
406-3400483-3805926,Set,1,L
405-1772262-6161968,Western Dress,1,XL
171-9309636-1085123,kurta,1,M
402-6246644-8005921,kurta,1,S
403-5260253-2242756,Western Dress,1,M
407-1898185-6330723,Set,1,XL
407-1898185-6330723,kurta,1,XL
402-8805981-8190716,Set,1,L
405-2101325-1990731,kurta,1,XXL
404-2934090-6801964,Western Dress,1,M
403-2096410-7246751,Set,1,XS
405-2877592-4826720,kurta,1,XXL
405-2532361-7246719,Set,1,3XL
405-1984191-2020312,Set,1,XXL
403-8658719-5637960,Western Dress,1,XS
406-4073416-4947528,Set,1,M
403-8166651-4961953,Blouse,1,M
402-4333795-1665141,Set,1,XS
404-8050478-3365147,kurta,1,M
404-1019491-9154723,Blouse,1,XXL
404-3142406-3788321,kurta,1,L
407-9322015-1405132,kurta,1,XL
403-5742173-1900310,kurta,1,M
405-7672696-8677164,Set,1,XS
408-6291831-9145967,Set,1,S
402-8880933-3928316,kurta,1,S
406-3923825-2435553,kurta,1,XL
402-3760443-1197131,Set,1,S
404-4420628-1229133,kurta,1,M
171-5575276-9132312,kurta,1,S
402-0637393-2487527,kurta,1,XL
403-5266446-2325139,Ethnic Dress,1,S
402-5631215-0120305,kurta,1,L
407-5615146-9082739,Top,1,XXL
403-3606961-0118761,kurta,1,L
407-1646731-7995540,kurta,1,M
404-0891264-8296345,Set,1,L
406-8198919-1456367,Set,1,M
408-5010873-9663516,Set,1,M
402-5258063-3363521,Set,1,XXL
402-4383270-0463507,kurta,1,XL
405-0910197-9165963,kurta,1,M
404-0804989-0724365,Set,1,L
404-1648163-0830732,Set,1,M
405-7528637-5463559,kurta,1,XL
405-3205921-5009912,Set,1,S
405-3205921-5009912,Set,1,S
404-3195819-4318707,kurta,1,L
405-7452910-3685112,Western Dress,1,L
171-0194761-6670752,Set,1,M
171-8420568-1281905,Ethnic Dress,1,M
171-5469227-4956332,Top,1,L
408-8899655-2655521,Set,1,XS
405-8030493-3187561,kurta,1,XXL
405-8030493-3187561,kurta,1,XXL
405-7596596-4158729,Set,1,M
402-8888682-5504339,Set,1,XXL
403-9939095-0581914,kurta,1,XL
403-4386737-3234732,Set,1,3XL
171-7303018-7296334,Set,1,3XL
407-0371937-1803520,Set,1,M
403-8007264-8278713,Set,1,3XL
403-8007264-8278713,kurta,1,3XL
402-7819723-0772332,Western Dress,1,3XL
402-7819723-0772332,Western Dress,1,XL
404-4000535-3306760,Set,1,XL
404-4000535-3306760,Set,1,L
404-9249026-7091528,Set,1,XXL
407-6233173-0893934,Set,1,3XL
407-8301043-9632366,Set,1,3XL
405-2673661-7472316,kurta,1,XS
402-6074192-3045936,kurta,1,M
404-4662808-7508301,kurta,1,S
404-1184562-1999513,kurta,1,L
408-5973923-4036365,Set,1,L
404-4319351-8112336,kurta,1,M
408-4362795-9306732,Set,1,M
402-1287029-3628332,kurta,1,L
405-3118001-3528333,Set,1,M
408-1643827-5757158,Set,1,S
403-2093859-4685110,Blouse,1,M
403-5446660-4789153,Set,1,XXL
402-0325152-8263506,kurta,1,XXL
403-5097832-0992349,Western Dress,1,M
404-7844235-7197136,Set,1,M
403-9344825-0587558,kurta,1,M
171-3339792-2755523,Western Dress,1,XXL
406-6468108-5717907,Set,1,XXL
404-9413295-1065925,kurta,1,XL
406-0996958-7333123,Set,1,S
171-0467304-8055563,Set,1,XXL
171-0467304-8055563,Set,1,XXL
405-8437255-8197957,kurta,1,XXL
406-9867205-1901914,Set,1,L
406-9249947-9572307,Set,1,S
171-5750844-7343507,Set,1,L
403-2057484-5411563,Set,1,XXL
171-9750854-0181122,Top,1,M
171-7740232-7753911,Top,1,XXL
405-1009508-1940327,Set,1,M
405-1009508-1940327,Set,1,XS
405-6982526-4133107,kurta,1,M
404-9381422-6627561,Top,1,XS
404-9381422-6627561,Set,1,XS
404-9381422-6627561,Set,1,XS
407-0892278-9315501,kurta,1,XL
404-2186294-1479531,Set,1,XL
171-5630141-5872309,kurta,1,XL
402-0401431-9931556,kurta,1,XXL
406-4314529-7825944,kurta,1,XXL
171-5329571-5577121,Set,1,XXL
406-6443757-3083558,Western Dress,1,L
405-9104959-3725902,kurta,1,L
405-9104959-3725902,kurta,1,L
171-8106453-0772318,kurta,1,XL
404-5385676-3199556,kurta,1,3XL
404-5385676-3199556,kurta,1,3XL
404-5401996-6946711,Set,1,L
407-0621118-1830750,Set,1,3XL
403-4949795-1953155,kurta,1,L
405-4117808-8301912,kurta,1,XL
408-3516658-4347536,Set,1,XXL
406-3049712-3458762,kurta,1,XL
402-9761819-9762754,kurta,1,3XL
406-7402001-4865958,Set,1,M
171-9268765-2874760,Set,1,3XL
408-0152141-5459516,Set,1,S
408-9133830-2997927,kurta,1,L
408-3464759-5965938,kurta,1,M
408-1995540-0693126,kurta,1,M
408-6485351-1701130,Set,1,L
402-8639576-9029102,kurta,1,3XL
406-9528217-6413927,kurta,1,XXL
403-1572945-5524312,Set,1,XXL
403-6819781-9709917,Set,1,XXL
403-2332292-9207530,kurta,4,XXL
404-4703231-5855545,Top,1,XXL
171-3787756-3242739,kurta,1,3XL
404-9685612-8778756,Set,1,S
405-1865940-3290744,kurta,1,L
403-8449608-4073946,kurta,1,XS
403-7543333-5618737,kurta,1,XS
408-6572914-5649942,kurta,1,XXL
408-1290638-9668303,kurta,1,M
405-7833079-0863540,Set,1,XXL
402-8501059-4882732,kurta,1,L
408-1222516-8505128,kurta,1,XXL
408-8087724-7089909,Top,1,M
403-8130197-1833910,Set,1,XXL
402-5566581-3633108,kurta,1,L
402-5566581-3633108,kurta,1,L
404-3958551-6851516,kurta,1,L
402-3152964-7119546,Western Dress,1,XXL
405-6717911-5845128,Western Dress,1,XXL
407-6182670-8968301,Set,1,L
407-0648717-1611540,Set,1,L
406-7921139-3590746,Set,1,XXL
405-6010032-2981149,kurta,1,M
404-5837265-6783517,Set,1,M
406-0927883-5226746,Set,1,M
406-6173929-8059536,Set,1,XS
405-8953047-7953946,kurta,1,3XL
404-5379973-8595502,Set,1,M
171-5003270-0625960,kurta,1,3XL
171-5003270-0625960,Western Dress,1,3XL
408-2883935-9720304,kurta,1,XL
408-2883935-9720304,kurta,1,XL
408-5349890-4781116,Ethnic Dress,1,S
407-2553771-8359563,Set,1,S
408-2961881-5973958,kurta,1,L
404-7465305-4132307,Western Dress,1,M
404-1102852-7868369,kurta,1,3XL
404-1102852-7868369,kurta,1,XL
408-0855753-0309144,kurta,1,XL
406-1400206-0642761,Western Dress,1,XXL
408-8056769-9133135,Set,1,L
408-8056769-9133135,Set,1,L
402-2907327-7930706,kurta,1,XL
404-1857997-5131512,Set,1,M
402-4381407-9797148,Top,1,3XL
405-6522055-8869905,Western Dress,1,XL
406-1666165-9960339,kurta,1,XL
408-5517938-0484303,Set,1,L
408-5517938-0484303,Set,1,L
408-5517938-0484303,Set,1,L
404-8733582-8977124,kurta,1,XXL
406-0324578-2264301,kurta,1,L
171-5711832-4194752,Western Dress,1,M
403-3030550-3018726,Set,1,3XL
407-9080142-3447522,Set,1,3XL
405-3930825-8078762,kurta,1,M
171-9520355-9713926,Set,1,M
402-6107439-5261914,kurta,1,XL
403-3850440-3433109,Top,1,3XL
404-8581089-9761158,kurta,1,L
404-1729357-8768361,kurta,1,XL
408-7724100-5671542,kurta,1,L
408-7788057-4214720,Set,1,M
406-1592078-4221163,Set,1,XL
407-1114841-0439507,kurta,1,XXL
406-2251009-4052300,kurta,1,M
403-3851186-0833157,Set,1,L
403-3851186-0833157,Set,1,L
402-0472347-3753132,kurta,1,XXL
406-5341711-2456312,Blouse,1,M
406-5341711-2456312,Blouse,1,M
171-1118996-3534763,Set,1,3XL
171-1118996-3534763,Set,1,3XL
406-2542347-3821961,Set,1,M
406-9205015-0277914,kurta,1,S
405-3713767-2001936,kurta,1,L
403-1388676-3502701,Set,1,XL
403-1388676-3502701,kurta,1,XL
403-0940083-3410753,kurta,1,L
403-0940083-3410753,kurta,1,L
406-2933622-4170768,Western Dress,1,M
171-6670639-9177922,kurta,1,XXL
407-4533309-5323536,kurta,1,XXL
408-2174943-5585166,kurta,1,3XL
405-0164370-6233101,Western Dress,1,3XL
405-0164370-6233101,Western Dress,1,3XL
404-4408320-2573165,Western Dress,1,3XL
402-0735823-0253104,Set,1,S
404-8992661-0134724,Set,1,XL
403-7959908-3206754,Set,1,XXL
402-1674118-5725952,kurta,1,M
171-8336557-9847544,Set,1,XXL
171-8336557-9847544,Set,1,XXL
406-8948943-8146723,kurta,1,XXL
407-6545465-1485942,Top,1,L
405-3165439-4968335,Set,1,3XL
405-3303923-2502726,kurta,1,M
406-9299908-7760340,kurta,1,M
405-3861441-7332366,Set,1,3XL
402-8278179-5763508,kurta,1,M
171-0772474-9023556,kurta,1,M
407-3732906-0676346,Top,1,S
406-6000795-6586761,Western Dress,1,L
406-6000795-6586761,Western Dress,1,XL
408-6277729-7040343,Top,1,L
171-1509149-9058705,kurta,1,XL
402-3318579-2119533,Set,1,M
403-5593026-9347562,Set,1,XS
406-4896397-9290723,kurta,1,S
404-5258736-9730702,kurta,1,XXL
408-7011298-1654734,Set,1,S
405-3304814-1312365,kurta,1,L
402-2272576-7017914,Set,1,3XL
402-5710564-5153912,Ethnic Dress,1,M
406-9421834-1885905,Set,1,3XL
408-9970598-7920311,Set,1,S
406-1925848-6848322,Top,1,M
407-4852274-5168358,kurta,1,3XL
403-6161646-8883512,Set,1,S
405-4358398-5216368,Set,1,XS
407-0359048-9347534,Set,1,L
171-6553288-5469106,Blouse,1,XL
407-6310387-8713146,kurta,1,S
404-0760745-3199518,kurta,1,M
405-8495352-8146727,kurta,1,XXL
405-4361306-9655511,kurta,1,XL
408-4906834-9835503,kurta,1,XXL
171-3766445-1760302,kurta,1,S
407-2924667-8108306,Set,1,S
171-6224483-5859534,Ethnic Dress,1,XL
171-6224483-5859534,Western Dress,1,L
408-7943508-3218760,Western Dress,1,3XL
408-0362147-1324316,kurta,1,XXL
407-1626888-8551520,Set,1,3XL
407-4792580-7919568,Western Dress,1,M
408-9300130-8846749,kurta,1,XXL
171-5159003-2292313,kurta,1,S
171-5338117-4498730,kurta,1,L
403-2455830-7397918,kurta,1,L
405-1877931-2813966,Set,1,XXL
402-0826670-5933915,Set,1,L
402-2672509-9109938,kurta,1,S
408-9400264-3459539,kurta,1,XXL
171-1259014-2173152,Set,1,M
403-9592339-5383506,Western Dress,1,M
406-5247402-3296349,Western Dress,1,L
405-3164248-6652331,Set,1,XS
402-3281128-3760337,Set,1,M
403-8711179-7267509,Top,1,XXL
405-1489152-2910718,Set,1,3XL
407-5543180-2456351,Set,1,XL
403-1457604-7661966,kurta,1,3XL
404-6174411-3935567,Set,1,L
407-4354205-9287561,kurta,1,XL
407-4354205-9287561,kurta,1,XL
405-7779388-7109942,Set,1,L
408-6146721-4411520,kurta,1,L
405-6427269-9523535,Set,1,L
408-3119797-7869109,Set,1,S
408-2132670-7257122,Set,1,XS
406-7070129-5420305,kurta,1,XXL
408-3554640-7012315,Set,1,XXL
407-2296131-6536309,kurta,1,XL
402-6701637-3010718,Set,1,L
402-6247111-6137168,kurta,1,XXL
402-9558236-8945928,Western Dress,1,M
402-4346422-5501937,kurta,1,S
407-4534106-8233146,Western Dress,1,M
403-6824876-8637935,kurta,1,XL
403-6825694-2303533,Set,1,S
405-1627098-9675501,Set,1,XXL
405-1627098-9675501,Set,1,XXL
406-7370117-5710740,Set,1,L
403-3389174-5885932,kurta,1,S
405-4415319-7221165,Top,1,L
408-0653242-6750723,kurta,1,L
405-0820730-3368311,Top,1,XL
406-3067886-6220338,Set,1,XL
402-0463569-9395549,Set,1,S
402-2513301-8053919,kurta,1,S
402-1668907-4775518,kurta,1,S
402-9946115-9639529,Set,1,S
402-0668750-7085952,Set,1,M
407-0889538-5665142,Western Dress,1,XXL
403-5997976-5260324,Set,1,S
404-1317901-4846738,kurta,1,XL
404-1409287-9616313,kurta,1,M
171-6784926-2240343,Set,1,S
404-1819892-0936327,Set,1,L
406-7737113-7737921,kurta,1,L
407-8356677-7523520,kurta,1,XXL
405-4581349-0762743,Set,1,XL
408-2943961-7285158,Set,1,M
403-8967373-8225138,Set,1,M
405-3115352-7803560,kurta,1,XL
404-6056158-4226748,kurta,1,XL
407-8024744-3871515,Set,1,XXL
407-8024744-3871515,Set,1,3XL
402-2982929-8977155,kurta,1,S
408-3392537-9537161,Top,1,S
403-1920110-4868301,kurta,1,S
402-2391179-4155567,kurta,1,S
407-0097780-5218722,Blouse,1,L
407-0097780-5218722,Blouse,1,M
407-0097780-5218722,Blouse,1,L
404-3204469-4980328,Set,1,3XL
171-1246544-0645916,Set,1,XXL
407-7731017-8877963,Set,1,M
408-2919724-6176348,kurta,1,XL
171-3734542-0041936,kurta,1,M
405-1621516-8056302,kurta,1,XXL
407-1474256-8423550,Set,1,S
407-6697011-6206738,kurta,1,XL
405-2284840-5865105,Set,1,XXL
408-4643653-7889158,kurta,1,L
402-1487646-9505129,kurta,1,XL
171-1874637-5416323,kurta,1,M
406-6490101-3795548,kurta,1,XXL
171-6288567-9516365,Set,1,L
402-1595990-0039557,kurta,1,M
408-0418597-6691501,Set,1,XL
408-0418597-6691501,Set,1,XL
403-6802934-8217144,Set,1,XL
171-1351713-7137132,kurta,1,3XL
403-8527893-5776308,kurta,1,XS
404-9908506-1321116,Set,1,XXL
407-6264368-3598704,Set,1,S
408-1154516-3561158,Set,1,3XL
404-9669317-8373907,Set,1,3XL
406-4623077-8301157,Set,1,3XL
171-8211684-1669109,Ethnic Dress,1,L
408-3963248-4449100,kurta,1,M
406-6461863-7643556,Top,1,L
408-2391367-1478733,kurta,1,3XL
406-0185159-3195569,kurta,1,L
406-8545057-2753145,Top,1,XL
402-6020690-6909100,kurta,1,XS
408-3342125-4878715,Set,1,XL
402-9971380-8092362,kurta,1,XL
407-8767307-3997106,kurta,1,M
407-8767307-3997106,kurta,1,S
402-1057109-9324346,Set,1,M
403-0894266-8722762,kurta,1,XXL
408-8512144-5806725,kurta,1,XXL
403-7058319-3430756,Set,1,3XL
403-5497830-9704319,kurta,1,XL
406-8217237-5458700,Top,1,M
171-0435963-8152365,Western Dress,1,M
408-6364738-1215566,Top,1,M
408-5943895-0151529,Western Dress,1,XXL
403-4948595-6293931,Set,1,XS
403-2507904-6301109,kurta,1,S
403-1144885-4292350,kurta,1,XXL
404-3599605-4143553,kurta,1,XXL
407-8507513-3417126,kurta,1,L
403-9479922-8134725,Set,1,XL
403-3132307-5256350,Set,1,M
403-5062642-5181126,kurta,1,XL
402-6487241-7529912,kurta,1,L
403-6570708-6510765,Blouse,1,S
408-2127444-9267509,Set,1,3XL
408-2127444-9267509,Set,1,3XL
402-2878972-4941141,Set,1,XXL
402-7123942-1520347,kurta,1,XXL
402-3851555-4933926,kurta,1,M
402-7394475-2797955,Ethnic Dress,1,XXL
402-6037460-6017100,Set,1,XL
407-9070580-1167536,Set,1,XXL
407-5309401-5808340,Set,1,L
402-1273799-7706706,Set,1,M
407-2679199-8877923,kurta,1,M
405-6439828-8889966,Set,1,S
171-0352796-8212374,Set,1,S
407-6758401-5305169,Set,1,XXL
405-4807395-0949946,kurta,1,XS
408-6016215-6479505,Set,1,XXL
407-0411932-6743521,Western Dress,1,XS
408-9435382-3252364,kurta,1,M
171-6519276-8995506,kurta,1,M
405-9153889-7598703,Set,1,L
407-0772021-0145916,Set,1,XXL
403-7439855-8900337,Western Dress,1,XL
407-4077133-6539549,Set,1,XS
171-0503665-2233102,Set,1,M
404-5198035-7932349,kurta,1,M
404-5198035-7932349,kurta,1,M
171-1841778-4708327,Set,1,3XL
408-5253327-7622718,kurta,1,S
404-1125693-7869929,Western Dress,1,S
405-5269629-3960346,Western Dress,1,M
171-1217807-3752334,kurta,1,3XL
407-6019708-1637954,kurta,1,L
403-7176420-7449948,kurta,1,XXL
402-5111054-9271563,kurta,1,M
402-9185195-7240350,Set,1,3XL
406-1758759-7592302,kurta,2,XL
402-8629838-8461135,kurta,1,3XL
404-4732956-8085908,Set,1,L
404-4137787-7301929,kurta,1,S
404-4137787-7301929,kurta,1,S
403-4741867-3097969,Top,1,L
403-9461916-3581106,kurta,1,XXL
408-1137545-7751560,kurta,1,L
408-1137545-7751560,kurta,1,L
405-4759556-2958758,Western Dress,1,XXL
407-2040695-9710742,kurta,1,3XL
402-9101043-1703541,Set,1,L
405-7857786-5005150,Set,1,L
405-7857786-5005150,Set,1,L
408-6217102-4145169,Western Dress,1,S
402-4048713-6365154,Western Dress,1,M
404-2898868-5598705,Set,1,L
404-2898868-5598705,Set,1,L
408-4959219-9222711,kurta,1,L
406-8516575-0481100,kurta,1,M
407-5265975-6982747,Western Dress,1,L
406-7883865-0864321,Set,1,XXL
403-1404397-6080331,kurta,1,M
405-6798375-9201135,Set,1,XS
407-2274097-6170736,kurta,1,XXL
402-4415000-2395522,Western Dress,1,XL
403-3659941-5089115,kurta,1,XL
407-8880284-0905941,kurta,1,XXL
171-8561760-5449969,Set,1,S
171-8666201-9411553,Western Dress,1,XL
404-9565444-8100312,Set,1,XXL
171-1098963-7824307,kurta,1,XS
404-7718472-9500322,kurta,1,3XL
404-7718472-9500322,kurta,1,3XL
403-9600443-3096346,Set,1,XS
403-0217385-3973111,Set,1,XL
403-8365067-7641952,kurta,1,3XL
405-0345944-5121943,Set,1,XXL
403-6324966-8114748,Set,1,L
408-7040157-3781169,kurta,1,XL
405-1689086-8174717,Western Dress,1,3XL
406-1334189-1872319,kurta,1,S
408-9311004-3699547,kurta,1,XXL
408-9999949-3394756,Top,1,L
403-1324946-4047546,kurta,1,XL
404-1302939-8868368,Set,1,S
171-0607327-3042743,Set,1,M
171-9843585-7666745,Set,1,XXL
402-2177902-8376340,kurta,1,L
405-9473112-1537906,Western Dress,1,M
171-3463574-5638707,Western Dress,1,M
402-7161380-8101125,Set,1,M
408-2246687-8221150,Set,1,S
404-9428193-9661108,Set,1,S
404-5588754-3549121,kurta,1,L
403-6702121-2042717,Set,1,XXL
402-1650615-7761908,Set,1,XXL
171-6251294-4873122,kurta,1,3XL
406-2868360-4823518,Set,1,XXL
404-6986572-7021929,kurta,1,M
405-2959500-2916317,Set,1,S
403-9077180-0931510,kurta,1,XL
402-5252535-6178757,Set,1,L
402-5252535-6178757,Set,1,XL
406-0203534-2738746,Top,1,M
406-0203534-2738746,Top,1,S
407-6896322-0739513,kurta,1,M
406-9431887-2455564,Set,1,XL
406-4415453-4581939,Top,1,L
171-1929740-9306706,Set,1,S
404-7465555-1245103,Set,1,M
406-7515110-0270723,Set,1,S
403-7312948-7881939,kurta,1,3XL
403-6668327-8979528,Set,1,XL
408-9544623-6768355,kurta,1,M
405-7861000-7701924,kurta,1,M
404-1991954-5789113,kurta,1,L
171-8251740-5863554,Set,1,M
171-8048139-1721139,Set,1,S
171-9116942-2673936,Set,1,S
405-5208001-6760360,kurta,1,XL
405-0926967-4016311,Set,1,M
402-8693318-4568364,kurta,1,3XL
408-2780635-2082748,Blouse,1,Free
171-7978149-8733908,Set,1,XS
405-6927707-4105167,kurta,1,S
408-6802608-6969919,kurta,1,S
406-4212619-1431510,kurta,1,S
406-3321360-9441102,Set,1,XXL
171-5522213-4381967,kurta,1,L
408-3930037-2995509,Western Dress,1,M
403-8133538-4915566,Set,1,XXL
405-7919542-9475503,kurta,1,M
406-0082586-4028359,Top,1,XS
408-2457037-9745910,kurta,1,XL
408-2457037-9745910,kurta,1,XL
405-2119498-4659528,kurta,1,S
406-1983501-4529129,kurta,1,XXL
402-2863020-6091508,kurta,1,3XL
408-1883374-4858733,Set,1,XL
408-4876405-7584321,Western Dress,2,M
402-2072856-7715555,Top,1,XS
402-8107521-6626726,Set,1,S
403-5433037-9347569,kurta,1,3XL
406-9195351-0617928,kurta,1,M
408-1999393-6899535,kurta,1,3XL
407-5709903-9453943,kurta,1,XL
407-4164300-9369128,Western Dress,1,XXL
404-4543181-7464348,Set,1,L
408-1297775-4565919,kurta,1,XL
171-0685569-1382723,Set,1,3XL
407-2685678-9208300,Top,1,L
408-6719269-2865132,kurta,1,3XL
171-9154986-3712307,kurta,1,M
171-8971992-9623559,Western Dress,1,M
407-6974075-9112315,Western Dress,1,M
408-0707174-4517148,kurta,1,L
404-3952299-8518743,kurta,1,S
406-4712195-9581925,kurta,1,L
408-8495472-7960320,Set,1,XXL
403-2907204-2538746,Set,1,S
403-7049233-0002767,Western Dress,1,L
408-8002589-7870761,Western Dress,1,S
402-1545319-1312316,kurta,1,XL
171-1300489-7369134,kurta,1,XXL
407-7980881-7004355,kurta,1,S
403-6359656-1422758,kurta,1,XL
403-6359656-1422758,kurta,1,XS
403-6359656-1422758,kurta,1,XL
403-6359656-1422758,kurta,1,XL
406-8526020-6982765,kurta,1,XL
407-0265543-8881967,Western Dress,1,XL
404-3191843-5242742,Western Dress,1,M
402-5050129-1734738,Set,1,XL
171-9658955-4745127,Set,1,XXL
402-4266038-7445108,kurta,1,M
407-3356528-5914714,kurta,1,XXL
171-1396719-5537969,Set,1,L
406-1318014-9746766,kurta,1,M
407-9496978-8912329,kurta,1,M
407-4897942-7556328,Set,1,S
404-4359842-8735520,kurta,1,M
403-2927280-2172316,Set,1,XXL
408-2247540-8948331,kurta,1,M
408-1679205-2335515,kurta,1,XL
407-5915546-7026737,Set,1,L
404-0015866-9486779,Set,1,S
171-9396667-9263540,kurta,1,M
408-4213982-1177902,Set,1,L
403-0491669-1829145,Top,1,XL
408-0053938-4204357,Set,1,XL
406-9686416-8283555,kurta,1,XL
405-9393778-7000333,Western Dress,1,L
408-9096964-7018702,kurta,1,S
407-6742972-6691530,kurta,1,S
408-2980084-9128325,Western Dress,1,XXL
403-5902659-9561964,kurta,1,M
171-7003857-1534712,kurta,1,3XL
408-5315503-9118741,Set,1,S
403-0629990-8637117,Set,1,L
171-3311567-9961154,Set,1,XL
171-7299006-1141955,kurta,1,L
403-8091095-0237913,Set,1,M
406-0374513-0443518,kurta,1,XL
402-3439679-8408364,Set,1,XS
407-2819806-4628365,Set,1,XXL
406-3003339-2314705,Set,1,M
171-4221900-6176315,kurta,1,XL
171-4221900-6176315,kurta,1,XL
404-4214867-5455538,kurta,1,M
404-4214867-5455538,Set,1,M
171-6088921-8608316,kurta,1,XL
405-0309548-5470774,Set,1,S
407-3842216-1684327,Western Dress,1,XS
404-0136536-4880344,kurta,1,M
171-3315098-0382712,kurta,1,L
407-0154212-6478752,kurta,1,S
407-0154212-6478752,kurta,1,L
403-6360129-7078766,Top,1,M
406-0363605-2229936,Set,1,XXL
408-6078577-5798734,kurta,1,3XL
408-6078577-5798734,kurta,1,M
408-6078577-5798734,Set,1,S
406-2135712-3192351,kurta,1,XL
171-4839898-6899552,kurta,1,3XL
402-3594689-1841108,kurta,1,S
407-0253707-0980319,kurta,1,L
404-2344840-7283502,Western Dress,1,XXL
402-4064191-9350717,Set,1,XS
405-8232734-2457917,Set,1,M
408-8404009-2754742,kurta,1,M
406-6460824-6696336,kurta,1,S
404-5246267-4793145,Set,1,XXL
402-8932391-2503528,Western Dress,1,3XL
171-0916179-2856354,Set,1,XL
402-5025405-7201132,Western Dress,1,M
408-8341637-4998731,Western Dress,1,M
408-5012995-3765933,kurta,1,M
405-2786511-1714752,Western Dress,1,M
402-5634694-2097164,Top,1,S
404-6561592-0181161,Set,1,L
171-3251462-9817167,kurta,1,XL
408-2656493-8935504,kurta,1,S
408-2656493-8935504,Set,1,S
408-2656493-8935504,Set,0,S
406-9055802-1320303,kurta,1,S
171-1868247-9905101,kurta,1,XXL
404-8503214-4934737,Set,1,3XL
404-1009729-5989148,kurta,1,XS
403-7934101-8837151,kurta,1,XS
404-7072727-6567561,kurta,1,3XL
405-6368267-1464362,Western Dress,1,S
407-6103864-9195540,Set,1,M
405-1044391-5012303,Set,1,S
402-7602121-7722761,Set,1,XL
402-2388798-6897930,kurta,1,XL
404-6906852-6491525,kurta,1,XL
404-6906852-6491525,kurta,1,XL
408-2722319-5021916,Set,1,M
407-2065310-4873140,kurta,1,M
407-2065310-4873140,kurta,1,M
403-5515915-2361902,kurta,1,L
403-5515915-2361902,kurta,1,L
404-0274005-9378702,kurta,1,L
404-9857006-7295535,Set,1,XL
402-2219381-7284368,Western Dress,1,M
171-5952921-7703502,kurta,1,S
171-7201899-2895507,kurta,1,M
403-7551986-7274742,Western Dress,1,S
406-1940843-3414745,kurta,1,L
404-9322154-3420326,kurta,1,L
171-3501729-7657109,Western Dress,1,3XL
404-8308138-0192363,kurta,1,XS
407-6956471-1005139,kurta,1,S
407-6956471-1005139,kurta,1,XXL
404-1028374-5050734,Set,1,XXL
402-0588894-8733159,kurta,1,XS
404-4527749-4337126,kurta,1,XL
403-8359153-9169127,Set,1,S
403-7101605-7437925,kurta,1,S
403-7101605-7437925,kurta,1,XL
403-5395960-7699568,Top,1,M
407-7911215-1310720,kurta,1,3XL
403-0878631-1891564,kurta,1,L
407-3853315-0826767,kurta,1,L
408-5843195-7468346,kurta,1,L
404-4150716-2567532,Set,1,L
404-7810121-8609912,kurta,1,L
403-2524745-9474763,kurta,1,L
404-7747860-2676363,Set,1,XL
404-1651574-6111501,kurta,1,XXL
171-4065306-3525133,Western Dress,1,XL
404-0681296-0457909,Set,1,XXL
171-8398604-7349966,Set,1,S
408-8272202-8443561,kurta,1,XL
404-6929805-5024323,kurta,1,L
404-4696315-6541939,Western Dress,1,S
404-5655383-8901943,kurta,1,3XL
404-5655383-8901943,kurta,1,3XL
404-0179052-5522729,kurta,1,XXL
406-5618185-9168307,kurta,1,S
408-6372511-8098752,Set,1,XXL
408-3254081-9652310,kurta,1,XL
402-2149389-7996317,Set,1,XL
171-9386161-3905103,Top,1,L
405-8360455-5749114,Set,1,M
403-1335978-2410748,Set,1,XXL
404-8946001-6758735,kurta,1,M
408-0714588-2130769,Western Dress,1,M
408-1610688-3925143,Blouse,1,Free
408-2097150-8734762,kurta,1,XL
406-6828243-7323527,kurta,1,XS
403-9862448-0187543,Blouse,1,XL
405-0723801-3397156,Set,1,XXL
408-5104746-3827538,Set,1,XL
402-9519297-6678736,Set,1,XL
402-6110315-5453167,Set,1,M
171-8441071-3433111,kurta,1,XL
403-4127755-0171500,kurta,1,3XL
407-3814356-4227546,Set,1,XS
404-0018046-7291515,Set,1,XS
403-1624965-8776348,Set,1,XL
406-7654614-1204342,Set,1,XS
403-6986289-9281901,kurta,1,XXL
171-9120451-1378746,Set,1,S
171-0339131-6083573,Set,1,S
402-1292723-2225913,Top,1,M
405-4504077-9816339,kurta,1,M
405-7478568-7526703,kurta,1,XL
405-7478568-7526703,kurta,1,XL
403-6298748-2820312,Set,1,3XL
171-0821313-5561913,Set,1,S
171-2411539-8367567,kurta,1,S
402-4763164-6836353,Set,1,L
404-3458414-0634754,kurta,1,XL
405-6649319-1183510,kurta,1,L
407-5296473-5414749,kurta,1,L
403-1182686-2309921,kurta,1,XL
407-6576662-1085139,Western Dress,1,XL
408-7429213-7836363,Set,1,XS
408-9846145-9202717,Top,1,3XL
408-0910837-6502763,Set,1,S
408-0910837-6502763,Set,1,M
408-4674725-0249135,kurta,1,XL
408-1842834-6028343,kurta,1,XXL
408-9806788-0638720,kurta,1,XXL
406-9988912-9407510,Set,1,L
403-5720969-2007537,Set,1,XS
407-2254294-4597908,kurta,1,XS
406-9713560-7669962,kurta,1,XXL
402-3058070-7411550,Top,1,XXL
403-0299155-3225113,Set,1,S
408-7381830-2789932,Set,1,XL
407-4546923-2449930,Set,1,L
408-5543780-2057922,kurta,1,L
405-1274575-5144363,kurta,1,3XL
405-3600804-7741137,Top,2,M
403-2217567-9226715,Set,1,XS
402-2803517-1261169,kurta,1,XXL
408-1805795-1102745,kurta,1,XXL
408-1805795-1102745,kurta,1,XL
403-3373688-3389123,kurta,1,3XL
408-2095916-4151505,kurta,1,XXL
408-3414791-9252302,kurta,1,M
171-8791540-7993946,kurta,1,S
407-5531724-1950736,Western Dress,1,S
403-3797090-4677111,Ethnic Dress,1,XL
405-6970142-6842724,Set,1,3XL
402-5343987-1808312,kurta,1,L
402-9886512-1313118,kurta,1,M
408-0017934-6791513,Set,0,XXL
408-0017934-6791513,Set,1,XXL
408-0017934-6791513,Set,1,XXL
405-1341611-0074756,kurta,1,L
403-8850390-8617944,kurta,1,3XL
407-0180204-6569931,kurta,1,XXL
402-6749914-1294756,Western Dress,1,M
406-0737725-7221915,Set,1,XXL
171-7498955-9094729,Set,1,XL
171-0141815-9941945,kurta,1,XXL
405-8803127-6534703,Western Dress,1,XXL
405-8803127-6534703,Western Dress,1,3XL
404-6221292-6034755,kurta,1,L
404-6221292-6034755,kurta,1,M
405-8581302-2860339,Set,1,M
405-8581302-2860339,Set,1,S
404-1545181-9963528,Set,1,M
406-8911888-3632305,Top,1,M
403-1936761-0772313,Top,1,3XL
407-0852560-5836363,Set,1,L
407-0852560-5836363,Set,1,M
405-7745198-6273134,kurta,1,L
404-7058416-6094727,Set,1,XS
406-3376710-6402730,kurta,1,XS
405-7668175-8727553,Set,1,M
408-7879611-7017961,kurta,1,L
171-3447523-4917956,Set,1,XL
406-5166337-8369122,Set,1,XS
404-9021872-6740363,kurta,1,L
404-3712832-0577918,kurta,1,L
408-5296949-2097928,Top,1,XL
408-9896780-5313943,Set,1,XXL
171-9723274-0401139,kurta,1,S
403-3064973-5434721,Set,1,XL
408-9456296-9700341,kurta,1,XL
407-9049955-2714746,Set,1,3XL
171-0819100-4968357,Bottom,1,3XL
405-8303818-1741150,Western Dress,1,S
171-2563012-4287568,kurta,1,XL
406-6741317-7742759,kurta,1,XS
407-2408817-7598700,kurta,1,S
402-5319562-1705108,Western Dress,1,L
402-8814243-6253100,Western Dress,1,XS
406-9011438-4708347,Set,1,XL
402-3225966-9114759,Set,1,M
408-8049936-0881167,kurta,1,XL
403-4877756-5982745,Western Dress,1,M
402-8590044-8964331,Set,1,L
405-1176166-7220307,Set,1,M
402-8536436-6912318,kurta,1,XXL
408-5602222-1207567,Top,1,L
408-5602222-1207567,Top,1,L
406-7923751-3733114,Set,1,L
171-3608484-5341169,kurta,1,M
405-5318433-6531520,kurta,1,S
402-2623901-3107563,Set,1,S
402-1152001-5019557,Set,1,XL
407-1206684-5828309,kurta,1,XXL
402-7232033-6961922,kurta,1,XL
402-2962329-6545954,Set,1,S
402-2962329-6545954,kurta,1,S
402-2962329-6545954,kurta,1,S
402-2962329-6545954,Western Dress,1,S
404-7298746-6006705,kurta,1,XXL
402-6368556-2141913,Set,1,XL
404-6641174-8849155,kurta,1,XL
402-9752793-9885965,kurta,1,XL
408-0025324-3765902,kurta,1,S
408-0025324-3765902,Ethnic Dress,1,S
408-0025324-3765902,Set,1,S
408-9654781-2043501,Set,1,XXL
402-7112914-7945955,Set,1,3XL
404-4189884-0670725,Set,1,M
404-7554673-2315510,Western Dress,1,L
404-9468066-8397963,Set,1,M
405-5169480-8821145,Set,1,M
408-1005203-0521965,Top,1,L
406-3729242-8220358,kurta,1,XL
406-3729242-8220358,kurta,1,XL
171-8858070-0315506,kurta,1,L
404-1926469-5352352,Set,1,XL
403-6154683-8927561,Set,1,3XL
407-2272561-8655548,Western Dress,1,XL
407-2272561-8655548,Western Dress,1,XL
407-4576469-7066756,kurta,1,3XL
402-6710415-5532365,Set,1,M
405-4004768-6858711,Set,1,XXL
402-9475917-5901930,kurta,1,XS
406-1912180-6530723,Blouse,1,Free
407-8998547-6093956,Set,1,XS
408-2786163-5858700,kurta,1,XXL
171-7191726-8112355,Set,1,XL
407-5229035-2454721,kurta,1,L
406-1220841-2735558,Set,1,M
402-8186668-0186729,Set,1,L
407-2843663-0869912,kurta,1,XXL
407-1153549-4700339,kurta,1,3XL
406-7736558-5197905,kurta,1,L
407-0273665-3189969,kurta,1,L
405-2967758-0826700,Set,1,L
403-7430817-9833904,Top,1,M
404-7082794-2713966,Western Dress,1,M
405-4788412-9241124,kurta,1,3XL
171-7761123-6065124,kurta,1,M
405-3142870-5878726,Set,1,XS
406-3285326-0145130,kurta,1,XL
171-8255293-6704324,Set,1,XXL
407-2513966-6804302,Set,1,M
407-1306790-0463508,kurta,1,S
406-0819978-2561911,Set,1,S
407-1876505-6149915,kurta,1,S
407-1876505-6149915,kurta,1,S
407-1876505-6149915,kurta,1,S
407-1876505-6149915,Set,1,S
408-0073611-7018724,kurta,1,XXL
405-5281461-6369108,kurta,1,S
405-6195544-8932351,Western Dress,1,3XL
403-2127889-5950737,kurta,1,XXL
404-1271575-7756348,Top,1,L
407-3149755-7671562,Top,1,XXL
407-5487308-0281904,kurta,1,XL
404-3771759-8309144,kurta,1,XS
408-2252357-7542743,Set,1,XS
407-1235480-1934713,Set,1,M
171-1510739-1117165,Set,1,XXL
403-6337050-3605139,Set,1,S
407-4730572-2665959,Western Dress,1,S
404-5299196-4105959,Set,1,XXL
407-2174169-5929162,Western Dress,1,M
171-0483613-1762732,kurta,1,S
171-0483613-1762732,Western Dress,1,S
405-6505195-8507530,kurta,1,3XL
405-7255340-4962738,Set,1,XXL
408-8435228-1073953,kurta,1,XXL
408-8435228-1073953,kurta,1,XXL
408-8435228-1073953,kurta,1,XXL
405-1243018-4726760,kurta,1,3XL
402-0472895-9469142,kurta,1,L
405-2336053-0253923,Set,1,L
402-0562267-7143506,Set,1,L
406-9955404-9675569,Set,1,XXL
405-8723040-6729162,kurta,1,L
402-2873960-3020352,kurta,1,XXL
402-1905992-9794760,Set,1,XS
404-7030408-6504307,Set,1,XXL
405-8751097-8075522,kurta,1,XL
405-8751097-8075522,kurta,1,XL
171-4857454-0613132,kurta,1,3XL
402-7593368-3240339,kurta,1,S
407-2239154-0723539,Set,1,L
402-3115261-7418725,Set,1,XL
408-1914351-6540354,Western Dress,1,S
405-1384242-7481954,Top,1,M
408-2287288-1775535,Set,1,M
402-4373046-7793954,Western Dress,1,S
407-5741501-3889917,kurta,1,XL
403-7331460-4774745,kurta,1,L
406-9369378-9245951,Set,1,3XL
171-9319457-7513117,Western Dress,1,S
404-8309881-1997135,Blouse,1,M
404-0272863-6220367,Set,1,XS
403-0484600-1475515,kurta,1,M
403-0484600-1475515,Set,1,M
404-7418755-3285154,Western Dress,1,L
407-0519015-2468355,kurta,1,XXL
403-7247303-0806739,Western Dress,1,XL
403-2756967-1288339,Set,1,S
403-3640038-6960356,kurta,1,XL
408-9688074-4455506,kurta,1,L
404-7206948-0625109,Top,1,XXL
403-8447314-6148331,Western Dress,1,M
404-3991111-6113966,kurta,1,XXL
171-7753134-1145142,Set,1,M
408-4026223-5799501,Set,1,S
406-9948663-0198742,Set,1,XXL
408-4542931-1948317,kurta,1,M
407-0413837-2647515,Set,1,3XL
171-8807506-6215548,Western Dress,1,L
407-1544441-3953130,kurta,1,XL
171-3990669-4355563,Set,1,XL
405-5434802-7896310,kurta,1,XXL
403-3990289-7093935,kurta,1,M
403-3990289-7093935,kurta,1,L
171-1399283-4465957,Set,1,XXL
407-0126142-3562760,kurta,1,XL
406-9435895-0533110,kurta,1,S
408-3527905-3763526,kurta,1,M
408-1352528-5163534,Set,1,XS
171-8988085-2336358,kurta,1,S
406-8052307-2366731,Top,1,XXL
405-1374561-9463503,Set,1,S
407-9983513-3039557,Set,1,S
408-7751359-2106705,Set,1,S
408-1572881-6760347,Set,1,M
405-3303328-0233152,Set,1,XXL
408-3955147-2192346,kurta,1,M
405-3298231-0099512,kurta,1,XXL
408-3079808-3979518,kurta,1,M
407-7503187-7655516,kurta,1,M
407-7503187-7655516,kurta,1,L
408-8615993-7810723,kurta,1,S
408-8373526-5657963,kurta,1,XL
406-5529915-3098724,kurta,1,3XL
405-3697762-3853929,kurta,1,L
403-8418527-0589931,kurta,1,M
403-8418527-0589931,kurta,1,M
171-8147419-4665961,Set,1,XXL
408-6288609-9786706,kurta,1,3XL
408-8127653-0595542,Top,1,XL
406-9211538-5935524,Set,1,M
402-5221608-7592301,kurta,1,L
405-8842843-3620317,Set,1,L
171-7834115-2005123,Set,1,XS
405-1791556-8461128,Set,1,XXL
408-9203084-0422730,Set,1,M
402-0035444-4092373,Set,1,XL
408-4911448-1076362,Set,1,XS
407-8107713-1221109,Set,1,XS
407-8107713-1221109,kurta,1,XS
407-5690640-1729909,Set,1,M
406-2623638-1373931,kurta,1,S
407-1863527-1700367,Set,1,S
406-9517112-2779567,kurta,1,XL
406-9517112-2779567,kurta,1,XL
403-5706412-8207510,Set,1,M
408-5245426-7263505,kurta,1,S
403-0437393-7211508,kurta,1,L
406-0007995-3633964,Set,1,M
405-0374590-6173133,Set,1,3XL
404-0501384-9653956,kurta,1,M
405-9328750-1209919,Set,1,M
171-0677891-6888311,Set,1,XL
406-4000295-2735558,kurta,1,L
406-4945609-2752363,kurta,1,XL
171-4111900-7784367,Western Dress,1,M
404-7702104-3051544,Western Dress,1,M
404-8927763-6111538,Western Dress,1,XL
406-3370868-6702722,kurta,1,S
405-2714402-9668320,Set,1,S
406-0778529-8005946,Set,1,S
404-4415916-1470741,Western Dress,1,L
406-0076916-1614713,Western Dress,1,XL
405-8236418-8681901,kurta,1,L
405-8236418-8681901,kurta,1,L
406-9227789-5469137,Set,1,3XL
406-7571655-2892335,Set,1,XXL
405-5042312-9553918,Set,1,3XL
404-5253080-8804343,Set,1,3XL
407-6660495-6189902,Set,1,XL
407-2072078-6759562,kurta,1,L
402-9741585-0237923,kurta,1,M
402-9741585-0237923,kurta,1,M
402-9741585-0237923,kurta,1,M
407-2873346-9563532,Set,1,XL
406-5744420-7344350,Blouse,1,Free
402-8445932-3449916,kurta,1,XXL
171-6770623-7591517,Set,1,L
403-9167630-8630738,kurta,1,XL
407-5854967-3610760,Set,1,L
407-0128972-7385130,kurta,1,L
405-1815398-2045149,kurta,1,M
406-0837349-9591507,kurta,1,3XL
405-8316113-3615561,kurta,1,L
405-8316113-3615561,kurta,1,L
405-8316113-3615561,Set,1,L
171-7966533-6386711,kurta,1,XXL
402-5295443-5324304,kurta,1,S
408-7359785-6145959,kurta,1,XL
405-4669073-4108324,kurta,1,S
404-3143603-5373119,Set,1,XL
407-8868091-1046741,Western Dress,1,L
403-7959824-7392302,Western Dress,1,XL
407-4047325-6985106,Set,1,L
402-3113132-4309145,Western Dress,1,L
171-9143322-2356323,Set,1,3XL
408-5280728-6056319,Ethnic Dress,1,L
406-5372725-3414749,Set,1,XS
405-3716018-4265108,Set,1,XS
405-3716018-4265108,Top,1,XS
408-1735439-2865150,Set,1,XS
404-0300477-7823512,Top,1,S
404-0300477-7823512,Top,1,S
403-5078251-9943567,kurta,1,XXL
404-3395186-5820311,Western Dress,1,M
406-8888793-3829140,Top,1,XL
171-6480388-9078765,Set,1,XXL
404-4172002-2569966,Set,1,M
406-5875062-8520341,kurta,1,XL
407-0819105-9520321,Western Dress,1,S
408-4101280-2169119,Set,1,XL
402-8925001-9691552,Set,1,XS
404-7113121-0640309,Top,1,XL
407-0648594-7374711,Set,1,M
408-5704160-0127520,Set,1,S
171-6674021-7775500,kurta,1,M
408-2107673-3322757,Set,1,M
408-2107673-3322757,Set,1,L
171-5940229-8345952,Set,1,S
405-0623307-8235559,Set,1,XS
408-9173829-6309923,Set,1,S
405-6538351-5151537,Set,1,S
171-2032102-3817108,Set,1,M
408-1236860-5506728,kurta,1,XL
408-5798749-6225169,Set,1,M
404-9833383-7369160,kurta,1,M
402-2366161-6052306,kurta,1,L
402-8687003-0011519,Top,1,L
405-4846952-7472306,Set,1,3XL
405-6269709-6073107,Western Dress,1,M
171-9796298-6929959,Set,1,XL
171-9796298-6929959,Set,1,XL
171-9796298-6929959,kurta,1,XL
404-3478239-1368311,Set,1,XS
402-4233895-3198764,kurta,1,XL
404-4035504-1687568,Set,1,XS
406-8929148-1762758,Western Dress,1,L
408-9920152-3565965,Top,1,M
405-3788732-6459557,Set,1,L
408-7926421-2301145,Set,1,S
406-9864015-3065129,kurta,1,XL
405-9795099-0520307,kurta,1,M
404-2967963-0928321,kurta,1,L
406-2663635-6372324,kurta,1,L
404-0894279-0026765,Set,1,M
405-8565670-2322765,Blouse,1,Free
171-6416612-9245936,Set,1,M
406-8770163-7073957,Set,1,M
408-5125191-5964331,Set,1,XXL
171-3828154-0509920,Set,1,3XL
404-7142294-5437130,kurta,1,XL
408-6950086-4002713,kurta,1,3XL
408-6867292-3076333,Top,1,3XL
407-0956291-2893169,Set,1,XXL
402-6200217-2506725,kurta,1,3XL
403-5168085-5641105,kurta,1,XXL
408-4387070-8862741,kurta,1,M
406-4293863-2624369,kurta,1,XXL
408-5487535-0855540,Western Dress,1,S
407-5430319-0448321,Set,1,S
171-3017800-2429162,kurta,1,M
402-3579042-4507554,kurta,1,L
407-7141340-8578701,Blouse,1,XXL
407-4535452-2657102,Set,1,3XL
407-4535452-2657102,Set,1,XXL
403-6196953-8464364,Top,1,L
405-7450254-3330734,Western Dress,1,3XL
402-4135809-1219516,Set,1,L
404-1370720-8617135,Top,1,XXL
406-1185320-4046764,Set,1,L
403-5558254-9749140,Set,1,XL
403-5558254-9749140,kurta,1,XL
402-5863439-9921144,kurta,1,XS
405-0226695-1376355,kurta,1,M
405-0226695-1376355,kurta,1,M
405-0226695-1376355,kurta,1,M
403-5944225-0878704,Set,1,3XL
406-9115659-9293927,Western Dress,1,S
402-3043476-8833113,Top,1,XL
404-5917320-7372301,Top,1,M
406-2465783-8897932,Set,1,M
403-8082018-3545956,Set,1,XS
403-8082018-3545956,Set,1,XS
407-7486890-4217156,Set,1,M
402-9620952-4369921,kurta,1,M
407-3461846-7055560,Top,1,XL
408-6720773-2401116,Top,1,S
406-9540316-6563559,kurta,1,XXL
403-4647571-6817140,Ethnic Dress,1,XL
406-6654809-9977918,Set,1,M
408-1287890-6398720,kurta,1,M
408-3305422-4509139,kurta,1,L
406-1124784-1093950,Western Dress,1,XS
406-1124784-1093950,Western Dress,3,M
406-1124784-1093950,Western Dress,2,S
408-6712190-7844352,Set,1,L
402-5403250-3498754,kurta,1,XXL
408-1370463-1770737,kurta,1,L
405-2178444-9155542,Set,1,M
405-2388071-1018759,Set,1,M
403-7039698-5167562,kurta,1,3XL
402-5560888-5411529,Set,1,XXL
403-9040710-4835513,kurta,1,L
403-9040710-4835513,Set,1,M
404-0313281-9565100,Set,1,M
404-9414234-1301936,kurta,1,XXL
405-3971342-9996324,kurta,1,3XL
408-0009124-8546775,kurta,1,3XL
404-1083379-3597961,Set,1,XXL
404-1083379-3597961,kurta,1,XXL
171-3894264-3970724,kurta,1,S
408-8281073-8911532,kurta,1,M
403-9853205-5877944,Blouse,1,S
405-8004699-0000363,kurta,1,M
402-1229848-9025916,kurta,1,M
408-2346175-9754708,Set,1,XXL
402-7587957-2643557,kurta,1,XL
404-7171453-6777115,Set,1,M
408-5541599-8332306,Western Dress,1,S
171-6506238-4660368,kurta,1,XL
171-6506238-4660368,kurta,1,XL
171-2039558-9578746,kurta,1,S
406-0675028-2963544,Set,1,XXL
403-1787491-3726704,Set,1,S
405-3478625-0553920,Set,1,XS
408-5485620-3784369,Set,1,XXL
406-9035021-4533918,Set,1,M
404-3787608-7797917,Set,1,XL
404-9912013-8153141,kurta,1,XL
402-8621360-1001916,kurta,1,3XL
408-5499129-4496324,kurta,1,M
171-6305276-7105150,kurta,1,3XL
402-7728801-0646704,Set,1,S
404-8720245-8297169,Set,1,3XL
408-1167693-9896361,kurta,1,L
402-7398854-9593901,kurta,1,3XL
403-6060740-9231564,Set,1,XS
403-6060740-9231564,Set,1,S
403-6060740-9231564,Set,1,M
171-5793419-3481907,Top,1,XL
406-5217922-1154757,kurta,1,XL
405-1574744-3831552,kurta,1,M
403-4409081-0015539,kurta,1,L
403-4409081-0015539,kurta,1,XL
403-4367664-4658747,kurta,1,XL
403-0955432-2581965,Western Dress,1,M
403-2836518-8254737,kurta,1,XL
408-9055030-1744303,kurta,1,XXL
404-3342353-3386754,Set,1,3XL
405-4837718-5593924,Blouse,1,Free
402-8774602-7404339,Set,1,XXL
406-1798424-5857129,Top,1,XL
408-7969847-7876368,kurta,1,XL
408-4834581-4361911,kurta,1,XL
408-4834581-4361911,kurta,1,XL
406-9055889-2561167,kurta,1,S
171-2198244-6593963,kurta,1,L
404-4090016-1615507,kurta,1,XXL
402-1681753-5072328,Set,1,L
408-0390995-0343511,kurta,1,L
408-4588921-8607569,kurta,1,L
408-6785336-2712332,Set,1,XXL
408-6182302-2115523,Western Dress,1,L
403-9178046-8469162,Set,1,L
408-1718374-1457964,kurta,1,L
406-5401918-2585925,kurta,1,XXL
408-9274638-4172345,Western Dress,1,S
171-6780715-3801106,kurta,1,XL
407-7375875-6665950,Blouse,1,Free
171-7424227-3838704,kurta,1,3XL
402-1126787-8225134,Set,1,XXL
403-1246973-4221913,kurta,1,M
403-6600617-6618766,kurta,1,L
406-5100105-7544322,Western Dress,1,M
171-7465953-8665104,kurta,1,3XL
406-2451704-7336312,kurta,1,L
405-1998687-4205115,kurta,1,M
406-3121941-0533902,kurta,1,XL
406-9490101-0629958,Set,1,L
408-9202505-7877105,Set,1,XL
402-5587060-2114766,Set,1,L
405-4432227-1076361,kurta,1,XXL
405-4432227-1076361,kurta,1,XXL
405-4432227-1076361,kurta,1,XXL
403-2072817-6929139,Set,1,L
407-0973021-5075539,Set,1,M
403-2363099-7198740,Top,1,XL
403-9315234-0703526,Western Dress,1,M
406-1364698-6127502,kurta,1,S
408-5441480-8797114,Set,1,XL
402-5776206-9373137,Set,1,XS
404-0192017-9220315,kurta,1,XL
406-4363072-5640316,kurta,1,XL
406-4363072-5640316,kurta,1,L
406-4363072-5640316,kurta,1,S
402-9009582-4613959,Western Dress,1,M
407-8184083-4291545,kurta,1,L
402-2176258-2121933,kurta,1,L
406-4315601-0694740,kurta,1,XXL
406-5601531-9676333,kurta,1,XXL
406-5601531-9676333,kurta,1,XXL
402-1460333-2353167,Western Dress,1,M
406-6320744-9489907,Set,1,L
408-6681038-4521168,Western Dress,1,XL
403-1766130-4733928,Set,1,XXL
171-5752688-0303529,Set,1,XL
171-8450013-6930719,Set,1,S
405-5143250-3245927,Western Dress,1,XL
403-8545520-7952367,kurta,1,S
407-8080009-4675532,kurta,1,M
402-5841101-3087556,Set,1,XXL
404-2477026-2296343,Set,1,XXL
403-5645839-2353961,Top,1,L
407-5484944-7280305,kurta,1,3XL
408-7954791-6813932,kurta,1,M
406-8932790-9300334,kurta,1,M
408-7164436-6430769,Set,1,S
406-9498877-2858756,Set,1,XXL
404-2355232-9429952,Set,1,S
406-2396462-3345943,Set,1,M
407-3485861-3675557,Set,1,L
408-1732028-7821151,Set,1,XXL
171-5715304-4844327,Western Dress,1,M
402-2975374-5893142,kurta,1,M
407-7525236-6566735,kurta,1,M
402-7908567-8273134,Set,1,M
407-9170294-0678746,Set,1,S
171-8245935-9772343,Set,1,M
404-9187760-4531539,Set,1,XXL
405-9737039-4789169,kurta,1,3XL
405-7684269-3232324,kurta,1,L
402-5518208-5467541,Top,1,XL
406-1992172-3417100,kurta,1,M
407-0894415-8810739,Set,1,M
408-2155860-4313129,Set,1,M
408-8578409-2771569,kurta,1,S
402-5556250-9082753,Set,1,L
408-5017001-9229112,kurta,1,3XL
402-1724954-4499500,kurta,1,M
171-3953109-9480328,Top,1,XL
404-8843609-1157909,kurta,1,3XL
406-9820974-0462721,kurta,1,3XL
408-2989125-6613109,Top,1,L
406-5516974-2857950,kurta,1,XXL
406-5516974-2857950,kurta,1,XXL
171-2283496-0836330,Set,1,M
405-8475431-1965155,Set,1,M
408-9499140-8408325,Set,1,S
407-0113439-5407561,kurta,1,XXL
406-4385412-1685163,kurta,1,XS
407-5990890-8729138,Set,1,XS
408-7110322-8172331,Set,1,S
404-5353827-4441116,Western Dress,1,3XL
404-5353827-4441116,Western Dress,1,3XL
404-5353827-4441116,Western Dress,1,3XL
407-5319842-9837951,Set,1,XS
171-0941003-5422706,kurta,1,XXL
171-0941003-5422706,Top,1,XL
408-7412035-1641902,Western Dress,1,3XL
408-7412035-1641902,Western Dress,1,XXL
406-8983096-9141946,kurta,1,M
406-8662909-9073112,kurta,1,XL
406-8662909-9073112,kurta,1,XL
405-2303529-5213117,kurta,1,3XL
171-2960144-3608343,Top,1,XL
407-9447306-5316363,kurta,1,S
403-9769031-0048350,kurta,1,XL
406-1948877-6468329,kurta,1,XL
406-3459759-7174747,Top,1,XL
405-8057492-4039540,Set,1,XXL
406-4829164-6621155,Top,1,S
405-6073443-2981901,Western Dress,1,3XL
404-8956110-6302732,kurta,1,M
171-0618136-8916361,kurta,1,XL
404-1656808-0237165,kurta,1,3XL
171-8394201-3183534,Set,1,3XL
408-3357583-5691559,kurta,1,L
408-3357583-5691559,kurta,1,M
402-1818155-7245114,Set,1,XL
403-5241452-7887527,kurta,1,S
402-0354221-3097936,kurta,1,XL
171-7463245-0644331,kurta,1,XL
408-7467211-1386738,Set,1,S
408-7467211-1386738,Set,1,S
405-8011016-6487546,Set,1,XL
403-6676387-9648363,Top,1,XL
404-2357181-9899522,kurta,1,L
405-7295885-5909127,Western Dress,1,S
405-5081671-6028360,kurta,1,L
408-9090489-4063510,kurta,1,M
408-1101626-3657132,Set,1,M
406-2370628-7805122,kurta,1,S
402-6225210-2872344,kurta,1,S
403-9312478-2110751,Western Dress,1,L
171-8646820-6433115,kurta,1,XL
407-8904876-4513131,kurta,1,L
407-8904876-4513131,kurta,1,L
406-8849768-4616345,Top,1,M
403-1910023-6958735,Set,1,XL
408-7392301-9055539,Set,1,3XL
408-6695001-7689135,kurta,1,XS
402-9446720-8073962,kurta,1,XS
407-4744895-3994761,Western Dress,1,L
407-4744895-3994761,Western Dress,1,L
408-5166775-2810745,Set,1,L
402-6039440-3287527,Set,1,L
402-6039440-3287527,Set,1,S
406-4182370-0458723,Set,1,M
404-2943352-4637162,Set,1,XS
402-2204455-2023558,kurta,1,XL
406-9703891-6701908,Western Dress,1,L
402-8978819-0608357,kurta,1,XXL
402-8978819-0608357,kurta,1,XXL
404-8703186-1112331,kurta,1,M
404-8703186-1112331,kurta,1,M
405-1446469-8773169,kurta,1,3XL
403-6882462-6290726,Top,1,3XL
402-9040460-3899523,Ethnic Dress,1,XXL
402-9040460-3899523,Western Dress,1,XXL
405-1448970-0213164,Set,1,S
407-7296257-0339513,kurta,1,M
402-0924252-3032360,kurta,1,XL
408-5496508-4776358,Top,1,L
406-9337758-5594737,Blouse,1,S
402-6998243-4698769,kurta,1,3XL
407-7147201-4319554,kurta,1,S
404-0954709-2734726,Set,1,3XL
404-1311481-6181124,Set,1,XS
408-8540139-2978734,kurta,1,XL
403-9297647-3648329,kurta,1,L
171-9014629-5842740,Set,1,3XL
404-9291850-9219565,Set,1,M
171-2026511-3308340,kurta,1,XL
404-1474305-9756341,Set,1,XXL
403-0800064-2949901,Set,1,S
404-7906233-7690728,Set,1,XL
171-5075923-8265131,Western Dress,1,L
171-4985412-4039542,kurta,1,XL
402-5911041-5556367,Set,1,3XL
408-8096278-7861910,kurta,1,3XL
408-8096278-7861910,kurta,1,3XL
406-5668271-4349937,Blouse,1,Free
408-7894130-7313930,kurta,1,L
406-5235688-5484368,kurta,1,L
402-3111347-4642766,Set,1,L
403-7637931-0122752,kurta,1,L
407-3190500-5180311,Set,1,S
407-1934938-4742716,Set,1,L
406-9770976-6350709,Set,1,3XL
171-4671535-8472336,kurta,1,L
408-4778185-4373104,Set,1,M
405-1061620-2714731,kurta,1,S
406-4772537-6436357,kurta,1,XL
171-4205373-1745142,kurta,1,M
408-2157813-6919514,kurta,1,M
402-4811084-6678724,kurta,1,XL
171-3725663-8070734,Western Dress,1,M
406-5000909-3114761,Set,1,3XL
406-3875371-2833905,kurta,1,XL
171-2798790-4166700,Set,1,XS
407-9663488-9768302,Set,1,XL
407-9663488-9768302,Set,1,XL
402-3302433-1389933,Set,1,M
408-8552844-5287556,kurta,1,3XL
403-3531185-1079526,kurta,1,S
405-8753479-8061966,kurta,1,L
405-8753479-8061966,kurta,1,XS
171-7958607-1336362,kurta,1,XL
403-3782771-0557145,kurta,1,3XL
171-7794366-8842738,Set,1,M
171-0285687-0428344,kurta,1,XL
171-2823804-9550711,kurta,1,M
402-0651114-7760362,kurta,1,XL
406-6373245-4991501,kurta,1,XL
406-6373245-4991501,Set,1,XL
403-8910023-2036330,kurta,1,3XL
402-9265899-3513959,kurta,1,XS
402-7460395-0769109,kurta,1,M
402-7460395-0769109,Top,1,M
406-8469725-8633168,kurta,1,XXL
404-7830452-5557947,kurta,1,3XL
171-9765604-5228338,Set,1,3XL
402-8658615-2961153,kurta,1,3XL
404-2231547-1678738,kurta,1,XXL
408-2224998-1788357,kurta,1,M
408-0025187-4038776,Top,1,XL
403-6556308-1949154,Set,1,M
405-8601217-3441944,kurta,1,M
402-6025477-5221117,Set,1,XL
404-5066545-5707511,Set,1,M
171-4280836-7867535,kurta,1,3XL
403-0229286-0567541,Set,1,L
408-4918411-1963503,kurta,1,L
404-2280116-6195536,kurta,1,S
406-7303356-7112327,kurta,1,XXL
406-7964927-3310744,kurta,1,L
171-0123353-8840339,Set,1,3XL
406-5530267-4287545,Set,1,S
404-6696217-4350702,Western Dress,1,M
402-3267916-0570764,kurta,1,XL
402-2425926-2893955,Set,1,M
403-1587274-2007540,kurta,1,XL
403-4177284-5653157,kurta,1,M
403-3778387-5717934,kurta,1,XL
402-9576261-1620337,Western Dress,1,L
406-8660286-0119553,kurta,1,M
406-8660286-0119553,Set,1,M
402-9239249-2798725,Top,1,S
403-8915866-6732334,kurta,1,XL
402-3272649-1778702,kurta,1,L
407-1483586-5054708,Top,1,XXL
404-0066789-3120334,kurta,1,XL
405-6662974-6228300,kurta,1,XXL
171-1954625-0310705,kurta,1,S
408-8885578-2145927,Set,1,M
406-7173525-8097147,kurta,1,3XL
407-9223787-3979545,kurta,1,XL
406-7023678-4218767,Set,1,XL
408-6589746-1449157,kurta,1,M
405-0315561-3588353,kurta,1,XL
403-9542323-5953922,Set,1,XL
407-1271861-2630766,Blouse,1,Free
408-4258160-1721151,Set,1,M
403-7808913-5656364,kurta,1,XS
171-0858619-4473122,kurta,1,XL
403-2584506-9545947,Set,1,XXL
406-6302355-2204322,Top,1,XL
406-0203680-0217121,Blouse,1,S
403-9848156-0717127,kurta,1,S
405-6755443-4245916,Set,1,S
405-9035241-0841964,kurta,1,XXL
405-9035241-0841964,Set,1,XXL
403-9010844-8210745,Set,1,XXL
402-4166023-8808363,kurta,1,3XL
402-4166023-8808363,Set,1,3XL
171-1706388-5706730,kurta,1,M
405-4897205-9641939,kurta,1,M
407-5044255-6689136,Blouse,1,Free
408-5649626-8021938,Set,1,M
402-0569672-8371564,Set,1,XS
171-4751751-9175567,Set,1,L
407-0382408-9958757,kurta,1,XL
405-4422094-1545119,Western Dress,1,XL
171-9258930-3089152,kurta,1,S
403-2297551-6355502,Western Dress,1,S
404-2031654-6510743,kurta,1,S
403-2405084-6864322,Set,1,3XL
404-2512687-1873939,Set,1,S
402-7413468-5441944,kurta,1,XS
408-1379097-2435565,Western Dress,1,M
171-4359282-6019534,Set,1,XL
405-5399366-5400319,kurta,1,XXL
408-3922566-7084352,Set,1,XS
406-0168704-8720365,Set,1,XXL
404-4405975-1026752,Western Dress,1,M
407-6607114-2730747,kurta,1,XL
171-4558580-8650739,kurta,1,XL
407-5667991-2991549,kurta,1,L
404-7901525-7124307,Western Dress,1,S
405-1896903-8230727,kurta,1,S
403-0921186-3234753,kurta,1,M
171-1231796-2813931,kurta,1,L
404-5355628-6070738,kurta,1,L
402-9783938-4052315,Top,1,3XL
404-0557418-8142750,kurta,1,3XL
408-0452791-9815513,Set,1,3XL
405-6550158-8986730,kurta,1,S
405-6550158-8986730,kurta,1,S
405-6550158-8986730,kurta,1,XL
402-2539125-9867512,Set,1,XL
171-3779718-4499510,Western Dress,1,M
402-3160951-7705917,Blouse,1,M
408-8351642-0489939,Set,1,M
171-7935973-6677125,Western Dress,1,S
171-7935973-6677125,Western Dress,1,S
402-7982290-8786725,kurta,1,M
406-1064514-5434727,kurta,1,M
406-1064514-5434727,kurta,1,M
402-9953043-4613156,kurta,1,XS
402-8558062-1677966,kurta,1,S
405-7657669-2081962,Set,1,M
171-0751190-4110758,kurta,1,S
407-9133891-2105932,Set,1,S
403-0310909-8518716,kurta,1,XL
405-7187927-2544335,kurta,1,XL
171-5527435-1368319,Set,1,XXL
405-2711861-2869117,Western Dress,1,M
405-9621152-7114715,Set,1,XL
407-5209805-1480330,kurta,1,XXL
403-1097047-9604307,Set,1,XL
405-0828192-5206719,Set,1,XXL
407-4666867-7585126,kurta,1,M
405-7728875-8693902,Top,1,L
406-4135744-1927558,kurta,1,L
171-6839339-5145141,Set,1,XL
404-5506012-7244366,Set,1,XXL
406-3119096-2365919,Set,1,S
406-8245656-5250767,kurta,1,M
171-4415637-7863514,kurta,1,XXL
407-9510490-1633130,Set,1,XXL
406-9301359-9408308,Western Dress,1,S
171-5867281-4533154,Top,1,3XL
408-6100879-5993144,Set,1,S
402-9625056-6413134,kurta,1,XL
408-1921276-9146756,Set,1,XXL
405-1257473-0575502,Ethnic Dress,1,M
407-4444390-8567545,Set,1,L
407-9559064-7219563,Set,1,L
404-4267115-7746730,kurta,1,XL
171-6554226-7335514,kurta,1,XL
402-8385656-1273154,kurta,1,XL
402-8653350-3015509,Set,1,3XL
403-2289151-6809931,kurta,1,M
407-8872756-2796339,Set,1,3XL
405-6933989-2273931,kurta,1,3XL
403-0312837-0224301,Set,1,M
408-8245080-7753131,kurta,1,L
408-4604217-7541939,kurta,1,S
402-5241455-7357166,kurta,1,XXL
404-4818883-8097944,kurta,1,3XL
406-4634691-6315557,Set,1,XXL
402-0173312-2697168,Set,1,S
404-2035097-0098765,kurta,1,XXL
403-0484493-0589956,kurta,1,XS
405-4198954-3545129,Set,1,L
402-2482997-1429965,Set,1,XS
402-9906102-4018756,kurta,1,XL
407-7529134-2227538,kurta,1,M
407-2457096-4628322,kurta,1,S
402-0023003-1893107,Top,1,M
407-9637051-9350707,kurta,1,M
405-1596917-4207533,Set,1,XXL
402-0549806-4250767,kurta,1,M
171-8664420-8967564,Western Dress,1,XL
404-1423198-8250727,Set,1,XXL
406-8313409-4318740,Top,1,XS
402-4356573-8981126,kurta,1,3XL
408-2811778-3145904,Set,1,XL
408-2811778-3145904,Set,1,XL
408-1862157-8444341,Set,1,3XL
403-8723875-0754708,kurta,1,M
406-3849566-9675514,kurta,1,S
405-1438775-9535508,kurta,1,XL
406-6653725-6919554,kurta,1,XXL
408-9136800-1229917,Western Dress,1,XL
404-8202979-9536339,Set,1,3XL
403-3969853-8950752,kurta,1,XL
404-2782919-4287500,Blouse,1,S
403-6360350-4250737,kurta,1,XXL
408-7846210-6901954,kurta,1,S
407-8363865-3359513,kurta,1,M
404-0731917-1191514,Set,1,M
407-1266299-3950762,kurta,1,L
407-1266299-3950762,kurta,1,XL
403-2970279-5861929,Set,1,XS
408-6734746-1593947,kurta,1,L
408-9411813-3969950,kurta,1,L
171-0170225-3225104,Set,1,XXL
408-8208893-7433132,Western Dress,1,3XL
405-0751079-4053144,Top,1,L
405-1332373-9450722,Western Dress,1,3XL
407-0267272-8310728,kurta,1,XXL
405-3298388-2540366,Set,1,S
408-4728220-6493100,kurta,1,S
407-9849677-8027549,Set,1,M
406-0275060-5817963,Set,1,M
407-9196394-9747521,kurta,1,XL
408-8371827-0279550,Set,1,S
408-5847754-2863525,kurta,1,S
406-2715032-6222765,kurta,1,M
408-3063825-6896322,Set,1,S
406-1541685-0847555,Western Dress,1,XS
406-4767318-6981166,kurta,1,S
406-4767318-6981166,kurta,1,S
404-5071880-1285139,Western Dress,1,S
404-5071880-1285139,Western Dress,1,XS
408-7745331-9577100,kurta,1,L
406-8363580-0870727,Set,1,M
407-6675269-8936338,Set,1,M
403-4878360-4733934,Set,1,S
171-9985102-0873944,kurta,1,L
407-4829514-7003539,Set,1,S
404-6581846-9274758,kurta,1,XL
402-3325303-7649903,Western Dress,1,XXL
404-9359436-8045104,Set,1,3XL
408-2352802-5315508,kurta,1,XXL
404-4474584-0390731,kurta,1,M
404-4474584-0390731,Set,1,M
171-7116720-3579564,Set,1,L
408-7929453-3417916,kurta,1,S
407-3448390-6137125,kurta,1,M
406-8409932-8039566,Set,1,S
171-9362887-8980325,kurta,1,3XL
171-9362887-8980325,kurta,1,3XL
407-6397396-7470741,Set,1,M
404-1359195-2839556,Set,1,XXL
171-2498747-6017906,kurta,1,XL
406-3938263-2764306,Set,1,M
404-4186241-8976360,Set,1,L
407-2495229-2690717,kurta,1,XL
407-5534816-2307565,Set,1,S
171-2556016-2621141,Set,1,XXL
406-0152162-3881920,Set,1,XXL
406-6116824-8907511,Top,1,XL
407-9548296-1396309,Set,1,L
171-2348107-9608354,kurta,1,XXL
408-8970622-6428346,kurta,1,L
406-5606450-5966749,Set,1,L
407-7783817-2972318,kurta,1,L
403-6115400-3938728,Set,1,XS
171-9758610-6321106,Set,1,XXL
407-4696226-2304334,Set,1,M
406-8924373-7705166,Set,1,M
406-8924373-7705166,Set,1,M
404-3666825-6164310,Set,1,XL
406-8878071-5030757,Top,1,XXL
404-4146830-5595500,Set,1,XS
408-0652208-9341961,kurta,1,M
403-4505444-8153138,Set,1,XXL
407-1690922-1285963,kurta,1,L
408-1835675-9553105,Set,1,3XL
407-9301772-8027511,kurta,1,L
404-5061497-2351543,Set,1,S
408-5582516-3604344,Set,1,XXL
408-7424248-4341131,kurta,1,S
404-6405896-6191546,Top,1,XXL
402-6442149-0879553,Set,1,XXL
402-7787871-2057107,Set,1,S
402-7874286-4422757,Set,1,L
404-3782487-0868304,kurta,1,XL
404-3782487-0868304,kurta,1,XL
404-3782487-0868304,kurta,1,XL
402-3608488-2982701,Bottom,1,3XL
405-9038811-3695511,kurta,1,M
408-1621724-6282734,Set,1,M
404-6717503-3010757,kurta,1,XXL
407-5990621-7366749,kurta,1,M
407-5990621-7366749,kurta,1,M
171-2635142-1707545,kurta,1,S
171-2102388-9588342,Set,1,M
171-8895873-4185909,kurta,1,S
406-8949244-8094743,Western Dress,1,L
408-0160311-7365945,Set,1,3XL
402-1262188-8585119,kurta,1,XL
406-2092335-3590703,kurta,1,XL
402-0507484-1154749,kurta,1,XL
406-2443158-3630745,kurta,1,L
405-9639833-1407521,Top,1,3XL
171-6883731-4487552,Western Dress,1,XL
171-4637130-6571530,kurta,1,S
405-7410370-1746769,kurta,1,XS
171-6912198-0696342,Ethnic Dress,1,XL
406-0722533-2568369,kurta,1,L
405-6236960-0128354,Top,1,XL
404-0003392-0333939,Set,1,XS
402-8244884-2905108,kurta,1,XXL
402-8244884-2905108,Set,1,XXL
402-8244884-2905108,kurta,1,XXL
402-8244884-2905108,kurta,1,XXL
402-8512224-2270746,kurta,1,3XL
405-5242860-0631506,kurta,1,XXL
408-3584159-6305955,kurta,1,L
404-1626094-3137921,Set,1,3XL
408-0604880-8303509,Set,1,S
404-8117443-4289927,Set,1,XXL
408-5012038-4915548,Set,1,S
408-5012038-4915548,kurta,1,S
405-9521286-3202707,kurta,1,S
406-5959276-2210726,Set,1,XS
408-6414518-8041102,Set,1,M
408-6414518-8041102,kurta,1,M
404-0171768-2082703,Set,1,XS
407-9270997-9643534,Set,1,XXL
402-2696811-1807559,kurta,1,XL
402-2696811-1807559,kurta,1,XL
402-2696811-1807559,kurta,1,XL
406-9591743-0650736,Set,1,XL
406-9591743-0650736,Set,1,3XL
408-4200791-3019529,kurta,1,L
403-4620931-2501964,kurta,1,S
404-0176316-9207520,kurta,1,XXL
406-7244398-2977145,kurta,1,3XL
406-7244398-2977145,kurta,1,3XL
171-0018575-6317167,kurta,1,S
405-6046075-4429143,Set,1,XS
407-0798833-7024337,kurta,1,XL
406-1230509-5719534,Set,1,3XL
403-5163995-6905133,Western Dress,1,XL
405-8957827-8556343,Western Dress,1,XL
408-7745174-0529901,Set,1,3XL
404-6289647-2369147,Set,1,S
408-3201598-6811509,kurta,1,3XL
406-1043195-2447549,Top,1,3XL
402-0617073-6391541,kurta,1,3XL
407-5925812-0803518,Western Dress,1,XL
402-8962521-7180355,Set,1,3XL
407-3201270-4704328,kurta,1,S
403-6937495-5551569,kurta,1,XL
405-1924883-1001904,Top,1,XXL
408-7164862-0735512,Set,1,XXL
407-1249935-1111564,kurta,1,XL
402-1291989-5239555,kurta,1,L
402-2103846-0917930,kurta,1,M
407-8234876-2303502,Top,1,S
402-4702029-2977954,Western Dress,1,XS
171-2834320-0277925,Blouse,1,Free
406-1851810-0351517,Set,1,XS
406-1851810-0351517,kurta,1,XS
171-9366141-8695543,kurta,1,L
403-1159993-0148314,kurta,1,L
171-0679214-4090712,Set,1,L
408-5283210-6447564,Set,1,S
406-9994443-4880321,Set,1,M
406-0020991-5026771,kurta,1,M
406-0020991-5026771,Set,1,M
408-6675531-3255535,Top,1,XL
407-5733314-1609158,kurta,1,M
407-5733314-1609158,Set,1,M
407-5733314-1609158,Set,1,L
407-0550264-2964351,kurta,1,M
407-0550264-2964351,kurta,1,M
404-5848892-0901135,Western Dress,1,M
404-8373345-4141122,kurta,1,S
406-8881508-2237136,kurta,1,XL
403-3149146-2953155,Set,1,3XL
403-5232048-6396369,Set,1,3XL
406-6251036-2572364,Set,1,M
402-5250166-5900362,kurta,1,S
402-5250166-5900362,kurta,1,S
402-5250166-5900362,kurta,1,S
406-1592689-9254761,Western Dress,1,3XL
408-3157098-9730715,Set,1,3XL
404-2327703-8746738,Western Dress,1,S
171-7386277-3833944,kurta,1,S
407-8040695-2197961,kurta,1,S
407-8040695-2197961,kurta,1,S
408-8196223-9101162,Set,1,S
406-7779042-3907539,Set,1,3XL
406-8499420-4242758,Set,1,L
404-5780372-8261905,Set,1,XL
407-4073929-3963518,kurta,1,XXL
408-1830029-3260356,kurta,1,L
402-5477749-6196325,kurta,1,XL
404-0095816-8190764,Western Dress,1,M
402-9731465-0514738,Set,1,M
171-7009430-6857930,Set,1,XL
403-8921946-7420357,Set,1,XS
404-7005519-0641962,Set,1,M
405-6379753-0905931,Set,1,M
408-9415049-5020332,kurta,1,S
404-2161461-6489100,Top,1,XXL
403-2883719-0915539,Set,1,M
171-0090452-6097950,kurta,1,L
171-0090452-6097950,kurta,1,L
406-1147434-5976311,kurta,1,M
406-6333060-2319569,kurta,1,XL
171-7742101-4014747,kurta,1,XL
407-2957270-0438707,kurta,1,XXL
406-8120512-7101902,kurta,1,XXL
407-8575489-9524315,kurta,1,XXL
407-9160768-1527513,kurta,1,XS
403-8737356-2831500,Set,1,XS
406-5838741-9533944,kurta,1,XS
406-5838741-9533944,Set,1,XS
403-7002568-5562709,kurta,1,XXL
402-3959319-0933157,kurta,1,3XL
171-2021679-0056320,Western Dress,1,XXL
406-8636292-2663524,Set,1,L
404-3978786-3315541,Set,1,M
403-0151352-4461160,kurta,1,XL
403-2988150-1965110,kurta,1,XL
403-6255864-4069924,Set,1,M
404-9181748-4641151,Set,1,M
402-6586516-5199526,Set,1,L
408-7412834-8371552,kurta,1,L
406-1941797-3869906,Set,1,XL
403-5535150-1463538,kurta,1,XS
407-4727062-5685955,Set,1,M
403-9327505-6051518,kurta,1,XL
171-7294013-7726727,kurta,1,XXL
403-3967314-1706758,kurta,1,M
402-6657819-6964300,Western Dress,1,XXL
408-4337935-6674731,kurta,1,XL
406-5859441-0955527,Western Dress,1,XXL
408-3835458-1951545,Set,1,S
405-8654498-9961161,kurta,1,XXL
403-0909047-9710726,Set,1,S
407-4416275-7972349,Set,1,S
407-4416275-7972349,kurta,1,S
407-4416275-7972349,kurta,1,L
171-8819483-9166761,kurta,1,L
405-7833447-8517921,Set,1,3XL
405-3922812-8524360,kurta,1,XS
404-5210197-2133159,kurta,1,XL
171-8132833-2044366,kurta,1,L
171-8132833-2044366,kurta,1,L
171-4704994-3086707,Western Dress,1,XS
406-6741324-9941120,kurta,1,XXL
408-8808602-7652343,Set,1,M
403-2562190-6298746,Set,1,M
402-3685652-5373951,Set,1,XS
405-5833579-4312356,Set,1,XXL
407-9673246-5506756,Set,1,L
407-6634679-2769123,Set,1,3XL
171-9810553-8197922,kurta,1,XS
406-9414421-6625905,Blouse,1,XL
402-6467147-9965134,Top,1,L
402-6467147-9965134,Top,1,L
402-6467147-9965134,Top,1,XL
407-7558698-7145904,kurta,1,L
405-2054874-7515504,Set,1,3XL
404-8786093-9083558,Set,1,M
407-3883252-7283544,Set,1,L
402-1993603-1395502,Western Dress,1,M
171-9308901-0597140,Set,1,XS
404-2006904-4030738,Western Dress,1,S
408-5003440-7313135,Western Dress,1,XS
404-7549772-7915565,kurta,1,S
405-7312136-7307551,kurta,1,S
405-6926620-4721151,kurta,1,L
404-3445340-8288366,Top,1,S
403-1748446-3870725,kurta,1,XL
171-6378143-5342754,Set,1,M
171-4326700-0941957,Set,1,XXL
171-2086099-7428336,kurta,1,L
402-3339174-1998735,kurta,1,S
171-0054629-3710730,kurta,1,XXL
171-0188374-5287502,kurta,1,L
402-2422742-9949949,Set,1,XL
407-9778769-1609966,Set,1,XXL
405-3019280-3443509,Set,1,XL
402-4419091-8345121,Set,1,XS
408-0281298-8714745,Set,1,XL
403-3265630-6820360,kurta,1,M
405-6511758-8653900,Set,1,XS
403-2833320-8071508,kurta,1,3XL
402-2218292-7677942,Set,1,M
403-6813676-7589164,kurta,1,M
407-4081989-8686724,kurta,1,XL
407-4081989-8686724,kurta,1,L
171-8095302-2309941,Set,1,S
404-6317999-9786733,Set,1,3XL
403-7228507-2902713,Top,1,XL
405-9725275-7560351,Top,1,M
406-0476553-5814721,kurta,1,3XL
404-5749930-9147541,kurta,1,3XL
402-1770164-3161110,kurta,1,M
408-4075166-0934727,kurta,1,XL
406-0255636-3837913,kurta,1,M
406-0255636-3837913,kurta,1,S
404-2010588-6143556,kurta,1,XXL
402-9354325-9473124,Set,1,L
405-7616253-1550730,kurta,1,3XL
406-1085690-3726740,Set,1,S
405-6498235-2216334,kurta,1,XXL
403-4493096-8703531,Set,1,S
402-4294855-5645962,kurta,1,XXL
402-9258077-3389953,kurta,1,XXL
404-3397767-5021947,Top,1,XS
402-8218836-1610712,Set,1,3XL
402-4073300-8089147,kurta,1,XL
408-2706042-1625161,kurta,1,L
406-7645394-0717140,Set,1,XL
402-0947093-4130735,Top,1,M
406-7307409-3413956,Western Dress,1,3XL
406-7307409-3413956,Set,1,S
403-9257468-0196339,Set,1,S
402-0424077-8375507,kurta,1,XXL
405-7054778-6063503,Set,1,S
171-8144394-4801142,Set,1,M
402-3393366-6661156,Set,1,L
402-3456769-6817925,Set,1,M
171-6267336-8453105,Set,1,L
406-9296591-1606760,Set,1,M
406-3171034-0256304,Set,1,3XL
408-9166919-5611522,Set,1,XS
408-9397570-4314756,Set,1,M
403-7008918-7160312,Set,1,M
403-7008918-7160312,Set,1,M
402-2054056-0204333,Set,1,M
407-4987075-9421950,kurta,1,XL
406-6435966-1948328,kurta,1,XXL
406-6435966-1948328,kurta,1,L
171-5819124-5033937,Top,1,XL
404-1086362-0587517,kurta,1,XL
404-1086362-0587517,kurta,1,XL
403-6777992-5449901,kurta,1,M
403-1137826-6876317,Set,1,XL
404-2178846-9299565,kurta,1,XXL
408-9784778-4847521,Saree,1,Free
408-9784778-4847521,Saree,1,Free
408-9784778-4847521,Saree,1,Free
408-9784778-4847521,Saree,1,Free
408-9784778-4847521,Saree,1,Free
408-9784778-4847521,Saree,1,Free
408-9784778-4847521,Saree,1,Free
405-2133228-9001149,Western Dress,1,M
402-0687111-7059517,kurta,1,S
408-3848006-5037130,Western Dress,1,S
403-4772245-2802734,kurta,1,3XL
408-2150413-9477934,kurta,1,M
407-6361367-3836366,Western Dress,1,M
408-9768896-9840355,kurta,1,XXL
405-8326161-8712343,Western Dress,1,XS
402-8507229-1609925,kurta,1,S
402-8507229-1609925,Set,1,S
402-8507229-1609925,kurta,1,S
404-0219108-2534716,Western Dress,1,3XL
408-0310139-7393933,kurta,1,M
402-7841314-4881969,Western Dress,1,S
406-6030922-4524338,Top,1,S
406-8778385-6508315,kurta,1,3XL
408-3488036-3385121,Set,1,L
402-9955507-1097905,Top,1,3XL
404-0212208-6520365,kurta,1,M
406-2395754-0184305,Set,1,M
408-7018393-5283516,Top,1,XXL
405-8129827-9189118,Set,1,XXL
408-6442467-9683542,kurta,1,XL
408-6528412-0852307,Set,1,M
408-6528412-0852307,kurta,1,M
407-6002846-1735555,kurta,1,M
402-9313302-2204369,Set,1,M
408-6167450-8861146,Set,1,XL
407-9874099-4845958,kurta,1,XS
408-1254820-8693938,kurta,1,S
403-3816913-0216323,kurta,1,M
407-5937384-4972365,Set,1,S
403-0584810-3676316,Top,1,M
171-7951905-0168321,kurta,1,S
171-7951905-0168321,Set,1,S
407-2829464-2473951,Set,1,XL
407-7864388-6745106,kurta,1,XXL
407-7864388-6745106,kurta,1,S
405-2436493-7343506,Set,1,3XL
171-7050935-5069168,Set,1,M
408-4453786-3974769,kurta,1,XL
403-6002390-4174709,kurta,1,M
408-1624047-1913934,kurta,1,M
406-7185739-7756362,Set,1,M
408-9588087-4205119,Western Dress,1,L
407-3929844-4375546,Set,1,M
405-3467413-2123526,kurta,1,XL
171-5225555-9410721,Western Dress,1,S
403-1358276-2453939,Set,1,XS
405-3224229-3742744,Set,1,M
403-1166787-3523549,Western Dress,1,3XL
405-3262797-1404368,Set,1,M
405-8091086-6885148,kurta,1,L
406-7142861-4782718,Set,1,M
403-0531657-8165920,Western Dress,1,3XL
403-0531657-8165920,Western Dress,1,3XL
408-2479238-8439537,kurta,1,XXL
404-6694318-6478728,Set,1,M
403-1732346-2302767,kurta,1,XL
404-8466897-7081901,Set,1,XL
406-3939147-4531500,Set,1,XXL
171-8606121-2417116,Set,1,XS
171-8606121-2417116,Set,1,XS
408-9160932-9515521,Set,1,M
404-4974160-2919545,Set,1,XXL
171-5709881-7897140,Top,1,M
405-0924185-5777910,Set,1,M
403-2224755-6519567,kurta,1,XL
403-7120088-7465136,kurta,1,M
403-7120088-7465136,Set,1,S
405-0702209-3796342,kurta,1,XXL
403-8403133-9257124,Set,1,S
405-6230625-6396321,kurta,1,S
404-5084656-9541963,kurta,1,M
171-7965491-1831552,Western Dress,1,L
407-5577890-3987520,Set,1,XS
406-5316083-0273951,kurta,1,M
406-6589845-1356301,kurta,1,3XL
404-6016302-3865929,Set,1,3XL
171-2006528-2351568,Set,1,XXL
403-8162221-8673926,Set,1,XL
402-9528472-2272353,Ethnic Dress,1,M
403-7146353-9476306,Western Dress,1,M
406-1608366-6315564,Western Dress,1,L
405-7357341-5939532,Set,1,XL
405-9113616-8887562,Top,1,3XL
408-1487615-8901933,Top,1,XXL
407-6421409-7137136,kurta,1,S
402-7499368-1333127,Top,1,XXL
402-0841576-3105145,Set,1,M
402-0841576-3105145,kurta,1,M
402-9072109-8533939,kurta,1,L
405-1515223-0848337,Set,1,M
408-9957709-4247523,Top,1,M
408-6597892-4733115,Set,1,L
408-6148601-7684315,Set,1,XL
404-0091159-5225959,Set,1,3XL
407-4217803-8765107,Top,1,XL
403-0441028-6054742,Top,1,S
407-4572580-6871507,Set,1,L
171-7060138-3137968,Set,1,M
402-3648575-2640335,Set,1,XXL
402-3648575-2640335,Set,1,XL
402-0079200-9501968,Set,1,M
405-6701898-7623546,kurta,1,XXL
403-4928228-4593102,Set,1,L
403-7923864-7222711,kurta,1,L
408-6722452-3331543,Set,1,S
408-4054046-7837140,Western Dress,1,S
403-2343542-9948350,kurta,1,XL
404-7547483-5971555,kurta,1,S
405-6990786-6425149,kurta,1,XXL
171-6644911-2717909,Set,1,XXL
402-7738885-4553948,Set,1,XS
403-4095910-4730744,Set,1,3XL
408-0393844-9720328,kurta,1,XS
406-8355872-4888365,Set,1,XS
407-6779393-9929956,Set,1,L
171-5432938-2862763,kurta,1,XL
402-8881771-2443540,Set,1,S
171-6144953-4789914,Set,1,M
171-6144953-4789914,kurta,1,L
406-9680220-9367559,Western Dress,1,XXL
406-9680220-9367559,Western Dress,1,XXL
406-9680220-9367559,Set,1,XL
404-3065753-5907557,kurta,1,M
403-9836044-1912326,kurta,1,L
404-2088043-8391562,kurta,1,L
402-4824042-8713918,Western Dress,1,XL
402-4824042-8713918,Top,1,L
171-9983584-8377958,kurta,1,M
404-1474641-1587534,kurta,1,3XL
405-9436847-4655544,Western Dress,1,L
402-7540172-2041939,Set,1,M
408-3265393-3074712,Set,1,XXL
171-8989514-1666703,kurta,1,S
407-7097714-9856310,Set,1,M
407-7097714-9856310,kurta,1,M
404-1326153-5333923,Set,1,M
402-8035340-9428342,kurta,1,M
404-9578724-7499549,kurta,1,3XL
406-7441009-9487525,kurta,1,M
405-6096768-0424322,Set,1,M
408-9470015-0980329,kurta,1,S
408-2353110-7174766,Set,1,XL
403-2279743-5862760,Set,1,XXL
405-2848778-0886733,kurta,1,S
171-8434967-3951563,kurta,1,L
171-8434967-3951563,kurta,1,XL
402-6632795-0122742,Set,1,XXL
402-2908990-7482755,Set,1,XL
407-6507721-1081128,kurta,1,XXL
408-9599625-1509948,kurta,1,S
403-2272331-3267516,kurta,1,3XL
404-1544565-0070737,kurta,1,3XL
404-1544565-0070737,kurta,1,3XL
404-1544565-0070737,kurta,1,3XL
406-2776161-1097101,kurta,1,M
406-2942637-2069925,kurta,1,XL
406-2942637-2069925,kurta,1,XXL
405-8913059-0484317,kurta,1,M
402-6696532-9158712,kurta,1,XL
403-2838232-3091541,kurta,1,XXL
171-4887308-9923500,kurta,1,XL
407-9225645-2865924,kurta,3,3XL
406-3359689-1342750,kurta,1,XXL
405-8880140-1249112,kurta,1,S
406-5524634-2474728,kurta,1,M
402-2911505-9759529,kurta,1,XXL
403-8010600-7955520,kurta,1,XXL
403-8010600-7955520,kurta,1,XXL
171-6051208-7969939,Set,1,XS
407-9550254-7020355,kurta,1,3XL
406-7542106-0142704,Set,1,L
406-9314231-0566741,kurta,1,XL
402-9628547-9733163,Set,1,3XL
408-6471838-4667548,Set,1,M
408-0663237-7457918,kurta,1,XXL
408-6458854-5253146,kurta,1,L
405-4347892-1308304,Set,1,3XL
405-8361120-3287529,kurta,1,L
402-2825601-5583558,kurta,1,3XL
407-6836564-3341930,Set,1,XL
403-2378539-8138718,kurta,1,S
407-5637528-0890720,kurta,1,XXL
406-0329170-1895550,kurta,1,L
403-1563057-4453110,Set,1,XS
403-1563057-4453110,Blouse,1,S
405-6229311-6443522,kurta,1,XL
405-0135521-6629172,kurta,1,3XL
171-9349377-4822749,kurta,1,M
403-1670700-1938704,Top,1,L
408-9234071-9788309,Set,1,M
402-0571108-6063519,kurta,1,3XL
403-6569309-3519520,kurta,1,L
403-4579515-5415504,kurta,1,L
404-8142565-4024331,kurta,1,XS
404-8142565-4024331,kurta,1,XS
406-4273297-3422749,Set,1,M
171-5882723-1453135,Set,1,XXL
403-1589779-0301941,Set,1,M
407-6228919-7566730,kurta,1,XS
406-5383429-7027536,Set,1,XXL
408-1970778-9689145,Western Dress,1,S
406-8821885-7018708,kurta,1,L
408-2133326-9405149,kurta,1,XS
408-2487820-4341951,kurta,1,S
408-7019029-8028356,kurta,1,XL
407-5638769-8389162,kurta,0,L
407-5638769-8389162,kurta,1,L
404-0473397-9592336,kurta,1,M
405-1040322-6769142,Set,1,M
402-7507446-8301129,Set,1,M
405-5537315-0643506,kurta,1,XL
407-6082625-9680312,Set,1,3XL
407-3545815-8173137,kurta,1,XXL
407-4557914-2282715,kurta,1,M
408-2954659-3099502,Western Dress,1,3XL
403-1073034-0460302,Set,1,S
171-5927742-9916331,Set,1,XS
404-2152298-1802769,kurta,1,S
403-8236933-6125123,Top,1,XXL
406-6391690-2914744,Set,1,XS
407-2123682-7551510,Set,1,XL
404-4383832-4384301,kurta,1,M
408-9125216-3084345,kurta,1,S
404-3972985-1437943,kurta,1,XS
405-6580030-6432305,kurta,1,S
403-2809226-7957127,kurta,1,L
403-1589433-0919555,kurta,1,L
403-1589433-0919555,kurta,1,L
404-7302959-8830701,Set,1,S
403-7431203-9345905,Set,1,L
405-6711872-0324300,kurta,1,L
171-9264436-8793941,Set,1,M
403-9179532-8982719,kurta,1,XL
403-9179532-8982719,kurta,1,XL
404-0153953-9063562,kurta,1,XL
404-5507064-3346766,Set,1,XL
402-7815450-0291553,kurta,1,M
407-5537175-2723545,kurta,1,M
405-9542422-8144335,Top,1,M
406-5066518-2843546,Set,1,L
403-3770051-0721144,kurta,1,L
405-9089749-8952319,kurta,1,XXL
403-3827992-2813164,Set,1,XL
402-4957776-8665148,kurta,1,M
403-4662028-1628352,kurta,1,M
408-9618176-6378733,Set,1,XL
403-4102439-4225143,Set,1,XL
407-6058062-3271560,Set,1,XS
408-5613649-1622746,kurta,1,XXL
408-5613649-1622746,kurta,1,XXL
171-5175985-6721129,kurta,1,XL
403-4931634-5089148,kurta,1,S
403-4931634-5089148,kurta,1,S
406-0594720-4229111,kurta,1,3XL
406-1969502-5927539,Set,1,3XL
406-8610367-5884349,kurta,1,3XL
408-0171045-9499505,kurta,1,XXL
403-4737812-9531509,kurta,1,XL
171-1501239-7338732,Set,1,XL
171-8891973-4585166,kurta,1,3XL
404-0299059-4983574,kurta,1,XS
403-7831953-7817164,kurta,1,XXL
403-0773457-5993932,kurta,1,M
408-0329289-6704345,kurta,1,S
405-7260615-1988322,Set,1,XS
407-9090038-6383531,Western Dress,1,XL
407-4152498-1709954,Western Dress,1,M
402-2817630-3497132,Set,1,XS
404-2972104-1229965,kurta,1,XXL
402-9956817-1705935,kurta,1,M
406-9325292-2277151,kurta,1,XL
408-2391429-0593945,Set,1,M
405-5385392-6960326,kurta,1,L
405-5385392-6960326,kurta,1,L
171-1023325-2636345,Top,1,XXL
406-3598220-2198739,kurta,1,L
402-9844575-2616300,Western Dress,1,XL
406-0980168-5229946,kurta,1,XL
402-7092732-5227559,kurta,1,XXL
171-2599071-2516319,kurta,1,M
405-4289257-6959534,Set,1,3XL
408-4215516-0127512,kurta,1,L
405-1006819-6734724,Top,1,L
403-4358288-8624331,Western Dress,1,M
403-6504209-7474757,kurta,1,L
408-4060592-8254724,Top,1,3XL
408-7688733-2093121,Set,1,XS
402-9675343-1948354,Western Dress,1,3XL
408-5961425-5013958,Top,1,XL
408-7042722-9396314,Set,1,M
408-6989291-3694703,Top,1,XXL
408-4574136-9646748,Top,1,XL
402-6992077-9415540,Set,1,M
402-8577102-6321127,Western Dress,1,3XL
405-7093402-7554710,kurta,1,S
404-9307134-1793969,kurta,1,XXL
402-8569214-3199548,Set,1,M
406-3216718-7128352,Western Dress,1,XXL
405-2313606-4267541,kurta,1,XL
408-3461435-6947538,kurta,1,S
171-5221697-1601959,Set,1,S
171-5221697-1601959,Set,1,S
408-0055978-7765176,kurta,1,3XL
402-1288913-8698726,Set,1,XS
403-1401022-6751527,Set,1,L
408-3789448-6121109,Set,1,S
406-8652697-5737948,kurta,1,M
404-7188293-8171535,kurta,1,M
406-6985495-4254760,Set,1,XXL
408-8319095-9331529,kurta,1,XXL
408-6100192-1098760,Western Dress,1,M
408-7509417-3679557,kurta,1,L
171-8923801-7247538,Western Dress,1,S
402-2360885-5589159,kurta,1,M
171-9780474-9725943,Set,1,XXL
408-8481093-4948342,kurta,1,L
403-3600897-9353901,Top,1,S
405-0150793-6165971,kurta,1,M
406-0928362-5880325,Set,1,M
408-8508136-2612330,Set,1,XXL
404-0168238-8423557,Set,1,S
407-1995740-8011501,kurta,1,L
405-7598835-3483559,kurta,1,3XL
407-5974140-9545907,kurta,1,M
403-8754538-5672348,kurta,1,XL
408-6206435-0182740,Western Dress,1,L
405-1038098-2560369,Top,1,S
406-8920281-9535529,kurta,1,XL
407-7074907-9738743,Set,1,S
403-4514898-1659562,kurta,1,L
171-4636869-2529158,Western Dress,1,3XL
404-8856715-3863544,Set,1,M
403-9437229-6778751,kurta,1,XL
404-0213977-5385940,kurta,1,XL
408-5485410-1749126,kurta,1,XL
404-4517155-1214719,Western Dress,1,XXL
407-9701084-8517962,kurta,1,XL
402-9438374-6308331,kurta,1,XXL
402-9438374-6308331,Set,1,XXL
403-3972114-8762737,kurta,1,XXL
405-5632751-5022746,kurta,1,XXL
406-7658901-2043542,kurta,1,M
406-7658901-2043542,Set,1,M
406-7658901-2043542,kurta,1,M
408-5168340-6961132,kurta,1,XL
402-2610159-0580314,kurta,1,XL
402-2610159-0580314,kurta,1,XL
402-2610159-0580314,kurta,1,XL
402-2610159-0580314,kurta,1,XL
402-2610159-0580314,kurta,1,XL
402-2610159-0580314,kurta,1,XL
402-2610159-0580314,kurta,1,XL
405-8605467-3307514,Set,1,XXL
407-8322980-3795527,Set,1,3XL
171-6145214-7811523,kurta,1,S
171-5633440-8545134,kurta,1,XXL
402-5672340-9409112,kurta,1,XS
407-2584838-1633951,Set,1,S
407-6103437-1745126,kurta,2,L
407-1699218-2617915,kurta,1,M
405-7549296-1830740,Set,1,XXL
406-9322428-6961903,Set,1,XS
404-8456803-7272364,Set,1,XL
171-3735199-7789126,kurta,1,3XL
404-6540880-8697966,kurta,1,XL
171-5580399-4147515,Set,1,XL
171-5580399-4147515,Set,1,L
407-5244112-9471557,kurta,1,XL
406-7883190-9857167,Set,1,XL
403-7995244-5453139,kurta,1,XL
171-8847022-8067510,Set,1,XL
405-2510044-0879549,Set,1,S
406-0166429-5509973,kurta,1,L
404-9981381-9904350,Set,1,M
407-6193787-6941167,kurta,1,M
171-5030804-6970729,kurta,1,XL
404-1261756-2405100,kurta,1,M
404-1261756-2405100,kurta,1,M
406-2459876-3515523,Set,1,XXL
171-0322683-0651547,kurta,1,3XL
408-5780224-2589965,Set,1,S
404-3675594-1961133,Western Dress,1,M
407-1968306-0394763,Set,1,L
407-8806972-5127539,Set,1,M
407-7199193-6382727,Set,1,M
405-6774745-7920328,Set,1,M
408-7398327-1793103,kurta,1,XXL
406-2764869-1849920,Western Dress,1,M
407-4604260-0950711,kurta,1,XXL
406-4364536-0566732,kurta,1,XXL
402-0771705-9708303,kurta,1,S
406-4780002-5815506,kurta,1,XL
406-4780002-5815506,kurta,1,XL
407-2108298-6577934,kurta,1,S
406-2215103-1017121,kurta,1,M
402-9653845-7021115,Set,1,3XL
407-4284121-3825903,Set,1,L
404-0700441-2035547,kurta,1,XXL
404-8089968-7446749,Set,1,S
405-9094098-7266766,Set,1,S
171-7260133-8077167,Ethnic Dress,1,3XL
408-4244854-4348317,Top,1,XXL
402-9884006-8069107,kurta,1,XXL
402-2066986-8014751,Set,1,L
408-2613873-8807546,Top,1,XS
408-2759133-0988360,kurta,1,XL
406-0664452-4985146,kurta,1,XL
406-6319256-6976342,kurta,1,L
406-7490839-9706732,Set,1,3XL
171-6930143-0831565,Set,1,XS
404-5497751-0461935,Top,1,XXL
407-1761419-1613909,kurta,1,S
407-9926823-3837960,Set,1,L
406-9554864-9901920,Top,1,M
404-0228282-0411550,kurta,1,M
402-5202785-0266746,Set,1,L
407-8951395-5379506,Set,1,XL
407-1442220-3179554,kurta,1,XL
407-1442220-3179554,kurta,1,XL
403-6708884-8993960,Set,1,S
407-4245781-9457143,Set,1,L
405-8251131-0033155,Set,1,L
403-2416873-7273915,Set,1,L
407-0818906-9908304,Set,1,XXL
171-8557569-8124311,kurta,1,L
403-7912523-5008346,Set,1,XS
405-5619033-8974732,kurta,1,L
403-6693361-2734702,Western Dress,1,L
171-6774297-5326769,Set,1,M
406-0739368-8337155,Set,1,M
408-0693739-8719565,Ethnic Dress,1,M
407-7250423-1047553,kurta,1,M
171-9134553-2593927,kurta,1,S
402-3280654-8652337,kurta,1,L
402-3280654-8652337,kurta,1,L
402-3280654-8652337,kurta,1,L
406-7120923-0377123,Set,1,S
171-4507311-5369902,Set,1,XL
405-3344173-8835509,Set,1,XXL
404-9485577-3949132,Western Dress,1,XL
402-7547927-5324328,kurta,1,M
407-6188358-9831529,kurta,1,S
405-0661215-0967562,kurta,1,XS
406-2541319-0901142,Set,1,M
406-6226903-0345149,kurta,1,M
408-3397026-4160363,Set,1,3XL
404-8437240-7927515,Western Dress,1,S
406-5882110-8501910,kurta,1,XXL
404-0506606-9200345,kurta,1,XXL
406-1060745-9477119,kurta,1,M
407-2513764-5502746,Top,1,S
406-0622654-7893124,kurta,1,XXL
403-0903497-2993149,kurta,1,XS
402-2045195-2295566,kurta,1,S
405-6011479-7222730,Set,1,S
402-2077473-5809938,kurta,1,XL
408-9131290-7461122,kurta,1,XXL
402-4218662-2952361,Set,1,M
171-3479227-3908361,kurta,1,M
405-6842053-4030701,Western Dress,1,M
408-0830117-5639537,Set,1,S
402-1033484-3656345,kurta,1,M
406-4784593-0355527,kurta,1,XL
408-2612206-3728362,Western Dress,1,S
407-5924655-7804357,kurta,1,L
403-7472878-0813111,Set,1,XXL
171-0358838-0887508,Top,1,XXL
407-8361131-8501960,kurta,1,XL
402-4140423-4534739,kurta,1,XS
404-1473157-6045141,Set,1,M
407-1388111-3490719,Set,1,S
405-5316272-0085146,Ethnic Dress,1,S
408-1834741-2515524,Set,1,S
404-6650804-6520306,kurta,1,L
402-8484598-2519511,Top,1,XS
403-2656917-5425159,kurta,1,L
402-4148916-3778709,Set,1,XS
402-6133631-3761918,kurta,1,L
405-8668495-1216369,Set,1,3XL
406-0554110-2209163,Set,1,S
408-9798795-5745131,Set,1,XXL
405-2091716-6951549,kurta,1,M
405-2091716-6951549,kurta,1,M
404-4487598-9729117,kurta,1,S
402-5797803-7575530,Set,1,3XL
406-3910229-5995554,kurta,1,XXL
405-9630942-4473937,Top,1,L
171-6280072-1477125,kurta,1,M
408-7459331-1451527,Set,1,S
402-4654322-5623506,Set,1,L
408-7174038-2947550,Blouse,1,L
403-2829249-2503502,kurta,1,XL
407-6210273-1122748,kurta,1,M
171-4844256-5685156,Top,1,S
405-9335643-9173959,Set,1,M
406-1248153-9625906,kurta,1,XXL
406-8818232-3570760,Set,1,S
407-6838163-7639514,kurta,1,S
405-3643468-9601169,Set,1,XS
406-3946289-5349128,kurta,1,L
405-1529422-5554760,Blouse,1,Free
402-0572963-9249965,kurta,1,L
171-7345900-1032321,kurta,1,L
403-8377864-8494739,Set,1,3XL
403-6890485-6240352,Set,1,S
405-1656340-9417903,kurta,1,XL
404-9040047-9411554,Set,1,S
404-0015974-4489923,kurta,1,XL
406-5545117-4198735,Western Dress,1,XS
406-0212300-5973925,kurta,1,M
406-6275737-2919545,Western Dress,1,S
405-1287504-6585927,kurta,1,XS
403-0400519-4131563,Set,1,XXL
405-1976499-3392306,kurta,1,S
402-8891147-6369138,Set,1,L
405-8115062-7239550,Set,1,L
403-0663051-7653957,Set,1,S
403-9164712-0969945,kurta,1,XXL
405-9558405-0477940,Set,1,L
403-4924141-5005106,Set,1,XL
403-5803424-3809915,Set,1,S
405-8451825-2821953,Set,1,XL
402-7036095-6797156,Western Dress,1,XXL
406-1056794-6626760,Western Dress,1,XL
408-4082448-3234700,Western Dress,1,L
407-6262794-6855530,kurta,1,L
402-6293087-5187535,Set,1,XL
406-3999354-8975549,kurta,1,XL
408-0910267-9421161,kurta,1,XXL
405-2783422-4448359,Set,1,M
402-8059073-8385951,kurta,1,3XL
408-4922078-3341903,kurta,1,XXL
408-4922078-3341903,kurta,1,XL
406-1984911-6388356,kurta,1,XXL
408-6992799-5542758,kurta,1,L
402-8964720-3749945,Western Dress,1,XXL
403-0509723-3989134,kurta,1,L
407-9967977-1780338,Set,1,M
407-4302169-4781104,Set,1,M
404-4817435-0377908,kurta,1,3XL
404-3734497-4844307,kurta,1,L
404-3734497-4844307,kurta,1,L
405-4944376-7342717,kurta,1,XXL
404-5702960-6607520,kurta,1,M
404-1174074-6840339,kurta,1,S
403-8129737-9880365,Set,1,M
171-4468616-2280346,Set,1,M
406-9779344-5024348,kurta,1,XL
407-5374564-3959519,Set,1,M
407-5374564-3959519,Set,1,M
408-7199497-2805110,Set,1,3XL
402-6164917-4645127,Set,1,M
404-4357507-9559529,Top,1,S
402-1294782-6084311,kurta,1,M
405-8755984-0307537,Set,1,L
402-5317381-0838728,Set,1,M
408-9436599-0865964,kurta,1,L
402-7205696-1270703,kurta,1,3XL
405-2268337-0923503,Western Dress,1,XXL
406-2022591-5860364,kurta,1,XL
402-1636906-1949127,kurta,1,XL
407-4670056-2005126,Blouse,1,Free
408-1498643-7327558,kurta,1,XL
405-4007834-2493907,Western Dress,1,L
402-5440811-3555568,Set,1,XS
171-4112924-6003531,kurta,1,XL
171-0708915-2441141,Set,1,S
406-8251112-7726712,Set,1,S
171-3051591-8905116,kurta,1,3XL
404-4902163-7329947,Set,1,M
404-8799916-3454725,kurta,1,XL
408-6125468-6763564,Set,1,M
407-2012368-8273124,Set,1,XL
406-5583301-7313156,Set,1,M
404-4152517-6415500,Set,1,XL
404-1957562-7249915,kurta,1,XXL
402-2670195-4653925,Set,1,S
403-5800597-2844366,Set,1,M
171-7159809-2312348,Top,1,XL
171-4840766-6439537,Set,1,XS
408-8967812-8534730,Set,1,S
402-4691765-0810727,kurta,1,3XL
171-3251985-4249954,Set,1,XXL
405-3839211-6718715,kurta,1,L
404-7672624-3263516,Western Dress,1,M
171-8386516-5082716,Western Dress,1,XL
407-9586791-3993144,kurta,1,XXL
407-6981524-7596322,kurta,1,XL
408-6805561-4476345,kurta,1,L
404-9611689-4508314,Set,1,S
404-9611689-4508314,Set,1,S
408-8162055-9329921,kurta,1,L
407-3686966-1619563,kurta,1,M
171-8767297-1801954,kurta,1,S
406-3561676-3917955,Set,1,XL
404-4762211-8448316,kurta,1,S
404-4987760-8624312,kurta,1,S
403-9727816-5665927,Western Dress,1,M
406-6308658-1168337,Set,1,S
403-2968348-3501906,Western Dress,1,S
406-9865673-3854749,kurta,1,S
408-5828306-1825163,kurta,1,M
405-5721485-2386734,kurta,1,XL
402-6634004-7480307,kurta,1,XL
407-7258539-7431566,kurta,1,XXL
406-4166085-4925154,Set,1,M
402-0244685-5932316,Set,1,S
403-9383871-4786751,kurta,1,S
402-2124477-4564338,Set,1,S
404-3914556-6901935,Western Dress,1,M
402-4507741-9438768,Set,1,M
408-5527316-9496338,Top,1,S
408-7261704-7057117,Set,1,M
408-0059694-2327561,kurta,1,XXL
408-9453903-7298736,Set,1,3XL
403-2621018-3574718,Set,1,3XL
406-1698396-2639504,kurta,1,XXL
408-6331791-7351522,Set,1,L
404-4007769-7069139,Set,1,XS
403-1801457-5716310,Set,1,M
402-0877134-2617151,Western Dress,1,XL
404-9667707-7473940,Western Dress,1,S
406-3863901-3422740,Set,1,XS
402-6355172-2189928,Set,1,XXL
402-6355172-2189928,Set,1,L
402-1209667-7435518,Top,1,XS
403-9529941-8678712,Western Dress,1,XXL
407-5956386-5785941,Top,1,XXL
407-4578891-1718738,Set,1,L
403-4131152-6565946,Set,1,XL
406-5279172-3195517,Set,1,S
406-5279172-3195517,Set,1,S
402-9146567-1053165,Top,1,XS
405-5225280-2907525,Set,1,L
405-0519277-9579558,kurta,1,XL
408-7272690-7075544,kurta,1,L
408-2247323-8933947,Set,1,S
403-2570046-3921963,Top,1,XXL
405-3841231-8648365,kurta,1,L
402-3819798-7803510,kurta,1,XL
402-6832624-5482721,kurta,1,XL
402-6832624-5482721,kurta,1,XL
171-5276253-2565942,kurta,1,M
408-1397220-8639546,kurta,1,L
407-8155845-5238706,Top,1,XXL
403-8893007-8833908,kurta,1,L
403-8893007-8833908,kurta,1,L
403-8893007-8833908,kurta,1,L
402-1936019-2183539,kurta,1,L
403-6266799-6238754,Western Dress,1,XL
403-7620747-0321128,Set,1,XL
405-4486544-2557913,kurta,1,XL
408-9595511-5512334,Set,1,XS
408-6896190-9083558,Set,1,3XL
404-7261261-8385906,kurta,1,XL
403-5071814-4909965,Set,1,XL
403-5071814-4909965,Set,1,L
403-5071814-4909965,Set,1,XL
171-3233974-2310759,Set,1,L
408-2071017-2518738,Set,1,S
405-6266429-7671545,Set,1,XS
403-3331189-5206744,Set,1,3XL
403-8113972-0927546,Set,1,L
408-0159438-5601914,Western Dress,1,M
403-6810023-4957935,Western Dress,1,3XL
407-9878722-5087544,kurta,1,XXL
407-9266857-8252321,kurta,1,XS
403-4322607-8284338,kurta,1,XXL
407-8725570-8303558,Set,1,3XL
171-8858921-3369115,kurta,1,3XL
408-9693844-1949107,Western Dress,1,XXL
407-0407828-5343525,Top,1,M
406-5251191-4196306,kurta,1,XL
407-2763259-3909165,Top,1,M
171-3566311-6051522,Western Dress,1,L
408-5613466-2141924,kurta,1,3XL
408-1324820-2694750,kurta,1,3XL
408-1324820-2694750,Set,1,3XL
407-4789847-4039557,Set,1,XS
404-1231810-0829100,kurta,1,M
406-4200809-0401100,kurta,1,M
407-5715943-3745139,Set,1,XL
406-9341971-9256311,kurta,1,3XL
404-5620062-2037938,Western Dress,1,L
171-1565538-3607508,Set,1,L
408-2494269-0762761,Set,1,S
404-8414920-0629164,Western Dress,1,XXL
404-0857093-8530722,kurta,1,3XL
407-3380476-5632350,kurta,1,M
406-5341233-9349911,Set,1,3XL
402-0238903-0321179,Set,1,S
406-6269361-3860332,kurta,1,3XL
402-2969394-0024303,Western Dress,1,3XL
403-6423887-7519513,Western Dress,1,3XL
403-0093487-5472306,kurta,1,M
406-3179988-1741165,kurta,1,XL
404-6784211-0677121,Set,1,M
406-2651809-8460300,Top,1,S
405-5203993-3316364,Set,1,XS
405-1214521-1770759,kurta,1,XL
405-6675853-4165932,kurta,1,L
407-5827699-0986725,Set,1,XS
403-0704006-2931568,Set,1,XS
406-0770400-3878714,Set,1,XL
404-1262530-4407530,Set,1,XXL
404-1262530-4407530,Set,1,XXL
404-1262530-4407530,Set,1,XXL
407-0777776-7781961,Set,1,L
171-7613904-5091522,kurta,1,L
406-8522896-8109118,Set,1,XL
171-1255482-5814749,kurta,1,XXL
171-9883956-9376301,Set,1,S
171-9883956-9376301,Set,1,S
171-2058942-5485908,Top,1,L
406-9045028-5482701,kurta,1,XXL
171-6189606-7796333,kurta,1,S
405-1163122-5080321,kurta,1,M
408-3388554-0261101,kurta,1,3XL
407-8128814-0123540,Set,1,XS
403-2593525-8367560,kurta,1,XL
171-5962630-8102734,Set,1,3XL
402-0765765-7155508,Set,1,S
408-1451311-0921909,kurta,1,M
407-1876372-8344359,Set,1,XXL
405-9488514-2297943,kurta,1,L
171-5080608-1037969,Western Dress,1,M
404-1291716-5307531,Set,1,M
406-9446773-0576322,kurta,1,M
404-0925659-9391532,kurta,1,XXL
171-1311002-6497162,kurta,1,L
408-9031703-0782767,kurta,1,XXL
404-0325280-2113939,kurta,1,M
402-2020709-2393169,Ethnic Dress,1,S
402-3730491-4627541,Set,1,S
403-4199581-1563507,kurta,1,XXL
402-8804650-1456313,kurta,1,L
406-3262445-9268344,Set,1,S
406-8570425-9993107,Set,1,XXL
407-6067609-4005149,kurta,1,S
404-0032506-3187520,Set,1,M
405-1717475-7348353,Western Dress,1,XXL
405-1655316-7325168,kurta,1,M
408-5288456-8702709,Set,1,L
405-6905124-0193123,kurta,1,XXL
405-8107325-8712347,Set,1,L
406-4617415-5162717,kurta,1,XXL
402-6181671-5610700,kurta,1,L
171-7201484-3037111,Western Dress,1,L
404-5073800-2103538,kurta,1,XL
402-4973686-7307517,Set,1,XXL
408-5112347-3059553,kurta,1,L
407-8400509-2419532,kurta,1,M
407-0806156-5809136,Top,1,XS
171-2799941-8884355,kurta,1,S
405-9107142-7905152,Set,1,M
408-1503023-7446711,kurta,1,XL
402-1968694-3448333,Top,1,XXL
405-5619837-1443535,Set,1,S
171-5074266-9341944,Western Dress,1,M
402-9846961-9323526,kurta,1,M
403-5243557-8464367,kurta,1,XL
171-6247668-3538736,kurta,1,S
403-7475551-4179546,Set,1,S
407-7630769-8323528,Set,1,M
405-7437639-8498700,kurta,1,3XL
171-9658021-6574705,Western Dress,1,XL
171-9206317-2675529,Set,1,XXL
405-5704675-4784306,kurta,1,XXL
402-5477039-1345153,kurta,1,XL
406-9545142-6985157,kurta,1,XL
406-9545142-6985157,kurta,1,XL
404-9786655-5331501,Set,1,XL
406-8254231-2744306,Top,1,XL
404-3895775-0384318,kurta,1,XXL
404-2559296-9240309,kurta,1,XL
405-5698404-9248329,kurta,1,XS
407-5640947-3119510,Set,1,3XL
407-8786396-1738744,Set,1,XXL
406-7586271-7385169,Set,1,3XL
405-8351290-0979559,Set,1,S
408-2644686-8584301,kurta,1,L
402-6027475-5917127,Ethnic Dress,1,S
171-1800522-2911554,kurta,1,XL
406-5268459-9869110,Western Dress,1,XXL
407-6703095-4735500,kurta,1,L
403-7584174-1022708,Western Dress,1,L
407-3001890-7662752,Western Dress,1,3XL
408-8032411-4332318,Set,1,3XL
407-7512838-7725122,Set,1,XL
171-2760272-4681915,Top,1,XS
408-9754506-6633925,Set,1,XXL
404-8952678-1321126,kurta,1,XL
408-8500332-7070756,Set,1,S
404-2842508-3337152,kurta,1,S
402-4156011-6469958,Set,1,S
404-9768155-9585933,kurta,1,XL
402-5969398-0841149,kurta,1,XS
408-3943462-3492349,Set,1,L
408-3943462-3492349,Set,1,XS
171-3311498-5318747,Set,1,XL
408-6486816-2059502,kurta,1,M
407-2158437-7985122,kurta,1,L
402-5818356-2032362,Set,1,M
402-0286190-0876311,kurta,1,L
171-1933630-4275568,Top,1,XL
171-9195292-0329937,Set,1,M
405-6342092-6354738,kurta,1,3XL
405-6342092-6354738,kurta,1,3XL
408-0862220-9746738,kurta,1,XL
407-6677104-9845127,Set,1,S
404-9233925-8641958,Set,1,M
171-7156060-0305135,Set,1,L
406-8068114-5229158,kurta,1,XXL
404-6368611-7500310,kurta,1,XS
171-4993530-9849907,kurta,1,L
408-8676878-5541908,kurta,1,S
403-9440096-9203549,kurta,1,XXL
403-3796404-7995539,kurta,1,M
407-9948823-8661113,Set,1,XL
408-9805293-0855524,Set,1,S
404-1898476-2863546,kurta,1,S
171-2607954-8181940,Set,1,XS
403-4512289-0221125,kurta,2,3XL
406-3279821-6630701,Set,1,3XL
403-6384365-4260322,Set,1,L
406-3287146-3413950,kurta,1,XL
407-5554825-7881155,Set,1,XL
405-3277093-1148322,Set,1,XS
403-7639083-1389155,Western Dress,1,XXL
403-7639083-1389155,Western Dress,1,XL
171-1179502-3121123,Set,1,L
404-1860047-1213950,kurta,1,L
404-1860047-1213950,kurta,1,L
407-4186744-1257940,kurta,1,M
402-6860479-0978751,Set,1,S
407-2133528-5326754,Set,1,XL
406-9787838-6265121,kurta,1,L
404-8132998-4205164,kurta,1,M
406-9290735-0506708,Set,1,L
171-5106688-0799513,Set,1,3XL
402-2170631-8448363,Set,1,XXL
403-3414374-1263529,Set,1,M
171-0466236-7589906,kurta,1,M
406-9587333-6340362,Western Dress,1,3XL
407-4534416-1897145,kurta,1,XXL
407-8249343-7823564,Set,1,3XL
404-9391609-5852332,Set,1,L
407-5429225-8553932,Set,1,S
402-6071538-3917167,Set,1,XS
404-6458512-3053950,Set,1,3XL
406-7297071-3551528,kurta,1,3XL
171-6102722-1174747,Western Dress,1,XL
408-9872321-2145903,Western Dress,1,3XL
407-4463935-7591503,Top,1,M
403-2040362-9437119,kurta,1,L
408-0713699-7052309,Top,1,3XL
402-5952198-2478725,kurta,1,3XL
402-1367750-8929113,kurta,1,M
407-0330831-1442712,Set,1,3XL
402-7786444-0847560,Set,1,3XL
404-6275021-8577933,Set,1,S
404-6275021-8577933,Set,1,M
405-5358588-9489937,kurta,1,L
408-8672441-0560346,kurta,1,XXL
403-8886217-6261146,Set,1,XXL
406-4587443-5569904,kurta,1,XL
405-3789029-0068360,Set,1,M
171-2300686-2060305,Top,1,XL
406-9836368-2903563,Set,1,XS
406-6665628-1568313,kurta,1,XXL
404-6372660-3509916,kurta,1,XL
404-1456075-2729906,kurta,1,S
407-3671647-4836306,Set,1,XS
404-2158591-9510744,Set,1,M
171-1679267-9806714,kurta,1,S
403-7085177-5151556,kurta,1,L
171-3499524-3653927,kurta,1,XXL
171-4165112-7704305,Set,1,3XL
402-9223685-1812309,kurta,1,L
407-4293303-6733904,Western Dress,1,XXL
403-7562150-0321133,kurta,1,S
404-0489526-4318716,kurta,1,M
404-6019000-8463569,Set,1,S
404-6019000-8463569,Set,1,S
403-3005777-9475565,kurta,1,M
406-2686160-0366746,Set,1,3XL
403-7827744-6413967,Ethnic Dress,1,3XL
405-6229823-2148308,Set,1,XL
403-7140134-1687525,Set,1,M
403-7140134-1687525,Set,1,M
404-2293367-0185966,kurta,1,L
405-7909936-5515548,Blouse,1,M
408-5569186-1411532,Top,1,S
408-0862399-4461969,Set,1,XL
404-8554520-2007501,Set,1,XXL
404-8554520-2007501,Set,1,S
406-0470577-3405150,Western Dress,1,M
404-3462428-9937944,Western Dress,1,L
404-3462428-9937944,Western Dress,1,L
406-4678313-9493139,kurta,1,M
406-4678313-9493139,kurta,1,M
406-5079420-2540328,kurta,1,S
405-5454341-6944337,Blouse,1,Free
408-0307465-0536366,kurta,1,3XL
408-6322088-4837959,Set,1,S
403-4953005-1756337,Set,1,M
404-5436972-2959509,Set,1,XXL
406-7253816-3218740,kurta,1,XXL
171-6016092-3908333,Set,1,3XL
403-8265184-4146718,Set,1,L
407-5680678-6348308,Set,1,L
403-6368334-5655524,Set,1,XXL
171-5544514-4701130,Set,1,XXL
407-8763743-9685138,Western Dress,1,L
408-1212962-4150724,Blouse,1,Free
406-9235564-2427501,kurta,1,M
405-7675065-3806717,kurta,1,M
406-3693559-5840340,Top,1,L
402-4201868-3425166,Set,1,XS
405-6448168-6918743,kurta,1,L
404-1105722-4763555,Western Dress,1,XL
402-8440801-9413930,kurta,1,XL
408-1707564-5666720,Western Dress,1,XS
403-6420868-8720368,Set,1,3XL
404-5796249-9633140,kurta,1,XL
408-2682567-3509101,Set,1,S
402-1519163-6919542,kurta,1,XL
407-3030135-1311555,Western Dress,1,L
403-3688632-9486730,Set,1,M
406-3435822-7407508,Western Dress,1,XL
171-1963819-0409135,kurta,1,M
406-7053939-6821926,Western Dress,1,XXL
408-0097870-1895531,kurta,1,XL
407-8661095-3581100,Western Dress,1,3XL
406-8554607-9877901,Set,1,S
407-3370646-3049164,Western Dress,1,L
408-9719868-2741142,Set,1,XL
404-0406327-8915561,Western Dress,1,L
407-4049762-9164318,kurta,1,XXL
407-5998440-6129109,kurta,1,XL
404-6384896-0733950,Set,1,S
407-1023374-9472327,Western Dress,1,M
404-0335147-7016377,Set,1,L
404-8211586-2332350,Set,1,XXL
171-6932503-1411532,Set,1,M
407-2929415-7398751,kurta,1,XL
405-6239474-1718762,Set,1,XL
171-9667319-1968361,kurta,1,L
404-8282571-6909121,Western Dress,1,XL
403-7966182-4065931,Set,1,3XL
407-8530085-6238702,kurta,1,M
405-4189108-4835509,Western Dress,1,S
408-7972588-1375507,Set,1,3XL
403-8963317-9065931,kurta,1,M
402-3550405-6143535,Set,1,XS
402-3550405-6143535,Set,1,S
402-3550405-6143535,kurta,1,S
402-3967062-6767550,Set,1,M
404-3471512-6069943,Set,1,M
405-1903132-5567557,Set,1,XL
404-3709055-1853959,Set,1,XS
403-7549520-5558737,kurta,1,XXL
403-0191774-8885973,Set,1,XL
407-1749673-8525114,Set,1,XS
405-3297931-0921926,Western Dress,1,XL
405-3605808-0979507,Set,1,3XL
404-7030967-0121919,kurta,1,M
408-6624786-5195518,kurta,1,M
403-0980631-0991529,kurta,1,S
407-9029721-5521111,kurta,1,XXL
408-9794343-5344361,Western Dress,1,3XL
406-2078154-9075560,kurta,1,S
403-8230219-3766715,Set,1,S
408-9224621-8854733,kurta,1,M
402-7901810-5457907,Set,1,XXL
406-4631233-9882715,Set,1,3XL
407-6554225-7915526,Top,1,S
405-8763543-9289957,kurta,1,S
404-7400119-9261146,kurta,1,3XL
171-1287200-5489166,kurta,1,M
171-0257625-0692350,kurta,1,XXL
171-0257625-0692350,kurta,1,XXL
403-4963328-2184344,Set,1,L
405-7326823-4081131,kurta,1,XS
403-4154924-7501917,Set,1,XL
402-3777135-9856307,kurta,1,3XL
404-9940161-0620304,Set,1,M
402-3342277-9129139,Set,1,S
404-3009614-4792369,Set,1,XL
405-9647751-6967566,Set,1,3XL
405-9647751-6967566,Set,1,3XL
404-2616718-3236310,kurta,1,XL
404-2616718-3236310,Set,1,XXL
404-2616718-3236310,Set,1,XL
171-9102524-0046762,Set,1,XS
171-1593179-0174748,Top,1,XL
405-7957546-1401136,Set,1,M
405-7730490-1314722,Western Dress,1,L
408-4995654-1505137,Western Dress,1,3XL
407-4211482-6491520,kurta,1,3XL
408-5021523-9721936,Set,1,3XL
404-0547898-8464310,kurta,1,XXL
403-0311746-3757950,kurta,1,XS
405-3679023-2128349,kurta,1,XL
404-0682449-4520327,kurta,1,XXL
405-4032415-0061956,Set,1,XS
407-8962168-2942736,kurta,1,XS
171-3821462-3721960,kurta,1,L
402-8892222-8413905,Western Dress,1,XL
402-8892222-8413905,Ethnic Dress,1,XL
404-9048627-7292329,Set,1,M
402-2442444-8937946,kurta,1,M
402-3487958-1650735,kurta,1,L
407-6385381-0236358,Set,1,XXL
405-0497004-3578753,Set,1,XL
403-1917201-9679515,kurta,1,S
407-3591792-9589119,kurta,1,3XL
171-3809626-2585914,kurta,1,S
405-3137044-4975510,Western Dress,1,XL
403-0626641-5332359,Set,1,XL
404-8659400-4436360,kurta,1,L
408-2889444-4777167,Set,1,M
407-0489320-9337159,Set,1,M
403-5305555-0190731,Western Dress,1,XS
403-5736056-4113165,Set,1,XS
402-5947729-5961116,Top,1,L
406-8140712-4783563,Set,1,3XL
171-2400310-7260369,Set,1,S
408-7695848-1703536,Set,1,XXL
171-9071570-5167548,Ethnic Dress,1,XXL
405-6938340-1381950,kurta,1,XXL
171-2429975-6734742,kurta,1,L
403-4454201-8081145,Ethnic Dress,1,M
405-1288015-6359529,Set,1,XL
402-9096168-2288320,Set,1,3XL
408-0033097-3653126,kurta,1,XS
407-5752790-6228362,Set,1,M
403-7859148-1162729,Set,1,S
408-8055842-1872321,Western Dress,1,S
402-0116075-6591558,kurta,1,S
171-2895299-2710738,kurta,1,M
408-1170825-5614761,Set,1,L
403-9124686-5685146,kurta,1,M
406-7593428-6680332,Top,1,L
403-0059108-2381106,kurta,1,3XL
403-0059108-2381106,Set,1,3XL
408-3317403-1729937,kurta,1,3XL
408-3317403-1729937,kurta,1,3XL
408-3317403-1729937,kurta,1,3XL
408-3317403-1729937,Set,1,3XL
408-3317403-1729937,kurta,1,3XL
408-3317403-1729937,Set,1,3XL
408-3317403-1729937,Set,1,3XL
408-3317403-1729937,Set,1,3XL
408-3317403-1729937,Set,1,3XL
408-3317403-1729937,kurta,1,3XL
404-7275273-2698731,Western Dress,1,M
403-1783509-0558768,Set,1,XL
406-5141878-3725917,Western Dress,1,XL
406-0104330-0242774,Set,1,S
407-0915580-6065132,kurta,1,3XL
408-0955564-7861168,kurta,1,M
403-7414866-4339563,kurta,1,L
171-4775546-8233949,kurta,1,XL
408-7006282-6714752,Set,1,M
403-7660786-6043551,Set,1,XXL
408-2320891-4534744,kurta,1,3XL
403-5844144-0321108,Set,1,XS
406-3280024-5408323,kurta,1,3XL
403-3490448-1661117,Western Dress,1,L
403-2864385-2839541,Western Dress,1,XXL
406-8584682-9941134,kurta,1,S
402-8520416-3925950,kurta,1,3XL
402-8520416-3925950,kurta,1,3XL
406-7300258-6562741,kurta,1,M
406-0739550-5468322,Western Dress,1,XL
171-9972849-5922764,Set,1,3XL
406-4812320-0081920,kurta,1,S
406-6064683-0622752,Top,1,M
406-1936340-6277945,kurta,1,S
405-1702467-1997140,kurta,1,3XL
403-9950379-4214706,Set,1,XL
406-7097203-6420339,Set,1,XS
404-2633243-6430761,Set,1,XXL
405-0966279-7933105,Set,1,XS
405-0966279-7933105,Set,1,XS
403-9668751-8841145,kurta,1,3XL
406-0966599-0844304,kurta,1,M
408-7213290-8880348,Set,1,XS
405-3388683-6417928,kurta,1,L
171-1490549-6864318,kurta,1,S
404-1374954-4742715,Set,1,S
408-1695986-5498745,kurta,1,M
404-0602401-0141928,kurta,1,XXL
402-0783576-8969168,Set,1,XXL
405-4127666-1483505,kurta,1,XXL
403-5833844-1020354,Set,1,M
403-5833844-1020354,Set,1,M
407-9657159-6045944,Set,1,XL
407-2846065-0788346,kurta,1,L
402-9633187-0173114,Western Dress,1,XXL
407-5770002-4834738,Set,1,M
406-1868924-3367554,kurta,1,L
171-3480945-2673150,Set,1,M
406-7856801-8537963,Western Dress,1,3XL
403-6959064-0617935,Western Dress,1,XL
408-4031720-5081906,kurta,1,S
402-9341564-4397130,kurta,1,M
402-9341564-4397130,kurta,1,M
408-8975041-9057938,Set,1,L
406-2107631-1792322,Ethnic Dress,1,XXL
406-2107631-1792322,Set,1,XXL
403-1786498-4624358,kurta,1,3XL
402-0479151-1435527,Set,1,S
406-2236581-6953969,kurta,1,3XL
171-9260981-4111527,Set,1,L
406-9270205-0671502,kurta,1,M
405-8907037-1625161,Set,1,M
406-4771025-0145962,Set,1,3XL
407-8846699-6719545,kurta,1,L
405-6329924-6890767,Set,1,XL
171-4901931-0937141,Set,1,M
402-9287175-6320346,Set,1,XS
404-2319409-3090765,kurta,1,S
407-7194725-1736343,kurta,1,XS
403-5950066-8880344,Western Dress,1,M
403-5950066-8880344,Western Dress,1,M
402-6165536-3533113,kurta,1,XXL
402-6165536-3533113,Set,1,XXL
402-6165536-3533113,Set,1,XXL
402-6165536-3533113,Set,1,XXL
402-6165536-3533113,Set,1,XXL
402-6165536-3533113,Set,1,XXL
402-6165536-3533113,Set,1,XXL
402-6165536-3533113,Set,1,XXL
404-6088654-0030737,Set,1,3XL
406-4688878-5433126,Western Dress,1,3XL
403-0336825-2355530,kurta,1,XXL
403-0336825-2355530,kurta,1,XXL
403-0345395-2325944,Blouse,1,Free
403-8619956-0601165,Set,1,S
406-8776888-7130717,kurta,1,XS
407-8732342-6786708,Set,1,M
403-4394126-6906744,kurta,1,XL
407-4274380-3177122,Set,1,M
402-1131464-4453964,Set,1,XL
404-8255025-8316328,Set,1,M
402-5360598-2134711,Western Dress,2,3XL
408-5757113-4091549,Western Dress,1,3XL
402-8559651-0929936,kurta,1,3XL
408-2405650-0645936,kurta,1,XL
405-9335977-3399563,kurta,1,L
171-8774820-4309112,Set,1,L
407-9739743-7513134,kurta,1,XS
404-2474112-5921107,kurta,1,S
407-6251898-4917121,Ethnic Dress,1,L
407-6251898-4917121,Western Dress,1,L
402-0562630-1985901,kurta,1,XL
407-5446012-1911539,Set,1,XS
408-8304688-9032360,kurta,1,XL
407-7749061-0929160,Set,1,XXL
406-2249878-5199512,Set,1,L
403-1426202-8449159,kurta,1,S
405-5395442-8137944,Set,1,3XL
403-1175160-4705119,Set,1,3XL
408-1910885-3489104,Set,1,3XL
403-9087456-7377126,Western Dress,1,L
403-9087456-7377126,kurta,1,XL
402-4125720-8799569,Blouse,1,L
402-4125720-8799569,Blouse,1,M
404-3720039-6513926,kurta,1,M
404-7171110-9516334,Top,1,XXL
405-6170163-9763568,kurta,1,XL
404-3050643-4913118,Set,1,3XL
403-3643837-1139519,kurta,1,3XL
403-0511652-5940339,kurta,1,XXL
408-3432410-7878766,Set,1,S
408-9165512-7177904,kurta,1,L
402-3168021-4495505,kurta,1,M
402-7808029-9736358,Set,1,3XL
402-5647003-1511544,Set,1,XXL
403-3392896-6665150,Set,1,M
402-4108685-7281109,Western Dress,1,M
408-4298063-5173929,kurta,1,L
404-7272251-4546747,Set,1,XS
408-5796006-3450727,kurta,1,3XL
408-5703571-0030749,kurta,1,XXL
402-0594505-1583545,kurta,1,L
405-1429699-6721133,Ethnic Dress,1,S
404-7318309-1393122,kurta,1,S
406-7900854-2061106,kurta,1,XS
407-3584390-4053117,Set,1,XL
403-2044508-6255566,kurta,1,XXL
404-1038805-7021162,kurta,1,L
403-1935846-7812354,Western Dress,1,L
405-4870731-7609901,Set,1,XS
405-2770254-3491555,Set,1,L
171-7833606-9566702,kurta,1,XL
405-5563646-5861924,Set,1,XS
402-1909333-5057155,kurta,1,S
405-2433443-3537130,Western Dress,1,L
407-6703832-6236332,Set,1,L
407-6703832-6236332,Set,1,L
404-0451402-3329113,Western Dress,1,XXL
405-1423001-2362722,kurta,1,S
403-9111243-3668305,Top,1,XXL
403-4314669-3874700,Top,1,M
406-5944172-2758716,kurta,1,L
404-7070174-1635514,kurta,1,M
407-0126835-7619571,kurta,1,L
406-5263122-9331503,kurta,1,L
406-5263122-9331503,kurta,1,L
402-2262040-0887542,Set,1,S
406-6146443-5608341,Western Dress,1,3XL
405-9255437-7497117,Western Dress,1,S
406-4020891-9473133,kurta,1,XL
407-9464677-2533132,Ethnic Dress,1,M
408-0105234-3397916,Western Dress,1,M
405-6416256-2931512,Top,1,XL
171-2888276-2874753,Western Dress,1,S
407-8424704-0034751,Set,1,3XL
408-8380784-9749163,Set,1,XS
405-0193855-2198768,kurta,1,L
171-5249377-4085104,kurta,1,3XL
403-7200216-0938765,kurta,1,M
403-7200216-0938765,kurta,1,M
405-9354548-6729952,Set,1,XXL
404-8768746-4757125,Set,1,XL
408-8700754-3229903,kurta,1,XL
408-8700754-3229903,kurta,1,XL
402-3383724-8812355,kurta,1,L
402-3383724-8812355,kurta,1,L
404-8601560-0575542,kurta,1,L
408-2931210-9630721,Set,1,L
402-8857995-4275515,Top,1,XS
171-2314327-4493948,Set,1,XS
404-5795136-1864317,kurta,1,M
408-1396613-7898717,Set,1,XL
407-7420774-7736346,Set,1,S
402-1174914-9344345,Top,1,XL
402-7328204-9715521,kurta,1,3XL
405-6965033-1031516,Western Dress,1,M
404-0369127-5561950,kurta,1,M
404-0369127-5561950,kurta,1,M
406-9454753-6332354,kurta,1,4XL
405-7679980-8137934,Set,1,XS
405-3636695-4610732,kurta,1,XL
405-5495023-2405132,Set,1,XL
407-2672602-6371503,Set,1,S
406-0565497-5225934,Set,1,L
405-1183036-9503557,Set,1,L
408-8444829-2741134,kurta,1,M
408-7714685-6039538,Ethnic Dress,1,M
408-7714685-6039538,Western Dress,1,L
406-2795015-2323562,kurta,1,L
408-6257042-8118759,kurta,1,L
408-1239716-1615512,Set,1,M
402-7604781-2941116,kurta,1,XL
405-5171839-6620320,kurta,1,3XL
403-8796944-9265914,Top,1,XXL
404-5789745-3848302,Set,1,XL
407-9026165-9789947,Set,1,XS
408-4581753-8643523,kurta,1,XXL
403-4807501-3957930,Western Dress,1,XL
405-2440662-4499549,Top,1,L
403-9959901-4683564,kurta,1,XS
404-7457047-8437166,kurta,1,XXL
404-8651751-3200333,kurta,1,XL
171-0560913-9431542,kurta,1,XXL
171-5621349-9333905,Western Dress,1,XXL
402-5440656-2179567,Set,1,L
405-4028377-9690728,Set,1,L
405-4028377-9690728,kurta,1,XL
404-0874630-9516324,Set,1,XL
403-3883486-6804362,Set,1,XL
407-7953309-1626714,kurta,1,M
403-8845418-4387542,kurta,1,M
408-9064090-0866758,Western Dress,1,XL
406-6279238-2743516,Western Dress,1,XS
408-1311697-2831565,kurta,1,XL
402-8123859-4409917,Western Dress,1,XXL
407-4020409-8582726,Western Dress,1,L
403-0726406-9141949,Western Dress,1,L
408-5680077-0071526,Set,1,XS
406-0975713-9533107,Western Dress,1,L
405-4622750-3421906,Set,1,XL
406-1527186-3600322,Western Dress,1,L
406-1527186-3600322,Ethnic Dress,1,S
402-3248739-3276354,Set,1,XS
403-7437329-5995527,kurta,1,L
404-7870762-4709952,kurta,1,M
407-7004227-2713162,kurta,1,3XL
407-4432356-3301941,Set,1,L
404-2704805-7696302,Set,1,M
403-7120511-0175548,Set,1,XXL
405-9308661-6609925,Western Dress,1,L
405-9308661-6609925,Western Dress,1,XL
408-5649812-3361139,Set,1,M
405-5101507-5330744,Set,1,XS
408-9037544-8222703,kurta,1,XS
403-5248527-6045905,Western Dress,1,XXL
402-2693496-5543549,kurta,1,XL
404-7206037-5838745,Top,1,L
403-2876086-0439534,Set,1,S
171-7853035-5833149,Set,1,M
405-8913147-8893936,kurta,1,M
407-0801650-2141130,kurta,1,M
406-9087852-4152313,kurta,1,XL
402-0597288-4932336,kurta,1,M
402-5288551-2049922,Set,1,XXL
404-4605489-8613913,kurta,1,L
406-5852266-9989140,kurta,1,S
406-6864114-0680341,kurta,1,M
403-4619665-6951537,kurta,1,L
403-4619665-6951537,kurta,1,M
403-4619665-6951537,kurta,1,M
171-1270616-2866703,kurta,1,M
406-6975708-6693916,Western Dress,1,M
403-6184013-4241961,Western Dress,1,L
405-0672711-2236311,Set,1,L
408-8601800-3075525,Top,1,XL
403-1335168-4348321,Set,1,M
402-8328775-6725101,kurta,1,L
402-8328775-6725101,kurta,1,L
408-1953793-0824349,Set,1,M
402-2748003-1276346,Set,1,M
402-7392200-7287556,Set,1,M
406-3493797-9641106,Set,1,M
407-4832996-0118735,Set,1,M
405-4053235-2181165,kurta,1,L
406-0043028-1475562,Set,1,L
405-6837000-3423501,Western Dress,1,S
407-3890076-2753958,Set,1,XXL
407-9497776-0226750,Set,1,3XL
171-0537481-9090710,Set,1,L
402-8515776-5406765,kurta,1,L
404-3365248-9905102,Set,1,XL
404-2283351-7129958,Set,1,L
406-6559364-5582708,kurta,1,S
406-9722149-6923509,kurta,1,M
407-8237777-8923551,Top,1,XXL
404-1646937-9216313,Western Dress,1,L
407-5719771-2810704,Top,1,XS
402-6514027-8419568,kurta,1,M
407-7637423-3106705,kurta,1,M
408-7996630-3383525,Set,1,L
171-3629155-5282743,Set,1,M
171-3629155-5282743,Set,1,M
403-6947456-1979535,Set,1,M
407-9728277-2845160,kurta,1,L
405-0940710-9754745,Western Dress,1,S
402-6238775-5553958,kurta,1,S
404-3977719-2037950,Western Dress,1,XL
171-0294321-5917109,kurta,1,M
405-5292558-5096360,kurta,1,M
408-8973375-0108352,kurta,1,XL
171-6353735-4865955,Set,1,M
408-3746196-3382744,kurta,1,M
406-9019198-2287521,Set,1,3XL
405-7209835-1101112,Western Dress,1,XXL
402-5249746-1343501,Western Dress,1,M
403-3782594-9019564,Set,1,XL
402-0428102-9092358,kurta,1,S
403-5742539-5937947,kurta,1,XL
405-9788411-5549943,Western Dress,1,L
405-5603344-0119553,kurta,1,XXL
407-6150168-3098722,kurta,1,XXL
171-3980312-4313155,Set,1,L
404-0550755-1704337,kurta,1,M
407-5442663-7365116,kurta,1,M
407-5442663-7365116,kurta,1,L
407-5442663-7365116,Top,1,M
403-0667825-8277948,kurta,1,L
404-3670456-8796306,kurta,1,L
404-3670456-8796306,Set,1,L
402-9216522-8253907,Top,1,S
408-9410142-9478726,Set,1,XL
408-8570465-2183534,Set,1,S
406-0857064-1963504,kurta,1,S
171-4538336-9554750,Western Dress,1,M
408-0734136-0172334,Blouse,1,S
405-3899485-2973140,Western Dress,1,M
403-0490424-4645145,kurta,1,L
407-1630723-9833145,Set,1,M
406-5135523-8433167,kurta,1,L
403-3501736-3603538,kurta,1,M
406-5617859-8761949,Set,1,XXL
407-9145607-5105906,Set,1,3XL
171-3376911-7553157,Western Dress,1,3XL
407-2622261-0083569,kurta,1,XL
171-4970794-5962728,kurta,1,L
404-1814560-2024354,Set,1,L
407-0376810-8857137,kurta,1,M
408-1629465-6085905,Western Dress,1,XL
171-7353124-0405956,kurta,1,L
405-7260563-1059518,Western Dress,1,XL
407-3511403-4435539,Set,1,3XL
171-9992500-2301945,Western Dress,1,L
405-2280230-2565151,Set,1,M
402-6470658-8558765,kurta,1,M
171-2166683-0481153,Set,1,L
402-3204245-6545167,kurta,1,XXL
171-1488115-4974722,Western Dress,1,L
402-1372267-6174758,kurta,1,M
403-4922251-9085943,Set,1,XL
403-5978775-0576339,kurta,1,XXL
407-6836176-0199535,Set,1,XS
403-5884746-1169161,Set,1,M
407-1775141-4632340,Set,1,XL
406-7754233-0503523,kurta,1,L
408-9645510-0101967,kurta,1,L
408-9645510-0101967,kurta,1,L
408-9645510-0101967,kurta,1,L
405-0005849-3303503,kurta,1,L
403-6882308-1594748,Set,1,XXL
403-6882308-1594748,kurta,1,XXL
403-6882308-1594748,kurta,1,XXL
171-0218225-7881114,kurta,1,XL
408-6367856-7725160,kurta,1,M
407-4727595-9558759,Set,1,3XL
171-1631570-8224360,Set,1,XS
403-7557671-6818746,kurta,1,XL
403-7961726-4245118,Western Dress,1,XXL
402-9313196-5128341,kurta,1,XXL
406-5987943-9096324,kurta,1,3XL
403-8010479-8378760,kurta,1,L
406-6011880-8579558,kurta,1,3XL
402-1840099-1339511,kurta,1,XL
402-8425758-3531520,kurta,1,XL
404-7195840-3537937,Set,1,XXL
404-4528391-3285905,Set,1,XL
407-1252239-1845123,kurta,1,XL
405-2590601-4311549,Set,1,S
404-5301442-7849910,Ethnic Dress,1,S
406-7934573-0293916,kurta,1,XXL
404-6067530-4818769,Set,1,M
406-8734347-9732321,kurta,1,XL
406-8734347-9732321,kurta,1,XL
408-6579834-5654753,kurta,1,M
407-8879747-7050703,Western Dress,1,M
407-9576377-0237110,kurta,1,L
407-9576377-0237110,kurta,1,S
407-8414182-7091564,Western Dress,1,M
403-5054945-7193916,Set,1,XS
404-2364186-9066723,kurta,1,XXL
402-7077429-5701924,kurta,1,3XL
404-0068841-8492355,Set,1,XL
406-5639522-3678746,Set,1,L
406-5639522-3678746,Set,1,L
406-9468904-8228351,kurta,1,L
406-9468904-8228351,kurta,1,L
403-8690545-9277944,Set,1,L
403-8690545-9277944,Set,1,L
402-0514418-3710720,Set,1,3XL
405-9685170-8225144,Ethnic Dress,1,S
171-8804763-4058749,Set,1,XS
171-0063678-4743531,Set,1,S
405-3000442-8052358,kurta,1,XL
402-8037915-3150766,Set,1,M
408-4955991-5577147,Set,1,S
403-5393898-1754708,Western Dress,1,XXL
408-2239388-0512330,Western Dress,1,XL
403-9350620-7466736,kurta,1,XL
407-3372881-7998711,Set,1,L
402-2548343-7961930,Western Dress,1,3XL
404-8238193-0369165,Western Dress,1,XL
402-9526656-5305928,kurta,1,M
171-9545676-8321906,kurta,1,XL
403-2338832-4135524,kurta,1,L
406-0479024-8446753,Set,1,3XL
407-7926503-8697124,kurta,1,XXL
407-4038407-6599549,Western Dress,1,XXL
402-5448965-1292327,Western Dress,1,L
171-5170581-9187562,kurta,1,XL
404-4609838-8525914,Set,1,L
171-2822044-7176323,Top,1,M
402-4928480-7896362,kurta,1,XL
406-5199092-8626707,Set,1,L
405-7084753-4516318,Set,1,L
402-1980463-2357115,kurta,1,M
407-4137200-4345908,Set,1,XL
402-2817476-4109131,Western Dress,1,S
402-8843474-5713132,Western Dress,1,3XL
402-8546513-6428332,kurta,1,M
402-8546513-6428332,kurta,1,S
408-8522693-6357147,Set,1,S
408-8522693-6357147,Set,1,S
408-0237206-3453964,kurta,1,XXL
403-0230487-5597940,Set,1,L
171-0285139-5056353,kurta,1,XL
403-5886924-0532345,kurta,1,M
403-6057389-6202765,kurta,1,XXL
406-8405817-2447529,Set,1,S
403-0230886-2295523,kurta,1,M
408-5481156-0730710,kurta,1,M
408-5481156-0730710,kurta,1,M
404-5163544-0372308,Set,1,XXL
403-0541286-5893156,Western Dress,1,3XL
402-3294375-5553154,kurta,1,M
171-3041073-3637149,Top,1,3XL
408-3399821-6743536,Set,1,3XL
407-5019414-9351533,kurta,1,XXL
408-8371955-9753151,Set,1,M
171-2783117-4824350,kurta,1,XS
407-1024126-3677939,Top,1,L
403-5589930-7305906,kurta,1,XXL
408-6427734-2426728,Western Dress,1,XS
405-2693257-1097942,kurta,1,XXL
404-1941273-6717143,kurta,1,L
404-1941273-6717143,kurta,1,L
407-7868458-0010712,kurta,1,XL
407-2700150-1982760,kurta,1,XXL
402-2869708-5735515,kurta,1,M
171-9600072-9074712,Set,1,3XL
408-3656142-7126739,Western Dress,1,3XL
407-8584551-5528367,kurta,1,XXL
171-2056484-1655560,Set,1,L
404-9619647-9184340,Set,1,XS
406-0470407-2539556,kurta,1,XL
406-0470407-2539556,kurta,1,XL
406-0470407-2539556,kurta,1,L
404-9286013-2701919,Set,1,M
406-3399180-3730763,Set,1,L
404-9457998-7105966,kurta,1,XL
408-5516877-1199566,Set,1,M
171-1029312-3038738,Western Dress,1,M
408-5086595-1206718,kurta,1,L
403-9293516-4577154,kurta,1,XXL
407-1298130-0368305,Western Dress,1,XS
407-1298130-0368305,kurta,1,L
408-0265357-4939534,Set,1,XXL
407-7039962-7080347,Set,1,XS
407-3422488-7373923,Set,1,M
171-8974687-6745940,Western Dress,1,3XL
406-0244536-2177175,Set,1,L
408-1943310-9789160,Western Dress,1,L
403-5438780-7231546,kurta,1,M
406-8343960-8137102,Top,1,XL
406-0947452-6044339,Western Dress,1,XS
406-9281717-2212317,Western Dress,1,XS
408-6866119-6793128,Western Dress,1,M
403-9400852-1350710,kurta,1,3XL
406-9686095-5057139,Set,1,XL
402-6932218-7744338,Set,1,S
407-9654105-3225150,Blouse,1,M
404-3393819-5081930,Set,1,3XL
171-4087298-3807569,kurta,1,M
408-0930769-4028349,kurta,1,S
405-4213846-6141157,Set,1,L
405-8874360-4913961,Set,1,3XL
407-7434457-9084335,Set,1,XXL
407-0381223-7065145,kurta,1,3XL
407-8538186-6616316,Set,1,XL
403-0824767-1871567,kurta,1,M
404-8399604-8880365,kurta,1,M
403-6950860-5590722,kurta,1,XXL
403-9793483-6877106,Set,1,L
402-5297818-3665137,Set,1,S
171-2070545-3786767,Set,1,L
171-2516658-6849136,kurta,1,L
404-6243782-8199521,kurta,1,XXL
402-4081076-3285131,Set,1,XS
403-3641651-0348348,Set,1,M
403-7384618-1017125,Set,1,3XL
403-7384618-1017125,kurta,1,3XL
403-3542194-2527546,kurta,1,L
403-0347306-1283554,kurta,1,L
404-5516090-4385135,Top,1,S
408-6522716-9753142,kurta,1,XXL
408-6522716-9753142,Set,1,XXL
405-8966819-1579535,kurta,1,XXL
404-2716293-0209115,kurta,1,L
403-9848998-6793100,kurta,1,3XL
171-9585512-1214755,kurta,1,S
404-0172471-1609129,Top,1,M
406-0681598-4591519,Top,1,M
407-1388772-0703516,kurta,1,M
408-3131740-5067529,kurta,1,S
402-5187923-4978720,Set,1,M
403-0816846-6852364,Western Dress,1,M
406-9847734-4402766,Western Dress,1,XXL
406-6737238-3993139,kurta,1,XS
406-9542566-5579564,Set,1,XL
407-1064158-5677135,Set,1,M
407-2727693-8699567,Set,1,S
171-6844452-3288337,Set,1,XL
402-1040945-8225167,kurta,1,M
405-8391201-0161964,kurta,1,L
408-4236224-6705913,kurta,1,3XL
407-6304030-7294757,kurta,1,S
407-6304030-7294757,kurta,1,S
403-7192954-3945153,kurta,1,XXL
408-7790665-4334734,kurta,1,S
403-6084028-7522763,Western Dress,1,L
402-2438137-5393935,kurta,1,S
403-4740407-5307521,Western Dress,1,S
407-1376871-0295557,Western Dress,1,L
408-8257154-7073948,Set,1,L
408-8882909-7090727,Set,1,S
408-9860710-2994745,kurta,1,M
407-5085571-9113956,Western Dress,1,XXL
405-9457709-1221161,kurta,1,XXL
171-2746120-7458740,Set,1,XS
404-9933073-6187548,kurta,1,XL
171-9766258-8979520,Set,1,3XL
406-1473140-7914743,Western Dress,1,XL
403-0524091-8412339,Set,1,S
402-6280655-6962731,Top,1,XL
405-1920070-1571501,Set,1,L
406-2265901-9858750,Set,1,XL
404-5716384-0233143,Set,1,XS
405-3951365-4622755,Set,1,L
403-2485702-8968337,Set,1,XXL
408-8120045-5093125,Set,1,XXL
407-5042032-5902761,Set,1,XS
403-7968627-6588328,Set,1,S
171-5834744-7793919,Set,1,XS
405-7420219-7316315,Western Dress,1,M
404-9796800-6627547,kurta,1,3XL
171-5617430-3197928,Set,1,M
404-2448060-6133124,kurta,1,3XL
404-2448060-6133124,kurta,1,3XL
404-2448060-6133124,kurta,1,3XL
403-3863417-2662702,Top,1,XL
405-0282991-3215561,Western Dress,1,M
406-9622079-6413136,kurta,1,XL
404-7506843-7913132,Set,1,L
402-1035887-0881935,Set,1,S
171-0442536-7993105,kurta,1,L
406-5850336-2669159,kurta,1,3XL
404-7926847-6820357,Top,1,XL
407-1525291-4033115,Set,1,L
402-4283278-7350709,Set,1,S
408-4667355-3438769,Western Dress,1,M
405-4215381-1387550,kurta,1,L
171-5827792-5989157,Set,1,S
404-6723060-3710716,Set,1,S
407-2944135-5841949,Western Dress,1,XXL
406-8164407-2451567,Western Dress,1,L
408-9285338-0178748,Set,1,XL
406-4997330-6723506,Set,1,L
406-3048145-0469117,kurta,1,M
406-2286700-9196347,kurta,1,3XL
402-3305763-7175509,kurta,1,XL
405-7898111-7890729,Set,1,L
171-5676727-5195556,Set,1,XS
404-7098912-5234706,kurta,1,XXL
407-3848348-8301958,Western Dress,1,L
405-9613429-2310750,kurta,1,3XL
405-9613429-2310750,kurta,1,3XL
402-1713822-0853144,Set,1,L
171-9919199-2172366,kurta,1,M
407-7721497-0677130,Set,1,L
408-0391103-2451522,kurta,1,L
406-8905689-1231505,kurta,1,M
406-4720373-1796308,kurta,1,S
171-0767351-4049960,Set,1,XXL
406-8967945-9865112,kurta,1,XL
406-5675757-8121123,Western Dress,1,3XL
404-8218066-2747520,Western Dress,1,XXL
406-0529992-7047502,Set,1,XXL
406-0781206-8987568,kurta,1,S
402-7780555-9142724,Western Dress,1,M
406-6047509-9643544,Set,1,L
171-2902438-9165910,Set,1,3XL
404-6082959-9813962,kurta,1,XL
403-0608880-2574737,Set,1,XL
402-5815426-9929904,kurta,1,XL
171-0296282-8433917,kurta,1,XXL
405-4651921-1784303,kurta,1,3XL
408-6987211-8854766,Set,1,XXL
402-3695347-2013126,Set,1,3XL
408-2332327-0487560,Set,1,M
403-6393323-6741142,Set,1,L
407-1741029-5266753,Western Dress,1,M
403-9462001-4407543,Western Dress,1,3XL
406-8231592-9325919,Set,1,XS
408-9141854-1835501,Set,1,M
405-5708054-7423510,Top,1,S
402-9342662-5811521,Set,1,XL
402-1162355-7211525,kurta,1,XXL
404-8576836-4216335,Set,1,L
406-4725061-4210743,Set,1,XL
408-8125364-5064333,Set,1,M
402-1559586-4174756,Set,1,XS
407-4277775-0428332,kurta,1,XS
404-3874867-5497948,Set,1,M
403-1957132-0346731,Set,1,S
406-2849866-2096350,Set,1,3XL
408-4402120-6747556,kurta,1,3XL
171-6741005-1801114,Set,1,L
404-9872468-1444314,Top,1,XS
404-6685775-1613117,Set,1,L
404-2742059-8824359,kurta,1,L
406-0431359-8413934,Set,1,M
405-2254374-5147557,kurta,1,L
407-2506744-5951526,Set,1,XXL
406-2994704-8893164,Set,1,S
404-5358164-6149103,kurta,1,XXL
402-9117771-0156352,Set,1,3XL
404-5627495-7389162,Set,1,L
171-2950631-8351558,kurta,1,M
408-5272502-9527553,kurta,1,XL
406-5199868-7786757,Top,1,S
408-3743867-9908301,kurta,1,XXL
406-4195154-1469133,Set,1,L
404-6016873-4061920,Western Dress,1,XXL
407-0206214-9199520,Set,1,L
402-6580211-9975502,kurta,1,S
407-7905996-4330721,Western Dress,1,S
404-3907505-1541107,kurta,1,XXL
404-3907505-1541107,kurta,1,XXL
405-2722190-1193960,Western Dress,1,XL
407-2928531-4669118,Western Dress,1,M
405-7292810-2395534,kurta,1,3XL
171-6812698-7999567,Set,1,M
406-7886687-0751556,kurta,1,S
406-7886687-0751556,kurta,1,M
406-7886687-0751556,kurta,1,M
408-3456962-9764315,Set,1,XS
171-2659259-1404303,kurta,1,3XL
171-2659259-1404303,kurta,1,3XL
408-5678500-0253935,kurta,1,XL
405-3833087-4361140,kurta,1,3XL
171-1274138-4366747,Set,1,L
402-9198525-9884330,Set,1,S
171-7699990-1206737,Set,1,S
407-6424721-8534711,Western Dress,1,XXL
406-2944289-9780307,Western Dress,1,3XL
408-8953982-1101145,Western Dress,1,3XL
406-5161481-7949123,Western Dress,1,M
171-3592356-2844355,kurta,1,S
404-2285216-1113117,kurta,1,M
405-2156012-1676332,kurta,1,3XL
407-7763289-2889162,Western Dress,1,L
402-0443362-1827532,Set,1,3XL
407-6267284-3340319,Set,1,XL
405-6359794-8845948,kurta,1,L
404-0585668-7605924,Western Dress,1,L
406-1229439-6357914,kurta,1,S
403-4947593-1372365,kurta,1,3XL
407-1775998-6454709,Set,1,3XL
406-1863792-6381102,kurta,1,M
171-4525940-0891507,kurta,1,3XL
171-4525940-0891507,Top,1,3XL
171-5487299-6205113,Set,1,S
171-3760677-1367533,kurta,1,M
402-4283216-6574726,kurta,1,M
402-4283216-6574726,Ethnic Dress,1,L
406-2414142-1411505,kurta,1,XXL
405-4959339-1081153,Set,1,XXL
406-1908556-1071530,kurta,1,XL
403-0828016-0451506,Western Dress,1,L
403-1562996-3132350,kurta,1,XL
403-1562996-3132350,kurta,1,L
402-1412370-9685169,kurta,1,XL
408-1482595-9961958,kurta,1,XL
404-6038553-2708307,kurta,1,3XL
404-3307096-8985128,Western Dress,1,S
402-1646848-7925135,Set,1,XXL
408-6918550-2763518,Set,1,S
408-4125863-6581125,Top,1,XL
404-6032671-5435545,Set,1,XL
406-0193925-5025108,Set,1,XL
404-5373067-2161925,kurta,1,XXL
402-0008673-0033151,kurta,1,3XL
405-7528511-4203536,Western Dress,1,3XL
404-4047531-9682767,Set,1,XL
407-2277333-1295519,kurta,1,M
405-6993353-1283507,kurta,1,L
171-1981568-5231569,Top,1,XXL
405-6191608-9367509,kurta,1,3XL
404-0205757-1520336,Set,1,L
405-1286640-6913124,kurta,1,3XL
171-9890628-7457933,Western Dress,2,3XL
403-5964555-4790764,kurta,1,XL
408-2410897-7557123,kurta,1,S
408-8813507-3063501,Set,1,L
408-2044365-9097967,Ethnic Dress,1,3XL
403-8151832-3333941,Top,1,XXL
171-2235887-5585145,Top,1,M
404-3998205-7286762,Ethnic Dress,1,M
404-4640147-9453139,Set,1,XL
408-1729818-8505930,kurta,1,L
405-0937120-4395504,Western Dress,1,L
404-7488117-8051518,Set,1,S
408-2374778-6181118,kurta,1,XL
402-4738931-0933919,kurta,1,S
406-5504608-9635536,kurta,1,S
408-3238001-7081138,kurta,1,XXL
406-8378600-4217138,kurta,1,XS
408-7272392-5617143,Set,1,S
403-8984518-5638700,Set,1,S
406-4461058-4386706,Western Dress,1,XL
408-0290999-5302701,Western Dress,1,XL
408-0290999-5302701,Western Dress,1,XL
407-2526682-4359517,Set,1,3XL
406-6608262-5184312,kurta,1,L
406-6608262-5184312,kurta,1,L
407-6126480-7755547,kurta,1,M
402-3362405-1645124,kurta,1,XXL
407-7255132-0575516,Set,1,XS
403-5787687-0598730,kurta,1,S
407-9821652-8525912,Set,1,L
407-6059740-6613143,kurta,1,S
405-3129936-0683547,Set,1,S
406-0271961-3764362,Western Dress,1,S
406-0271961-3764362,Western Dress,1,S
171-4577946-2828333,Set,1,L
408-9603663-0860352,kurta,1,XXL
406-1369375-3623565,Set,1,3XL
406-5751421-7464360,Western Dress,1,M
406-1581803-2195535,Ethnic Dress,1,XXL
407-1589269-5759523,Set,1,3XL
405-5591629-4525126,kurta,1,XS
402-2762496-7761108,kurta,1,XL
405-3613696-0678764,Set,1,M
406-3961682-5581168,kurta,2,XL
406-3961682-5581168,kurta,1,XL
406-2998401-6811569,Set,1,XXL
408-0443250-3512362,kurta,1,S
408-0330056-8590708,kurta,1,L
408-9740627-8617114,Set,1,L
408-9740627-8617114,Western Dress,1,L
407-9143448-0039516,Western Dress,1,XL
402-6604106-8120327,kurta,1,XXL
403-9917475-5929124,Western Dress,1,3XL
403-9917475-5929124,Western Dress,1,XXL
405-3953159-1580354,Set,1,XXL
405-9973433-8409167,Set,1,S
403-4234120-4497923,Set,1,S
403-1032774-8688341,kurta,1,S
171-0125115-0251504,kurta,1,M
407-6537606-3419529,kurta,1,XL
406-8426061-9645149,Set,1,XL
406-9159324-1538737,kurta,1,L
171-3646143-0060353,Western Dress,1,XXL
403-0805366-7554750,Set,1,XXL
403-8413071-1724308,kurta,1,XXL
408-3883141-4527531,kurta,1,L
408-1811551-4974757,Set,1,L
408-4554912-8730752,kurta,1,M
407-9857388-6845100,Set,1,3XL
406-5836547-3208327,Western Dress,1,XL
405-3958289-7453141,Bottom,1,3XL
408-9939687-9918717,Set,1,XXL
408-6771812-8624314,Set,1,M
403-9612837-4457931,kurta,1,L
403-9612837-4457931,Set,1,L
406-2001002-8825957,Set,1,M
404-9396326-7233962,Set,1,L
407-6297503-8597161,Set,1,L
406-8089991-0219519,Western Dress,1,S
406-0227495-3360339,kurta,1,L
405-5650910-2507547,kurta,1,L
406-0419767-8687515,Set,1,3XL
406-4237412-1877937,Set,1,3XL
402-4852879-9557936,kurta,1,XXL
406-1405445-2740331,Set,1,S
171-6884354-7629106,kurta,1,M
402-5335990-8721117,Set,1,L
403-5059217-9886714,Top,1,XL
404-2719685-0915526,Set,1,L
406-2095200-9824314,kurta,1,XL
406-2095200-9824314,Set,1,XL
404-2454836-6665164,Set,1,XXL
404-2454836-6665164,Set,1,XL
405-6200433-6965164,kurta,1,XXL
402-2440471-7318708,Set,1,XS
408-6352387-7619502,Set,1,3XL
406-3994643-7944343,Set,1,L
402-3896864-2257960,Set,1,L
171-1345584-0305913,Set,1,XL
406-5716860-1087513,kurta,1,XXL
403-0922290-0045902,Set,1,3XL
403-0922290-0045902,kurta,1,XXL
403-0922290-0045902,kurta,1,XXL
406-4969411-1737120,kurta,1,3XL
402-2473680-0833920,Western Dress,1,3XL
402-3306879-3090710,Set,1,XXL
407-6142702-5974757,kurta,1,XL
405-9677638-6001110,kurta,1,XXL
403-1438249-7888320,Set,1,S
407-7001559-5353144,Set,1,S
407-9419615-8996338,Western Dress,1,XL
171-2292315-0021150,kurta,1,XXL
404-4748694-7841146,Set,1,XXL
403-5974139-0333955,kurta,1,S
407-7930396-2901166,Top,1,XXL
405-3948279-4407517,Western Dress,1,3XL
408-3567779-0153960,kurta,1,L
171-4416496-4148317,Set,1,L
406-5195596-1373150,Top,1,S
403-9536882-7597936,Set,1,3XL
404-9812865-0641953,Top,1,XS
404-6154566-7669146,Set,1,XXL
407-6662354-8389920,Set,1,S
405-1492499-3691547,Western Dress,1,S
171-9218429-8430740,Set,1,M
406-4159700-6397165,Set,1,L
171-7320995-0133908,Set,1,XL
408-9561002-1480339,Set,1,S
408-0518681-2689902,Set,1,M
408-5800756-9017154,kurta,1,XXL
404-4278165-0023508,Set,1,3XL
405-5168343-2086729,Set,1,L
406-3795610-8211533,Western Dress,1,L
171-1437321-6025112,Western Dress,1,3XL
404-7153481-7117115,Set,1,XXL
406-1576659-9604322,kurta,1,L
403-1347567-0769932,kurta,1,3XL
403-1347567-0769932,kurta,1,3XL
171-0190504-4615525,Set,2,XS
405-8571498-4668327,Top,1,XXL
171-4143249-8767551,kurta,1,L
406-8301206-1009909,Set,1,L
404-8638286-5100333,Western Dress,1,XS
404-0315286-6484371,Set,1,M
404-7413963-8041919,kurta,1,XS
404-9606909-5176336,Set,1,XS
408-9097278-3674767,kurta,2,M
405-6827896-1784369,Western Dress,1,XL
403-0155203-1327546,kurta,1,XS
402-6856164-7868363,kurta,1,XL
402-0663538-6027557,Bottom,1,3XL
405-3851206-6617107,Set,1,L
404-8676194-9123566,Western Dress,1,3XL
407-5300804-9397959,Set,1,XS
404-3662956-5304335,Set,1,L
407-9833713-1365951,kurta,1,L
171-6527765-9624365,kurta,1,XS
402-1421330-0529137,Western Dress,1,XXL
407-8545866-1721954,Set,1,S
408-0161822-0369956,Set,1,L
405-9889721-7009107,kurta,1,M
405-9889721-7009107,kurta,1,M
404-4094878-4444358,Set,1,XXL
405-3326468-3847539,kurta,1,XL
171-3577335-7911510,kurta,1,XS
407-6008360-3653945,Set,1,M
407-9793868-2735551,kurta,1,L
407-9793868-2735551,kurta,1,L
403-3651024-2696305,Western Dress,1,M
404-2072482-5942738,Set,1,3XL
408-3629671-5149134,kurta,1,XL
404-1642533-1535566,Top,1,XXL
171-8074188-5905928,Set,1,S
408-0709714-3977134,kurta,1,S
403-6573904-1410705,Set,1,M
407-8738723-6091537,Set,1,3XL
171-8713666-0846762,Set,1,L
403-6194318-0886738,Western Dress,1,XXL
402-4346471-2362730,kurta,1,XXL
402-6619987-5148350,kurta,1,XL
408-9142846-2003544,Set,1,S
408-7419991-8433140,Western Dress,1,M
404-2200412-4224329,kurta,1,XXL
404-1465947-1734721,Western Dress,1,XL
404-6465978-3108303,Top,1,XL
403-9556007-4165919,Set,1,XS
408-3401875-7993916,kurta,1,XXL
405-6161501-5711536,kurta,1,3XL
407-8094337-1596367,kurta,1,XL
402-2276792-8819531,kurta,1,XL
406-9452126-2581966,Set,1,S
407-2218153-8478768,Set,1,L
406-7470771-3758762,Top,1,XL
402-6713711-0789936,Set,1,XL
408-3459640-7799567,Set,1,M
403-1139880-9661117,kurta,1,S
404-2147768-1895562,kurta,1,XL
407-8201411-0573143,Set,1,M
404-3221405-4775529,Western Dress,1,M
408-2037089-7785934,kurta,1,XL
404-3323074-6713955,Top,1,S
408-3147509-3754740,Set,1,M
171-7682756-9597956,kurta,1,M
407-9785816-0422762,Set,1,M
408-5403329-8870708,Set,1,L
402-2338187-9720319,Western Dress,1,3XL
403-3080765-3269909,kurta,1,L
403-0173977-3041148,Western Dress,1,3XL
403-0173977-3041148,kurta,1,3XL
403-0173977-3041148,kurta,1,3XL
403-0173977-3041148,kurta,1,3XL
403-0173977-3041148,kurta,1,3XL
403-0173977-3041148,Western Dress,1,3XL
403-0173977-3041148,Set,1,3XL
403-0173977-3041148,kurta,1,3XL
403-0173977-3041148,kurta,1,3XL
403-0173977-3041148,kurta,1,3XL
403-0173977-3041148,kurta,1,3XL
404-8901446-2653111,kurta,1,XXL
408-6347718-5029952,kurta,1,L
408-7186513-1799530,Set,1,XL
404-0507148-4270713,kurta,1,XXL
404-0507148-4270713,kurta,1,XXL
171-5162864-3641937,Set,1,M
404-5091416-1492320,Set,1,XXL
406-9647815-8723542,Set,1,L
403-6798354-2263530,Set,1,XXL
171-5718861-2675548,kurta,1,XS
404-2491025-5387539,Set,1,L
404-2491025-5387539,Set,1,L
407-0490921-5859564,Top,1,XL
171-5737174-1856332,kurta,1,M
404-2220793-9097120,Set,1,S
406-2245765-8259515,kurta,1,XS
171-5595188-7063520,kurta,1,S
405-6760345-6457136,Set,1,S
407-1196333-2230765,Western Dress,1,L
171-9569162-1245942,Western Dress,1,S
407-7208859-3898727,kurta,1,S
171-7286119-6769964,Set,1,XS
407-5135320-3506755,Set,1,3XL
171-9884525-8785141,Set,1,M
407-5060001-1777913,Western Dress,1,XL
406-5563976-0103545,kurta,2,XL
171-3227935-2578752,Set,1,XL
407-5187364-8725950,Western Dress,1,S
405-8698294-0717140,kurta,1,S
407-2360764-5530758,Set,1,XS
407-1197282-0109105,kurta,1,XL
407-1197282-0109105,kurta,1,XXL
404-9106012-7938733,kurta,1,XL
402-0201941-3986739,Set,1,3XL
408-6382984-0553131,Set,1,M
408-6382984-0553131,kurta,1,M
404-0268369-1493116,kurta,1,XXL
404-4576235-3073169,Set,1,L
402-6143193-4145139,Set,1,S
408-0957621-9941156,Set,1,3XL
171-9614792-2227508,Top,1,XXL
171-9749497-7602720,Western Dress,1,S
402-8382670-7081102,kurta,1,L
171-9026178-2712338,Blouse,1,L
408-4810346-7958738,kurta,1,XL
171-8994624-7251518,Set,1,XL
407-1943998-9901109,Set,1,M
171-5616318-2458723,Bottom,1,3XL
405-9642932-2006758,Set,1,XL
406-5276879-7075555,Set,1,S
406-1392839-4713138,Western Dress,1,S
405-0892155-9847536,kurta,1,XL
402-6036845-7332322,kurta,1,M
408-0250238-8769138,kurta,1,S
406-2089339-6705939,kurta,1,XL
405-1299137-2024328,kurta,1,M
403-7384823-9554706,Set,1,M
171-9603913-5850730,Western Dress,1,S
405-8089566-5121109,kurta,1,XXL
408-2717249-5331517,Set,1,L
403-7413123-2085104,Set,1,XL
404-3264468-0141160,Set,1,M
406-4597589-8227527,Western Dress,1,XXL
402-7010898-8650751,Set,1,XXL
407-9570527-2405128,Set,1,3XL
407-1897745-3007529,Western Dress,1,S
408-4450198-7298706,kurta,1,M
406-8761336-2400326,Set,1,3XL
408-1366596-3556334,kurta,1,M
403-1753921-0793124,Set,1,L
407-0071986-9241146,Set,1,L
171-8829622-5044318,Western Dress,1,3XL
408-4573619-9451545,kurta,1,L
404-9927746-3838701,kurta,1,M
403-7002542-6292300,Set,1,S
404-7768870-2998735,Western Dress,1,XXL
405-4803692-5689168,kurta,1,XL
407-3838385-5235523,Set,1,L
407-6957650-9319552,Set,1,L
402-3967649-7487511,Set,1,3XL
406-4199509-7531504,kurta,1,XL
402-9932799-0701155,Western Dress,1,XL
404-3985944-7931524,Set,1,XS
406-9225888-4709100,Set,1,M
171-9109452-2675541,Set,1,L
171-5480727-1205935,Western Dress,1,XXL
402-1706520-2668317,kurta,2,XL
408-2008379-7377111,kurta,1,M
407-6342847-7656313,kurta,1,S
405-0144548-2018718,Set,1,L
403-4048613-2932351,kurta,1,XXL
407-7027004-9188308,Western Dress,1,S
408-6294340-2996314,kurta,1,3XL
408-4969347-0339535,kurta,1,L
407-8321158-5315544,Ethnic Dress,1,3XL
408-9691516-4093948,Set,1,M
171-6838538-3969101,Set,1,XS
407-4018425-4510751,Western Dress,1,S
404-4788352-4549943,kurta,1,3XL
405-1201776-2028340,Set,1,L
403-6820480-4223500,Western Dress,1,S
408-1750809-0165118,Western Dress,1,XXL
404-5359308-3249144,kurta,1,XL
404-9083028-6009116,Western Dress,1,XS
402-4731403-9756349,Set,1,XL
404-6920467-2129930,kurta,1,L
404-6920467-2129930,kurta,1,M
407-3698261-4923526,Set,1,XL
405-9259471-2737922,kurta,1,XXL
406-1876196-6084306,Set,1,3XL
408-4491955-4724349,Set,1,XL
407-1796463-8086729,kurta,1,3XL
408-2166984-4871531,Set,1,XXL
404-7594444-1981939,kurta,1,L
408-3993353-7089909,Set,1,S
406-1857124-5399558,Set,1,L
171-9626926-8031529,Set,1,XXL
171-9626926-8031529,kurta,1,XL
404-8661578-8653123,Set,1,M
404-7274697-0945121,Set,1,L
171-8704719-4257133,Set,1,M
405-6374128-1181128,kurta,1,L
171-8490472-4683523,kurta,1,M
406-3392351-9694753,kurta,1,L
405-3583244-8682738,kurta,1,3XL
171-1004509-7937963,kurta,1,XL
406-5149604-4516314,kurta,1,3XL
171-9757288-1506730,Set,1,L
407-0975836-1662751,Set,1,3XL
406-6248918-3078743,Set,1,XXL
406-7338347-7069951,Set,1,M
406-0211892-0559536,Set,1,3XL
171-7532609-3249907,Western Dress,3,M
405-8411773-8229162,Western Dress,1,S
407-7844529-5051537,kurta,1,3XL
171-9012771-7416351,Top,1,L
405-4771236-4811503,Set,1,XXL
402-1860368-5003561,kurta,1,S
405-8385584-8498728,Set,1,M
405-8385584-8498728,Set,1,M
407-3508652-5836322,Set,1,3XL
405-7938814-1087509,Top,1,XL
171-1008629-5178746,kurta,1,XXL
408-8035303-1545928,Western Dress,1,L
402-1679192-6240356,kurta,1,XL
408-1564787-5856337,kurta,1,XS
405-6139036-4994745,kurta,1,XL
406-6549790-6262739,Set,1,L
171-9054821-6610735,Set,1,XXL
408-2516921-3716311,Set,1,XL
408-4141277-0193956,kurta,1,XXL
404-4574273-4263563,kurta,1,XXL
406-9213513-4800327,Western Dress,1,L
405-0433643-1144349,kurta,1,M
408-2948322-1668315,kurta,1,M
408-7234922-1148318,Set,1,3XL
171-0490840-3053915,Set,1,XXL
171-6516243-3492354,Set,1,XXL
171-6525563-8877103,Western Dress,1,XL
406-6667637-9966753,Set,1,XL
406-8156230-5674718,Top,1,XL
406-1518551-8159546,Western Dress,1,S
404-5332578-7605138,kurta,1,XXL
408-7565589-4918732,Top,1,M
407-8020405-7634731,Set,1,XS
402-8026142-9249964,kurta,1,XL
408-4711899-6544333,kurta,1,S
407-2333018-0219523,Western Dress,1,3XL
402-7346638-7916354,kurta,1,M
404-8672033-7928356,kurta,1,L
171-6673765-7076331,Western Dress,1,M
404-2256348-5508312,Set,1,XXL
171-7378656-4945136,Set,1,S
402-8951738-8744317,kurta,1,M
402-8951738-8744317,kurta,1,M
406-0366316-9300365,Set,1,XS
408-0881227-1909157,kurta,1,3XL
407-3188067-2032310,Set,1,M
402-3062922-7386738,Western Dress,1,XXL
404-0801054-7823531,Set,1,M
404-7262078-0821950,Set,1,XL
407-6529033-8467555,Set,1,XS
406-8454722-9951509,kurta,1,L
404-8669517-8398769,kurta,1,L
404-6441994-0926721,kurta,1,XXL
408-8505929-1228335,Set,1,XL
407-3857140-4855515,Set,1,XL
171-1526149-4206765,kurta,1,3XL
405-1461081-8011538,Set,1,XXL
403-5237450-0177141,kurta,1,XL
406-5008235-5143521,Set,1,M
407-6214589-9425930,kurta,1,3XL
403-3465545-9609165,Set,1,L
406-2033412-3428322,kurta,1,S
407-1477283-7097144,Set,1,L
404-0988834-5309963,Set,1,L
406-9911191-2496369,Top,1,XXL
406-3312546-5081907,Set,1,M
171-4251045-7058753,kurta,1,L
403-7485773-0954712,Set,1,M
408-0986501-7261937,Set,1,XXL
171-6911000-1977146,Set,1,XS
406-8893631-9381900,Western Dress,1,M
405-0271059-1293107,Top,1,L
405-0271059-1293107,Top,1,L
405-0271059-1293107,Top,1,L
405-0271059-1293107,Top,1,L
405-0271059-1293107,Top,1,L
408-5064895-2625909,kurta,1,6XL
405-4107684-2759554,kurta,1,XL
171-7448214-1616361,Set,1,3XL
403-9969448-7918748,Set,1,XL
171-6597399-7582729,Set,1,L
405-5356391-0888357,kurta,1,L
405-5356391-0888357,kurta,1,L
404-4133616-6510719,Set,1,XXL
407-0480837-8658727,Set,1,3XL
402-2833455-1720315,kurta,1,XXL
407-5308365-9333954,Top,1,L
407-3359583-8657937,Set,1,XL
403-4652998-4217920,Set,1,L
171-0193674-5397974,Set,1,M
171-6183438-2882702,Set,1,XL
406-9541623-4533155,Set,1,L
408-4224057-4833140,Western Dress,1,M
171-3637560-6011516,Set,1,XXL
404-0465764-3426704,Set,1,XXL
171-7910592-4027504,kurta,1,XL
406-3705877-1440321,Top,1,S
402-5730171-4461904,Set,1,S
408-6664166-3284307,Set,1,L
402-9082213-0046752,kurta,1,XXL
404-5008674-0541137,Western Dress,1,L
402-9071801-7321147,kurta,1,3XL
407-0254956-0204378,kurta,1,M
402-1522564-9974760,Set,1,L
407-9129639-8313902,Set,1,XL
406-7454120-0577940,Set,1,3XL
408-9528462-6373103,Set,1,L
405-7352987-7841152,Set,1,M
407-5527376-6269119,kurta,1,XL
408-1917148-0465940,kurta,1,3XL
405-6422036-5284303,Set,1,L
403-3810130-8379540,Western Dress,1,L
402-8232938-3360348,Top,1,XXL
403-8745417-4133907,kurta,1,3XL
407-2636623-7864339,Western Dress,1,XL
405-0864248-6775548,kurta,1,3XL
405-8545650-4021957,kurta,1,XXL
402-7194626-3409907,Set,1,XL
406-2295229-5043549,Set,1,XXL
403-8622153-6231561,Set,1,M
171-5893391-0276335,Set,1,L
408-1410569-7136300,Set,1,L
405-5144822-9645938,Western Dress,1,XS
171-2245202-8545166,kurta,1,XL
407-0567706-0801965,Set,1,3XL
406-7034120-7497121,Top,1,L
406-2280126-9637125,Western Dress,1,M
405-1508326-6125968,Set,1,L
405-3426769-7652368,Set,1,L
171-7981476-6619501,Top,1,XS
404-5089733-5874759,Set,1,XL
171-8260419-4709164,kurta,1,XXL
407-5857160-1281109,Set,1,XL
404-6745828-0474701,Top,1,XL
408-1625835-7636314,kurta,1,S
405-3320548-4405903,Set,1,S
171-6769699-3898711,Set,1,XXL
407-0713825-8653947,kurta,1,XL
404-9484748-9408359,kurta,1,M
404-9484748-9408359,kurta,1,M
407-5024323-9102722,Set,1,XL
407-6504432-3130742,Set,1,XL
407-6504432-3130742,Set,1,XL
404-1788640-6681150,kurta,1,M
407-0355102-7050773,kurta,1,XXL
404-7377348-4045125,kurta,1,XXL
405-2756391-3461130,Western Dress,1,L
405-8876490-7089100,kurta,1,XXL
171-8379023-9601117,Set,1,XL
408-8648043-8640362,Set,1,XXL
408-6264083-4613142,Top,1,XXL
171-6889225-2918728,Set,1,L
406-3104311-3425925,Western Dress,1,XS
403-9487335-4870734,kurta,1,XL
402-5289100-3363541,Set,1,L
408-4408446-1153122,kurta,1,S
408-9796757-8480336,kurta,1,S
403-9353192-4005956,kurta,1,3XL
403-9353192-4005956,kurta,1,3XL
407-5836993-3066706,Set,1,XL
408-7997468-9610736,Set,1,S
408-8496647-5767503,kurta,1,XXL
405-0215741-3407515,kurta,1,M
408-7896782-2890711,kurta,1,L
402-7515893-5061906,Set,1,L
403-9639443-0036322,kurta,1,L
403-2675136-0216364,kurta,1,3XL
408-0204910-3678762,kurta,1,M
403-8604089-3688364,kurta,1,S
406-8009396-9748316,Set,1,3XL
408-4380501-8767501,Western Dress,1,XL
404-9595380-8531537,kurta,1,M
171-5366679-1599557,Set,1,XXL
402-7100821-7494723,kurta,1,XXL
403-7803071-3733955,kurta,1,XL
403-6345852-7121148,Western Dress,1,XXL
407-6842585-5394764,kurta,1,L
407-3187453-5542766,kurta,1,XL
402-7610320-2713935,Set,1,XL
408-3024186-7047537,Set,1,S
407-1411653-5181962,kurta,1,XXL
408-6056033-7755524,Set,1,S
407-8741961-8514720,kurta,1,XXL
407-8332629-7691511,Set,1,XL
407-0355604-8792340,kurta,1,XL
402-0626064-6084350,Set,1,XXL
405-9368312-9078761,Western Dress,1,S
407-7011061-3042734,Set,1,XS
404-0692909-2727534,Set,1,3XL
403-8610220-3633963,kurta,1,M
171-9588667-4094762,Set,1,S
403-4185479-4257919,Set,1,M
408-4843663-2881118,kurta,1,3XL
407-0114320-7272372,kurta,1,L
171-1660732-4277938,kurta,1,L
404-0259182-7385127,kurta,1,XL
405-8172537-4689939,Set,1,M
405-8172537-4689939,Western Dress,1,XXL
407-8441367-2294719,kurta,1,XXL
406-7868806-1650717,kurta,1,XXL
171-5820287-5303561,Set,1,XS
403-9741800-5819553,Set,1,XL
404-4981903-1518742,Set,1,3XL
403-3033222-9834752,kurta,1,XXL
406-4326061-5546766,kurta,1,S
408-9706325-0101931,kurta,1,XL
408-4067480-2993100,kurta,1,M
404-9512559-8996340,kurta,1,S
407-0504438-2024329,Set,1,S
405-4016197-7084310,kurta,1,3XL
403-3250527-2139532,kurta,1,L
171-4080807-0210765,kurta,1,L
404-0921791-5774735,kurta,1,L
404-0921791-5774735,kurta,1,L
406-8160757-0481949,kurta,1,L
404-1614581-6008307,Set,1,3XL
404-4322712-0144357,kurta,1,XL
408-5178812-0436362,kurta,1,3XL
404-5814390-9258705,kurta,1,L
171-8547981-6630726,Set,1,3XL
407-8311406-2116343,kurta,1,L
403-3614541-5598701,kurta,1,XL
404-6343488-8969111,Set,1,S
407-7408385-6735521,kurta,1,XL
407-9764849-8353913,kurta,1,XL
407-9764849-8353913,kurta,1,XL
408-8422444-6945955,Set,1,XL
405-3582179-3235517,Set,1,L
406-4346856-4819547,Set,1,3XL
403-3433402-9595516,Set,1,XS
407-2252197-7465936,Set,1,3XL
407-0901504-2406745,kurta,1,XXL
403-0176494-4944365,Set,1,M
407-3293343-9533150,Set,1,XL
407-1390938-2769921,Set,1,XXL
402-8819438-3932319,Western Dress,1,L
406-4941088-2343522,Set,1,XL
406-4941088-2343522,Set,1,XL
171-7335997-7918722,Set,1,3XL
402-9720670-2233169,Set,1,L
403-9107146-4775563,kurta,1,XXL
406-9340243-5757138,Set,1,XL
406-9340243-5757138,Set,1,XL
406-9340243-5757138,Set,1,XL
405-4075478-0401156,kurta,1,L
406-2114105-7958754,Western Dress,1,L
404-1116044-8297149,Set,1,L
405-1826037-6206769,kurta,2,M
407-1635061-4573942,kurta,1,XL
171-8492966-3951512,Set,1,M
403-0861786-5948339,Set,1,XXL
403-2568352-6625948,Set,1,XXL
408-1430314-0597907,Set,1,XS
171-2142405-6085910,Set,1,S
402-3366307-6810719,Ethnic Dress,1,S
405-8141855-6225919,kurta,1,XXL
171-1770307-9199500,Western Dress,1,XXL
408-8447307-7573113,Set,1,S
406-3537593-8722737,kurta,1,3XL
408-3193444-4668340,kurta,1,M
171-4122508-5822731,Set,1,L
403-9590970-3585154,Set,1,3XL
171-6810466-3039552,Set,1,XXL
405-1492777-5835512,Set,1,XS
402-6628443-5602714,kurta,1,XXL
407-5916244-8305115,Top,1,XS
406-0688050-8167557,kurta,1,XL
403-7427780-7491524,kurta,1,M
171-2872384-1110704,Set,1,L
408-5087469-9245120,Set,1,XL
171-3132467-5256361,kurta,1,L
405-6338175-9908329,Set,1,S
171-3897230-0944345,Top,1,3XL
407-8998959-2981168,kurta,1,S
402-5232514-7153920,Set,1,M
402-5495841-7881928,Western Dress,1,S
405-8739704-2443559,Set,1,L
406-4039876-8637900,Set,1,XXL
406-4039876-8637900,Set,1,XXL
407-2858423-3325920,Set,1,3XL
408-4121205-5319568,Western Dress,1,XXL
403-9786643-7573962,Set,1,XL
403-1438073-4769101,Western Dress,1,3XL
171-9126698-2760343,Set,1,L
406-5227490-3254721,kurta,1,XL
402-8204265-4234741,Set,1,XL
407-1772430-4111519,Western Dress,1,L
403-8518320-7817143,Ethnic Dress,1,S
407-4178953-9509950,kurta,1,XL
404-5029426-4681909,Set,1,L
404-5029426-4681909,Set,1,L
402-2421418-4136326,Ethnic Dress,1,S
171-4006098-6176319,Set,1,XS
405-0893816-9309133,Western Dress,1,L
406-1784285-7023564,Set,1,M
407-9769660-2682744,Top,1,XL
402-0755923-1422713,kurta,1,M
406-0635155-1573120,kurta,1,S
406-0635155-1573120,kurta,1,S
408-5723597-5999539,Set,1,L
408-0490339-4221145,Set,1,M
407-1558500-0296323,Set,1,XXL
404-5804253-1370760,kurta,1,3XL
171-0793125-7643526,Set,1,L
408-8231229-5343558,kurta,1,L
405-1365663-5876336,kurta,1,XL
408-0066299-6267502,kurta,1,S
408-1677368-4413126,kurta,1,XXL
406-7773068-4950739,kurta,1,L
404-6572108-4953161,Set,1,L
407-7854832-4251563,kurta,1,3XL
403-1577845-3025919,kurta,1,XL
402-8650621-7753968,Western Dress,1,XXL
404-3987684-3021114,Set,1,XS
403-7713096-2041151,Western Dress,1,XXL
407-7906789-0956353,Set,1,M
404-3683082-8059563,Set,1,XXL
402-3556954-1384336,kurta,1,XL
404-5241796-2819546,kurta,1,XL
402-1701638-6598747,Western Dress,1,L
407-1342623-0021107,kurta,1,M
405-8815724-5824301,Set,1,L
408-0933515-1554728,Set,1,3XL
402-6738785-2384308,kurta,1,XS
408-9946700-0591535,Western Dress,1,S
405-9298496-7577926,Set,1,XL
171-9614786-8352355,kurta,1,XL
171-4655628-4052301,Set,1,XS
404-9536954-8577910,kurta,1,XS
408-5014067-4353953,Set,1,XXL
405-2206460-3893939,kurta,1,L
408-3170626-3685931,kurta,1,XXL
408-7491904-5560359,Set,1,L
403-0564459-3776330,Set,1,3XL
407-2636810-3265169,Set,1,XXL
405-6730912-8357933,kurta,1,XL
408-3201891-3599507,Set,1,XL
404-8295066-2401105,Western Dress,1,M
408-7790646-2097113,kurta,1,XL
402-7201513-3469962,Top,1,M
405-1832225-5585961,Set,1,3XL
407-7911306-2225168,kurta,1,XL
407-7306651-6168364,Western Dress,1,L
408-4073000-7700301,Western Dress,1,L
408-0595204-9546740,Top,1,L
406-1394833-1636307,Set,1,XS
171-2147024-8005150,Set,1,M
403-9440138-4530750,kurta,1,L
407-0232500-3997150,Set,1,XXL
404-3400977-7416329,Set,1,XXL
407-1474786-7824361,Set,1,S
402-6883557-1244357,kurta,1,L
405-4081572-8531534,kurta,1,M
404-7770106-5374752,Set,1,XL
402-0783414-9164324,kurta,1,XL
407-3716905-2157943,Set,1,XL
407-3716905-2157943,Set,1,XL
406-8457885-4688324,kurta,1,L
405-5931547-6938737,Set,1,3XL
407-3177579-7429161,Set,1,XL
406-8423744-5890731,kurta,1,S
408-4455354-5274766,Set,1,3XL
407-1814403-2432304,kurta,1,XL
405-9021711-9445168,kurta,1,L
405-9021711-9445168,Set,1,L
404-2682275-5689135,Set,1,XL
402-0524978-4975554,Set,1,L
406-2085002-0569916,Western Dress,1,XS
402-8248625-1499510,Set,1,XXL
402-4538636-6101914,Set,1,XS
406-8591101-5870764,Set,1,S
408-9140541-1738753,kurta,1,3XL
402-3495310-1622709,Set,1,L
404-4736027-7818730,Set,1,M
405-7981163-9546728,Western Dress,1,L
407-5813745-3993950,kurta,1,XXL
408-8388545-4535501,kurta,1,3XL
403-6365445-1570750,Set,1,XXL
402-9812775-3876302,Set,1,L
402-9812775-3876302,kurta,1,L
402-9812775-3876302,kurta,1,L
402-9860712-4305910,Set,2,3XL
406-8220272-5575558,Set,1,S
403-8983736-6117936,Set,1,L
407-5212825-4041964,Set,1,L
403-5852722-3144332,kurta,1,3XL
408-4531124-3709959,kurta,1,3XL
404-1247394-4297934,Western Dress,1,XXL
404-0237179-7164334,kurta,1,3XL
408-5782349-1353915,kurta,1,XL
406-0690926-4673149,Western Dress,1,3XL
402-6481370-2075508,kurta,1,XL
407-2011923-2153932,Western Dress,1,3XL
402-9461185-9712364,Set,1,XL
171-0232429-4025105,Set,1,XXL
404-9180152-7746742,kurta,1,XXL
404-4847026-2310711,Set,1,XXL
405-8723576-6732352,Set,1,L
402-9808254-9957938,kurta,1,S
171-1454540-2049104,Set,1,L
402-6716506-5848364,Western Dress,1,L
408-4957717-8987525,kurta,1,M
402-4724205-8872301,kurta,1,M
171-7531919-6291546,Set,1,L
171-7531919-6291546,Set,1,XL
171-2843501-8669966,Set,1,3XL
408-8551146-4117149,Set,1,XS
407-9671006-5218703,Set,1,L
407-5829142-2873958,kurta,1,M
406-9336541-9589909,kurta,1,L
405-8603542-5809963,Western Dress,1,S
406-9453048-3297166,Set,1,3XL
406-7898789-4293906,Set,1,M
171-0212429-4579517,Set,1,3XL
406-5905376-4469123,kurta,1,L
408-7259584-9158711,Set,1,L
405-0515471-0217902,kurta,1,S
404-5895316-0277908,kurta,1,XL
407-3659022-0425168,kurta,1,L
407-3659022-0425168,Set,1,XS
402-8911203-2865957,Set,1,XL
408-2870914-2389167,Set,1,M
408-2870914-2389167,kurta,1,M
408-2870914-2389167,kurta,1,M
406-7535695-1721939,Set,1,L
408-5748279-1929913,kurta,1,S
402-2441786-8946743,kurta,1,XS
403-9265027-0437942,Set,1,XL
406-4653205-9916329,Set,1,M
407-3024473-7694726,kurta,1,L
406-2577620-4856325,Set,1,L
406-2577620-4856325,Set,1,L
407-2414958-4125950,kurta,1,XXL
171-0983100-8092334,Set,1,M
408-0061887-6258751,Top,1,M
407-3627409-0413955,kurta,1,S
404-9103236-6093917,Set,1,3XL
407-2926049-1987559,kurta,1,S
405-8861370-3192355,Set,1,XXL
171-6082481-4636345,kurta,1,XL
403-0062804-9588372,Western Dress,1,XXL
404-3064772-1600342,Set,1,XXL
403-9793438-3036361,Set,1,3XL
171-7796235-2934765,kurta,1,S
405-9502122-7828318,kurta,1,L
408-6046537-0814752,kurta,1,L
402-4910100-4602718,Set,1,M
406-9072498-2857926,kurta,1,XL
404-3853589-8370735,kurta,1,3XL
407-8237180-6047527,Western Dress,1,M
407-5012676-9089946,Western Dress,1,XL
402-7272722-5583556,kurta,1,M
406-9275210-7221915,Set,1,XL
407-9075916-2578765,Top,1,L
402-3679238-0114757,Set,1,XXL
171-7263181-8421166,kurta,1,S
406-1607140-6324314,Set,1,S
405-9244470-2507557,kurta,1,XS
405-6936689-3373119,kurta,1,S
408-4505195-5143522,Set,1,XL
403-3169608-0930732,kurta,1,M
403-3169608-0930732,Top,1,S
403-3415421-0757907,Set,1,M
403-3415421-0757907,kurta,1,M
408-6859738-0673165,kurta,1,XL
171-4025646-7588336,kurta,1,L
406-0440353-3613947,Set,1,XXL
408-9873380-0238720,kurta,1,XL
406-7817885-2057119,Western Dress,1,L
405-6158954-3829115,Western Dress,1,L
408-5723184-7841949,kurta,1,M
406-2437775-2801912,Set,1,XL
407-0649202-0251504,Western Dress,1,XL
402-0223096-4925159,kurta,1,S
406-0201453-1073957,Set,1,S
404-1717405-1311550,Top,1,XL
402-0349789-5135535,kurta,1,XL
406-1279455-1551552,Set,1,XL
171-5873322-1005127,Western Dress,1,L
405-0506071-3429169,kurta,1,XXL
402-1025281-8517954,Set,1,XL
405-2064352-6560315,Set,1,XXL
408-1309868-6844319,Western Dress,1,XS
404-1706603-6953915,Set,1,XXL
402-3194956-1956360,Set,1,3XL
407-7039086-0981939,Set,1,M
403-8588643-2352326,Set,1,XL
402-0233490-8527518,kurta,1,XXL
407-2079943-2395563,kurta,1,XL
404-4250217-3829133,kurta,1,M
408-5453976-7005132,kurta,1,L
402-5056029-5823542,kurta,1,L
408-7479560-0568359,kurta,1,S
171-9569085-4815528,Set,1,XL
171-8505964-7622708,kurta,1,M
171-8505964-7622708,kurta,1,M
406-1033783-3478762,kurta,1,XXL
407-6611854-7787500,Set,1,L
404-3977426-3618702,kurta,1,3XL
402-7582309-0160340,Set,1,XS
403-4201136-7035560,kurta,1,L
171-0163458-7406736,kurta,1,S
405-4157807-6902726,Top,1,L
406-2922709-5065100,kurta,1,M
403-6541650-4984366,Set,1,L
404-4079752-6017934,kurta,1,XL
404-7908071-1325166,Western Dress,1,L
408-5649180-0281162,kurta,1,L
408-4659755-4153163,kurta,1,XL
404-1510597-5556323,Set,1,XXL
407-7033145-9301913,kurta,1,XL
407-8727612-5299545,Top,1,3XL
407-8727612-5299545,Set,1,3XL
404-1255975-1663559,kurta,1,M
403-8037221-5100317,Western Dress,1,L
407-7505308-3298705,Set,1,L
407-0712120-9741136,Western Dress,1,3XL
407-7756259-0283504,Set,1,XL
403-6685020-0463550,Western Dress,1,XXL
404-2563639-7355528,Western Dress,1,L
402-1075905-0900356,Western Dress,1,XXL
402-3150460-7265948,Top,1,XS
403-5066936-0169134,Set,1,S
406-7267672-0569941,kurta,1,S
408-0008759-7456323,Set,1,L
171-1859343-0772354,kurta,1,XXL
408-1156245-4457919,Set,1,XL
402-3289158-6249904,kurta,1,3XL
402-7428153-0891553,Western Dress,1,S
405-0440983-7469164,kurta,1,M
406-3768615-2098744,kurta,1,M
408-5239329-1980303,kurta,1,M
408-5239329-1980303,kurta,1,S
171-0875734-7933106,kurta,1,L
407-6620801-1753951,Western Dress,1,M
405-1480702-7477937,kurta,1,M
404-0841802-4724351,kurta,1,M
407-6568007-7997963,Set,1,S
407-6568007-7997963,kurta,1,XXL
407-6568007-7997963,kurta,1,XL
402-4912492-4977112,Set,1,M
402-1877437-7029961,Set,1,M
406-5115583-4269946,Set,1,L
408-0662845-0606752,Western Dress,1,M
405-7314814-9316311,kurta,1,M
403-4808611-7160314,kurta,1,M
403-5257575-7344345,Set,1,3XL
171-1405206-9429157,kurta,1,S
406-6078098-1689943,kurta,1,XXL
407-1196264-9825969,kurta,1,M
403-7165706-9376308,Set,1,3XL
404-0266005-0561904,Set,1,3XL
408-3120365-8206757,Western Dress,1,L
406-5945143-6059554,Set,1,L
408-5268059-3221963,Set,1,M
171-5677731-9435565,Set,1,M
403-0650776-9985103,Set,1,XS
405-4261845-0685147,Western Dress,1,L
408-2135168-4530739,kurta,1,XXL
402-2156066-6289146,kurta,1,XL
404-8230258-2973900,Set,1,3XL
403-8105355-8798755,kurta,1,L
408-6174086-6583564,Set,1,XS
171-5766269-8066765,kurta,1,S
405-0504226-2015516,Top,1,3XL
407-2670547-4945109,Western Dress,1,XXL
404-5710851-5392310,Western Dress,1,L
405-7536696-3836331,Set,1,S
405-9938041-9565130,Western Dress,1,XL
408-6781230-9692325,kurta,1,L
407-5780856-2956301,Set,1,XXL
407-5780856-2956301,Set,1,XXL
407-5975983-5760324,kurta,1,M
402-3266702-1363511,Set,1,S
402-1315323-5774735,kurta,1,XL
404-4307984-4050761,kurta,1,L
408-2644789-9586752,Top,1,XXL
408-3278867-3234751,kurta,1,XXL
403-2313715-6326717,kurta,1,S
403-2313715-6326717,kurta,1,S
402-0935966-7641960,kurta,1,3XL
407-7101304-0401947,Western Dress,1,S
403-0507131-7737160,kurta,1,XL
402-1958827-4000366,Western Dress,1,XXL
402-9120937-4556314,kurta,1,3XL
404-0430156-5953153,Set,3,XL
404-0430156-5953153,Set,1,XL
404-6193113-7874752,Set,1,M
171-6386154-3657961,kurta,1,L
405-5741233-3969930,Western Dress,1,L
408-0680781-2680319,kurta,1,M
404-1855676-4624344,Set,1,XS
171-5920847-1629915,Set,1,3XL
406-7507356-2936358,Set,1,L
171-1203072-7477921,kurta,1,S
404-6987638-2023523,kurta,1,XL
171-8173850-3497113,kurta,1,M
408-3219573-2713932,kurta,1,L
405-5174309-7941156,Set,1,XL
402-4992192-0565151,kurta,1,XXL
402-4992192-0565151,kurta,1,XXL
408-2333419-6597957,kurta,1,L
404-5705921-4827530,Set,1,S
408-4962247-0886714,kurta,1,XXL
404-2796145-5118769,Set,1,3XL
408-0516838-7967509,kurta,1,XXL
408-0025818-0069168,kurta,1,3XL
408-0025818-0069168,Set,1,3XL
408-0025818-0069168,Set,1,3XL
405-5714238-1917902,Western Dress,1,L
407-8325471-9598710,kurta,1,XL
402-6103442-6375545,kurta,1,XXL
405-2218359-3379515,kurta,1,M
407-0946307-7093916,kurta,1,L
403-6578187-8177151,Set,1,M
171-0728342-1559548,Set,1,M
405-9805614-1079514,Set,1,XL
402-7955473-9922700,Set,1,S
402-2589507-4481942,Set,1,S
403-9652375-5599534,kurta,1,XL
405-8342711-7105963,Set,1,XXL
402-2282738-0092320,Set,1,XXL
403-8965203-8675519,Western Dress,1,M
408-8770299-4946754,Western Dress,1,M
171-7011900-2888356,Top,1,L
404-2166117-2381928,Top,1,M
171-1703079-8736345,kurta,1,XXL
405-8350295-3669940,kurta,1,L
405-5604339-3995503,Set,1,S
407-3325569-2177158,kurta,1,L
407-3325569-2177158,Set,1,L
405-4695577-0777136,kurta,1,3XL
171-6653732-6216334,kurta,1,3XL
171-6653732-6216334,Set,1,3XL
405-8215315-5139541,kurta,1,XXL
404-6900393-1121128,kurta,1,3XL
406-3766042-5544350,Set,1,L
408-2117722-7197923,Western Dress,1,S
171-9481983-3270764,kurta,1,M
404-9822211-5242747,Set,1,S
407-1319298-7245958,kurta,1,S
405-1064371-1125112,kurta,1,XXL
405-1064371-1125112,kurta,1,XXL
405-1646651-2766757,kurta,1,XXL
405-4855333-3830710,Set,1,3XL
171-6294035-2645161,Set,1,L
404-5135595-9686738,Top,1,M
407-8907506-1233918,kurta,1,XL
404-9792835-6753112,Set,1,S
406-8340903-5254705,Top,1,S
171-0474672-4586707,Set,1,M
402-2406062-3744309,Set,1,XL
171-1477322-9089962,kurta,1,M
171-2106949-7060329,Western Dress,1,M
402-5669142-6546723,Set,1,S
404-1544589-4651559,Set,1,S
405-9292858-4495568,Set,1,S
402-3116400-5230726,Top,1,XXL
405-5260609-4398751,Set,1,3XL
405-3127527-8317160,kurta,1,S
406-5456334-1516349,Set,1,XS
402-7451267-5862741,Western Dress,1,XXL
408-7918170-7901960,kurta,1,M
403-6177070-0085936,kurta,1,XXL
406-4128806-7228335,Top,1,3XL
402-3938765-1059512,kurta,1,M
406-2502579-8809924,Top,1,3XL
171-6917153-0022757,Set,1,L
405-1163524-8294727,Set,1,XL
407-6232546-8903514,Set,1,XXL
171-4915262-6877945,Western Dress,1,XS
406-2618598-2255521,Top,1,L
406-8078115-6388340,kurta,1,S
403-5312501-8358719,Western Dress,1,XXL
405-8975246-5568303,Western Dress,1,XXL
408-2604037-5496305,Set,1,M
402-7022772-5900364,Set,1,XXL
402-7022772-5900364,Set,1,XXL
407-7816060-9140356,kurta,1,3XL
405-8916952-2869918,Blouse,1,S
402-4241214-5258734,kurta,1,L
402-4937537-2428359,Set,1,L
402-9057089-2989132,kurta,1,XL
171-7826766-5154735,kurta,1,L
406-1945396-0545102,Set,1,L
408-1200865-6047517,Western Dress,1,M
171-4529659-0757159,Set,1,S
403-9637659-6394748,kurta,1,M
404-1361434-7517958,Western Dress,1,L
408-9566665-0686721,kurta,1,L
408-5036663-2235508,Set,1,L
171-4885061-0337950,kurta,1,XL
404-3977227-8990759,kurta,1,XL
405-9716139-3304322,kurta,1,XL
407-2867715-2395535,kurta,1,L
406-8469190-4874729,Top,1,XL
406-4739733-8920337,Set,1,S
408-1737738-2462720,Western Dress,1,M
407-6363344-1287535,Set,1,XXL
402-3188345-7872329,kurta,1,3XL
404-3406175-7506729,kurta,1,M
408-0798855-0691517,Top,1,XXL
404-1602123-3699513,kurta,1,XL
402-3629218-8825922,Western Dress,1,XXL
407-1956751-2297963,kurta,1,L
402-2958466-4249912,Set,1,L
408-4561527-7791505,Set,1,3XL
171-0678149-6746720,kurta,1,XL
405-5293191-6969138,Set,1,XS
403-1094210-3111536,Set,1,XXL
402-4525797-9681902,Set,1,S
402-4525797-9681902,Set,1,M
171-0747707-0998707,Western Dress,1,L
405-7670891-4062701,kurta,1,L
406-4986806-8257150,kurta,1,M
402-5472768-0617131,Western Dress,1,L
408-4903750-7256327,Set,1,XL
405-6918152-0701138,Set,1,XL
407-8184729-7277137,Set,1,XXL
407-8190397-4580354,Set,1,XS
402-9945324-4228317,Set,1,L
407-8511393-7554762,Set,1,XL
405-1018810-4493147,Western Dress,1,L
408-2163847-2785105,kurta,1,3XL
404-3972828-7373153,Top,1,XL
403-1635548-5211560,Set,1,XL
403-6248255-8394706,kurta,1,3XL
404-2138818-2973104,Set,1,L
405-4474917-1339567,Western Dress,1,M
408-9389495-3081125,Western Dress,1,L
404-4672266-9126757,Set,1,XS
404-5863364-2980321,Western Dress,1,L
403-6255519-5420333,Set,1,S
406-6703890-5495527,kurta,1,XS
408-1675654-5798731,Western Dress,1,M
406-0286696-2255550,Set,1,XS
404-7953670-6413965,kurta,1,S
404-2185448-6756325,kurta,1,XXL
406-5988644-5462711,kurta,1,XXL
406-5988644-5462711,kurta,1,XXL
408-1822384-0793920,Western Dress,1,L
406-1297282-9108350,Set,1,XL
406-1297282-9108350,Set,1,XL
407-7076326-2397136,kurta,1,XL
408-0460362-5267513,Western Dress,1,XXL
406-2062486-5664335,Set,1,M
405-6047588-0969124,kurta,1,XL
404-9252010-9717169,kurta,1,S
404-0474391-6070709,Set,1,XL
407-9335911-1673924,kurta,0,XL
407-9335911-1673924,kurta,1,XL
408-0876908-7321103,kurta,1,XL
404-5141213-8084358,Top,1,L
408-9316962-5184359,Set,1,XL
404-6549960-8937923,kurta,1,3XL
405-7500334-3815520,Set,1,L
404-8796350-4437118,Set,1,M
171-6808007-6740325,Top,1,XL
406-5352317-4523533,kurta,1,XXL
402-3152035-8556334,Set,1,XXL
402-7211335-1605143,Western Dress,1,3XL
403-2537435-1030765,kurta,1,S
404-0672633-0098758,Set,1,L
171-6078837-9125102,Set,1,XS
404-6046527-3981130,Set,1,S
408-6839293-9846758,kurta,1,M
406-4876379-7569952,Top,1,L
402-0955685-1474759,Western Dress,1,3XL
407-0343634-4538768,Top,1,XL
406-4420510-4231549,kurta,1,L
408-5853281-2077914,kurta,1,XXL
406-9398843-4033131,Set,1,M
404-2523811-7869952,Top,1,M
408-3001928-6360322,kurta,1,M
407-5346072-0451564,Set,1,XL
407-7545707-2373900,kurta,1,XXL
403-6359288-3319536,kurta,1,M
171-2380613-8765906,Set,1,L
171-4514855-1427546,kurta,1,XL
404-2778110-3387558,Set,1,L
404-9204315-7745948,Western Dress,1,S
171-9442967-5749912,Set,1,L
408-8549461-7380357,kurta,1,XL
408-3383359-6329922,Set,1,L
403-0699599-4306711,Set,1,3XL
407-3036751-3050718,Set,1,XL
406-7752572-5576359,Set,1,XS
171-0622010-2177158,Set,1,XS
171-0622010-2177158,Set,1,L
406-1727876-2906739,Set,1,S
402-3287101-3461925,kurta,1,S
406-0662394-2771544,kurta,1,3XL
404-4828874-9710749,Set,1,XL
171-0959622-5243510,Top,1,S
404-6704525-9234746,Top,1,XL
404-0062102-9641144,Set,1,M
402-5469736-9086747,kurta,1,M
408-8649363-9740361,Set,1,XL
408-7522633-3798730,Set,1,M
408-7457901-6530728,kurta,1,S
407-7559756-4103509,kurta,1,XL
406-5198587-8590719,Set,1,XXL
405-6314840-3889168,kurta,1,L
403-8137918-3796369,Western Dress,1,XXL
404-8138325-4984314,Set,1,M
171-5286045-1090718,Set,1,S
404-9962358-3871559,Set,1,XS
404-0072699-1745922,Western Dress,1,XXL
404-7703659-2070711,Set,1,XXL
402-7882031-4409940,Set,1,XXL
402-4342429-0274726,Set,1,M
403-4670526-9877132,kurta,1,L
407-4971036-9862716,Set,1,S
404-3432914-2822720,Set,1,XL
407-5037202-6905964,kurta,1,L
404-8956829-4005110,Set,1,L
406-5295389-7681117,kurta,1,M
407-4501283-9837123,Set,1,XXL
407-0023986-9453915,Western Dress,1,M
405-2684001-9129930,Set,1,XXL
171-5393144-1314712,Western Dress,1,XL
402-0627551-1669901,Set,1,XS
403-5523346-3964333,Western Dress,1,S
402-6030299-8477913,Top,1,S
408-9673241-3122720,Set,1,M
171-1238998-0350752,kurta,1,L
405-8169589-3170768,Set,1,XS
407-8021097-4652332,Set,1,M
171-3187440-8901932,kurta,1,XS
402-8603459-6333941,Set,1,3XL
171-6290055-2314709,kurta,1,L
403-9729112-5638715,Top,1,L
408-8238200-5241918,Set,1,S
404-4185263-7087531,kurta,1,M
402-1794208-1593932,kurta,1,3XL
406-9344710-2229152,Top,1,XS
404-3729626-6198700,Set,1,L
403-4456175-5155539,Set,1,XXL
408-8322443-9451501,Set,1,3XL
406-8946606-2940366,Set,1,XXL
408-1303949-1505154,Bottom,1,XL
407-2220743-6177128,Set,1,XXL
171-4766713-5037148,kurta,1,3XL
408-5297726-3405923,kurta,2,XL
408-2818229-5363541,kurta,1,XS
406-4355482-3597940,Set,1,L
402-0527107-2767529,Set,1,S
402-6894552-6421119,Set,1,L
402-8682575-1945162,Top,1,S
405-1292025-1907562,Set,1,M
408-5815602-5352361,Set,1,XXL
408-0572881-5041947,Western Dress,1,XXL
408-0446578-2210716,Set,1,XS
407-5671165-1272302,Top,1,L
404-4444413-0257965,Western Dress,1,XXL
408-8699478-3401152,Set,1,L
408-3299735-1412341,Western Dress,1,XXL
406-9945302-3237904,Top,1,M
405-4459841-7393908,Western Dress,1,L
404-7022392-9062745,Set,1,XS
171-5451535-2501924,kurta,1,S
405-7511155-6541159,Western Dress,1,XXL
402-3627678-7840362,Top,1,XS
402-3627678-7840362,kurta,1,S
405-8002557-8489922,Set,1,XS
405-8002557-8489922,Set,1,XS
402-0304755-5373936,kurta,1,XL
407-3549098-0664317,Western Dress,1,S
406-7439751-6023544,Set,1,XXL
407-4258701-4255526,Set,1,XL
403-7853106-3676307,Set,1,S
404-8585241-9579553,Set,1,L
407-8555662-3711539,Set,1,3XL
405-0564833-9189130,kurta,1,XL
406-4164834-3065145,Set,1,L
171-9391120-5553929,kurta,1,XS
404-7462879-6237136,Set,1,XL
406-3896482-3449908,Set,1,XL
403-4849626-0293117,Set,1,XXL
403-2493600-4649169,Set,1,3XL
407-4642738-1585918,Western Dress,1,M
405-5430520-0058745,Set,1,M
404-8226011-3899533,kurta,1,XXL
408-9176510-8393927,kurta,1,XL
404-5311023-3535518,Western Dress,1,M
171-5830574-8729135,Set,1,XXL
402-2287467-9755531,Set,1,XXL
408-0758025-0462702,kurta,1,L
407-7829602-1789156,Top,1,L
405-8301992-5723541,Set,1,3XL
405-6054426-3035500,Bottom,1,XXL
408-4851241-7989937,Set,1,S
402-4927948-0385110,kurta,1,XL
403-4195792-0502764,kurta,1,XL
405-0990816-1418769,Western Dress,1,XL
408-5929212-3873118,kurta,1,XS
408-5929212-3873118,kurta,1,XS
404-5697613-4698707,kurta,1,S
404-1958822-9974720,Set,1,XXL
403-0263279-6109955,Top,1,S
405-0722447-3243557,kurta,1,3XL
402-2942054-3552331,Set,1,XXL
405-7413402-9124301,Set,1,L
405-7144488-4156339,Set,1,L
405-7144488-4156339,Western Dress,1,L
171-9419517-1813132,kurta,1,S
402-2824403-6364357,Top,1,3XL
408-0633252-8397960,Western Dress,1,M
408-5663217-8553133,Set,1,S
407-5941774-6077124,kurta,1,M
403-2150122-8827506,Western Dress,1,M
408-5772864-0792308,kurta,1,XL
402-3275012-2282721,kurta,1,XS
406-3514336-9093963,kurta,1,L
402-3388623-9356366,Set,1,L
407-8823262-6691567,kurta,1,M
407-1225634-6205160,Set,1,L
403-7637999-1814729,kurta,1,XXL
403-7637999-1814729,kurta,1,XXL
403-7637999-1814729,kurta,1,XXL
405-4735885-4409147,kurta,1,M
408-9545155-9389952,Set,1,XS
408-9545155-9389952,Set,1,M
171-4927242-2245152,Western Dress,1,L
403-9634189-1711548,Set,1,L
402-3467808-5018715,Western Dress,1,XXL
171-7726703-9107554,kurta,1,XXL
404-6421240-2371561,Set,1,3XL
406-5518146-0288324,Set,1,L
405-7502465-8759555,kurta,1,L
405-7502465-8759555,kurta,1,L
407-1561113-5272338,Set,1,XL
407-3302483-6096324,Western Dress,1,XXL
406-9242629-9752300,Set,1,L
171-5006356-6467529,Western Dress,1,S
408-0977653-4160340,kurta,1,3XL
406-5746474-6466755,kurta,1,3XL
406-5746474-6466755,kurta,1,3XL
402-7172380-9555535,Western Dress,1,XXL
407-4109858-0923563,kurta,1,M
405-3797530-3926717,kurta,1,XL
406-9661588-7523541,Western Dress,1,XL
402-5678446-0549914,kurta,1,M
404-0046437-5785156,Western Dress,1,L
406-8190236-8071503,Set,1,L
171-6964496-9110706,Set,1,3XL
171-4841147-7138736,kurta,1,XXL
171-2618311-5781103,Set,1,S
403-7426930-8328332,Set,1,L
408-5032952-5365914,Set,1,3XL
171-9756562-5605125,Set,1,XS
171-6119140-3025952,kurta,1,3XL
404-1998983-8727519,kurta,1,XXL
405-7243285-7805954,kurta,1,S
404-4649070-7598704,kurta,1,3XL
403-7400694-6205165,Western Dress,1,L
171-8029613-8892354,Set,1,XXL
404-8224743-1689926,Set,1,L
407-2403655-3307557,kurta,1,M
171-7401522-7375529,kurta,1,M
402-5301346-5738725,Western Dress,1,L
406-4779651-9889154,kurta,1,XS
405-4664249-0844353,Western Dress,1,S
404-9046907-0269129,kurta,1,XXL
407-7097282-5673111,Top,1,XS
402-1443463-1321126,Set,1,S
171-5675144-9125137,kurta,1,L
171-6377512-2609112,Set,1,S
404-0223846-0165948,Set,1,3XL
408-3422842-3401925,Western Dress,1,S
405-7531559-8317135,kurta,1,XS
402-3229464-2251531,kurta,1,XL
171-7487285-6725957,Set,1,XS
171-7487285-6725957,kurta,1,XS
171-2609938-5399538,kurta,1,L
171-2609938-5399538,kurta,1,L
404-0115685-6235536,kurta,1,XL
404-8223145-1753103,kurta,1,XXL
405-3532641-5665145,kurta,1,L
407-2571329-0466767,Set,1,3XL
402-4820146-5105949,kurta,1,L
171-4647129-7159532,Top,1,3XL
408-2794874-8661950,Western Dress,1,L
405-5201785-6826744,Top,1,M
408-3798732-2221169,kurta,1,L
406-8368391-2781931,Set,1,XS
403-4535246-6534703,Western Dress,1,L
403-4535246-6534703,Western Dress,1,L
408-2810924-0651548,Set,1,M
406-2837706-6789950,Set,1,S
406-0199355-6538766,Top,1,XXL
405-0009977-7977942,Western Dress,1,L
407-7003522-9691510,Set,1,3XL
407-3459424-1238726,Set,1,L
406-6008887-7790704,Set,1,S
406-4491845-1148331,Set,1,XXL
404-3681605-6434767,Set,1,S
404-4239667-0121925,kurta,1,XS
407-6882257-3878763,Set,1,L
408-1873706-6719512,kurta,1,XXL
404-4961421-7232361,kurta,1,3XL
408-1859137-8359527,kurta,1,L
403-6273317-5233109,Set,1,L
406-0663972-1116307,Western Dress,1,XS
408-1635615-1987546,Set,1,XXL
402-0004504-9481170,Set,1,L
407-9487738-4994712,Set,1,XS
408-7906333-2685163,Set,1,M
403-5182418-7283511,Western Dress,1,XL
405-7995076-5833961,Set,1,L
404-7368945-4726700,Western Dress,1,L
402-0873736-2971522,Top,1,3XL
408-5165373-6386761,kurta,1,M
402-3059656-8925103,Set,1,L
407-7700663-5593162,Set,1,3XL
407-7700663-5593162,Set,1,3XL
408-6368574-7481911,kurta,1,3XL
408-6368574-7481911,kurta,1,3XL
171-1483109-5809129,kurta,1,S
404-4250637-1866702,Set,1,XXL
407-6270138-6135507,Western Dress,1,M
402-8357015-5667556,Set,1,L
406-0316856-2896312,Western Dress,1,S
171-8235080-4858734,kurta,1,S
403-7712687-1610728,kurta,1,XL
404-5949263-8792340,Western Dress,1,S
405-1890239-2163529,Set,1,3XL
408-8406581-4574757,kurta,1,M
403-8311038-8729931,kurta,1,M
404-4045577-8710719,kurta,1,XL
406-7524622-3503557,Set,1,L
171-0961840-8997154,kurta,1,L
405-7036705-5132303,Top,1,M
171-7355069-5960327,kurta,1,M
171-2429693-9197107,kurta,1,M
404-2725899-8089119,kurta,1,3XL
404-3180875-1469123,Western Dress,1,XL
407-8445743-4484353,kurta,1,XXL
403-3516241-1420309,Western Dress,1,L
404-2721325-5518721,kurta,1,S
405-2501789-1695507,Western Dress,1,XL
408-7519181-3970746,Set,1,L
405-1876035-2776337,kurta,1,M
404-0992702-4781903,Set,1,XS
406-1924296-1197115,Set,1,L
403-8221279-4766708,Set,1,XS
405-7366212-5751514,Set,1,XL
408-6806398-7267550,Set,1,XXL
406-4702038-6769127,Set,1,XXL
408-8802420-7489124,Set,1,S
408-2289093-2729930,Top,1,XXL
402-3829104-1804308,kurta,1,3XL
407-5439938-7061140,Western Dress,1,3XL
406-4388299-4064316,Set,1,M
408-7081781-1282751,Western Dress,1,S
407-6769951-0273956,kurta,1,XXL
407-0005561-1307509,kurta,1,XS
408-3308117-9173929,Western Dress,1,L
171-2529314-1866720,Western Dress,1,L
405-3829732-1177159,kurta,1,M
407-2563113-6475500,Western Dress,1,XXL
408-4430555-9840321,Set,1,XL
407-8988387-5132346,Set,1,L
407-8988387-5132346,kurta,1,L
408-7924353-8243527,Top,1,S
404-2615717-7445951,Set,1,M
403-8616092-1924316,Western Dress,1,L
405-4441268-4177962,kurta,1,M
403-9421356-5861113,Set,1,XXL
403-3182182-0741167,Set,1,XXL
408-4522325-7740336,kurta,1,L
402-1280496-4063559,Set,1,M
406-3448601-1796362,Set,1,XL
404-7736139-8545927,Set,1,S
407-7511068-2985131,kurta,1,S
408-4956756-1202719,kurta,1,XXL
404-9850038-7305941,Western Dress,1,S
408-9527698-4492311,Set,1,XXL
404-5512687-4725941,kurta,1,M
404-5512687-4725941,kurta,1,M
403-0238732-1017170,kurta,1,XL
403-0238732-1017170,Set,1,XXL
407-0493033-2020369,kurta,1,M
408-6833303-3484336,kurta,1,L
408-6833303-3484336,kurta,1,S
408-6833303-3484336,kurta,1,L
408-6833303-3484336,kurta,1,S
407-2919028-0005954,Western Dress,1,M
404-4708525-0388315,Western Dress,1,L
402-1614404-5719510,kurta,1,XXL
406-0217572-5021175,kurta,1,S
402-5504613-9401128,kurta,1,L
402-5504613-9401128,kurta,1,L
407-6862347-2850729,Western Dress,1,S
408-2664579-6812346,Western Dress,1,XXL
408-6132400-2598740,Set,1,L
407-9125053-1494700,Set,1,XS
407-2330406-4168345,Western Dress,1,L
406-7469533-4088315,Set,1,XL
407-2554906-1997157,Western Dress,1,S
403-2617994-0722709,Top,1,L
408-8519720-6993906,Western Dress,1,S
171-6428279-1575537,kurta,1,XL
404-0454948-0914710,kurta,1,S
408-9478252-2461956,kurta,1,M
408-0070111-9265134,kurta,1,3XL
402-3033423-6177922,Set,1,XS
407-0925582-8722703,Set,1,XS
407-5859088-4423531,kurta,1,L
404-4273349-2807508,Western Dress,1,S
406-8948395-3973965,Western Dress,1,L
402-1505070-9503505,kurta,1,L
171-2292301-1150707,Western Dress,1,L
403-7533411-5033951,kurta,1,3XL
403-8766273-3737925,Western Dress,1,L
403-8815178-9572314,Set,1,XS
171-8102768-5977909,Western Dress,1,3XL
402-8171830-3340334,Western Dress,1,S
402-8171830-3340334,Western Dress,1,XS
407-7480519-4893954,Set,1,M
406-1724042-4778710,kurta,1,L
406-4594310-4771517,kurta,1,M
408-2650001-1937938,kurta,1,XL
406-5993741-9923511,Set,1,M
407-0513906-0181917,Top,1,XXL
402-4205129-6537115,kurta,1,L
405-1092307-0148340,Set,1,XXL
407-4222006-2923552,kurta,1,M
408-8806797-3736344,Set,1,XL
402-9583643-1213140,kurta,1,L
405-7096691-5521141,kurta,1,M
171-1662796-6012356,kurta,1,XL
406-9163464-3661947,kurta,1,S
403-4314121-2585926,kurta,1,L
405-3377365-1067544,Western Dress,1,S
403-2726919-9201112,kurta,1,XXL
407-8379789-7838750,Top,1,XL
171-5366761-1856352,Western Dress,1,XS
407-0433788-5519551,kurta,1,M
403-0100953-9864335,Set,1,L
403-2564747-2533126,Set,1,L
171-8991569-0916350,Set,1,L
171-5463480-2895516,Top,1,XXL
403-9244604-7558713,kurta,1,XXL
406-9123640-5257162,Set,1,L
406-9841170-7894702,Top,1,XL
403-4958886-9343506,Set,1,XL
403-4958886-9343506,Western Dress,1,XL
403-4958886-9343506,kurta,1,XL
403-4958886-9343506,kurta,1,XL
403-4958886-9343506,kurta,1,L
405-0103519-2985123,kurta,1,XXL
405-1825351-3177136,Western Dress,1,M
407-3633245-2395540,Western Dress,1,L
171-1802461-7993112,kurta,1,L
171-9521791-0775515,kurta,1,XS
408-9040680-7880335,Western Dress,1,L
407-7794716-3089923,Set,1,S
402-9125342-4238715,kurta,1,S
405-6417824-4700326,Set,1,M
403-5280932-6702729,Set,1,L
404-7957358-0169111,kurta,1,XXL
403-3463016-4775506,Set,1,L
404-4756686-1779556,Set,1,XL
406-1618799-7039518,Set,1,XS
407-0720234-2512301,Set,1,S
407-1464907-7291531,Set,1,XS
405-6579818-7977108,Top,1,M
406-9041446-5397925,kurta,1,L
404-7294579-9413128,Blouse,1,L
171-8136921-8558704,Set,1,XL
171-9993443-4221961,Western Dress,1,XL
404-3894889-2282733,kurta,1,XXL
408-6391800-8514741,Top,1,XL
402-5084895-8426754,Set,1,L
404-8630639-2828303,Set,1,S
171-4154709-0974717,Set,1,M
406-7191094-6481961,Set,1,M
403-3190225-5414740,Set,1,XXL
171-9275827-9641936,kurta,1,XL
405-0118503-4315574,Set,1,3XL
407-0278921-5998710,Set,1,3XL
406-9968404-8197950,Set,1,3XL
403-2038026-2781935,Set,1,M
171-5492818-7175548,Western Dress,1,XS
408-9646523-8093964,Set,1,L
406-4796024-4934740,Set,1,S
407-1707045-3327519,Set,1,XL
404-1331163-0134769,kurta,1,XXL
404-4756595-7382731,Set,1,L
402-1551839-4401946,Top,1,L
405-7659421-0536308,kurta,1,M
402-2000995-9620350,Set,1,S
405-6836711-2334712,Western Dress,1,L
402-7490715-3099502,Western Dress,1,L
171-7235048-3855511,Set,1,XS
405-5789138-9683542,kurta,1,M
405-3522276-4486729,Set,1,L
402-3894670-6033944,kurta,1,XXL
405-7862825-1505956,kurta,1,XL
403-8658114-0824316,Top,1,L
171-0458849-8077153,Set,1,M
408-7294800-0756321,Western Dress,1,S
407-6194466-5702738,Set,1,S
403-6938472-3993108,Top,1,M
405-3941109-6167531,Western Dress,1,XL
405-3941109-6167531,Western Dress,1,XL
406-4351338-4637130,kurta,1,3XL
406-4351338-4637130,kurta,1,3XL
403-0384903-5327553,Set,1,M
403-0860231-6901119,Set,1,L
407-8710339-6680308,kurta,1,L
171-6045077-0160346,kurta,1,S
406-7306898-1114733,Set,1,M
171-9833767-4815543,Set,1,XL
404-9191502-3805115,Set,1,M
407-5776015-9602759,Set,1,XL
403-0688849-1221157,kurta,1,XXL
403-0688849-1221157,kurta,1,XXL
171-4903753-3645944,kurta,1,L
402-3040141-2212323,kurta,1,XL
404-1218682-7101144,kurta,1,S
408-4484172-7681959,Set,1,L
408-4825483-4793956,Western Dress,1,L
408-3519867-2933130,Blouse,1,XXL
404-8255018-0737907,kurta,1,XXL
406-7207357-8249165,kurta,1,3XL
402-1737847-8299537,Set,1,XL
402-4266773-9559560,kurta,1,L
402-6330758-1056318,Western Dress,1,3XL
171-5692682-0491517,Western Dress,1,M
403-8510383-4167504,kurta,1,S
408-9157608-3749930,Top,1,L
408-2671698-5381143,Set,1,XS
171-0658354-4833936,kurta,1,XL
403-6182878-3351551,kurta,1,M
171-9676476-0874759,kurta,1,XL
408-2036384-2699561,Set,1,M
402-8574295-5299508,Set,1,S
406-4667525-9285157,Western Dress,1,3XL
404-9245322-2109169,kurta,1,XL
406-9942132-4511513,Set,1,L
404-6701623-2410712,kurta,1,M
406-9770727-1407546,Western Dress,1,XXL
405-6732090-7228344,kurta,1,M
405-6732090-7228344,kurta,1,M
406-7957850-4963543,Set,1,3XL
406-0148979-6039546,kurta,1,XL
402-6799472-1001915,kurta,1,M
404-2143498-9925918,Set,1,M
404-3128894-0273914,kurta,1,L
403-8647599-0919531,Western Dress,1,XXL
407-5323203-3706735,Set,1,XS
171-8985728-7430769,Set,1,3XL
171-8985728-7430769,Set,1,3XL
403-6050369-8261906,Western Dress,1,XS
406-3388112-4437948,Set,1,XL
171-1805915-1839569,Set,1,3XL
405-4091915-1170705,Set,1,M
405-6855727-0982727,kurta,1,M
405-6855727-0982727,Set,1,M
405-6855727-0982727,kurta,1,M
405-6855727-0982727,kurta,1,XL
405-8108060-4273134,Western Dress,1,M
403-5153884-6781963,kurta,1,XXL
408-7793772-0920313,kurta,1,M
407-8127937-6618709,Set,1,L
407-8127937-6618709,Set,2,M
407-8127937-6618709,Set,3,S
406-7491017-4472358,Western Dress,1,3XL
402-2394940-5213936,kurta,1,M
403-0154996-2690740,kurta,1,3XL
403-0329229-7234755,kurta,1,XL
405-5114540-4073100,Western Dress,1,XL
402-1179902-2756363,Western Dress,1,L
405-6975055-7777156,Set,1,M
402-3785418-9018710,Set,1,XL
406-9576512-4733132,kurta,1,M
408-2444381-9203541,Top,1,XS
171-2054618-0266757,Top,1,XS
408-1343557-4779537,kurta,1,XL
171-7209308-0474715,kurta,1,XL
408-3030203-5330708,Top,1,XS
408-5827027-6397110,Set,1,XL
407-9672219-3753162,Set,1,M
405-0741159-6989918,Top,1,S
405-5929424-1707516,Western Dress,1,XL
402-8799746-7060327,Set,1,S
402-2739680-7973102,kurta,1,M
404-3579795-0585914,Set,1,XL
407-6978807-5680333,Western Dress,1,L
403-9578936-6765948,Western Dress,1,XXL
406-8618900-5819526,Western Dress,1,M
171-5268849-1287517,kurta,1,L
403-0757324-4723526,Set,1,XL
407-4109226-9135565,kurta,1,M
405-6832731-6098703,Western Dress,1,XXL
407-6108528-3423530,Western Dress,1,S
406-5150186-0537933,Set,1,XXL
402-3144879-1933949,Set,1,XL
406-5400234-8572333,kurta,1,L
171-7033281-4308323,kurta,1,M
403-2158895-8773136,Set,1,XXL
405-1170384-2286727,Western Dress,1,L
403-6950840-8259518,kurta,1,M
402-8791125-7210711,Set,1,L
408-6617498-3121945,Set,1,XL
404-1216732-8822720,kurta,1,XL
408-7080551-8188330,Western Dress,1,XXL
405-9611331-8939503,kurta,1,3XL
405-3105169-2224314,Western Dress,1,S
404-5208295-7527538,Set,1,M
171-8914741-9889103,kurta,1,XS
402-1355175-8561123,Set,1,L
404-8820466-5037105,Western Dress,1,XL
404-6590868-7988318,Set,1,L
403-1122033-2802706,Set,1,XS
403-5363586-2567530,kurta,1,XS
403-5363586-2567530,kurta,1,L
408-1677619-1417132,kurta,1,L
406-2341408-5801160,Set,1,S
403-8756211-4475556,Ethnic Dress,1,L
171-1973872-1961105,Western Dress,1,L
171-9873239-6336327,Top,1,3XL
403-4165764-9363536,Set,1,L
405-0368967-4620330,kurta,1,XXL
405-0368967-4620330,kurta,1,XXL
405-0368967-4620330,kurta,1,XXL
402-0046374-4850756,Western Dress,1,M
406-9816002-3353943,Top,1,XL
406-9816002-3353943,Top,1,XL
405-2669429-1620341,kurta,1,L
408-7438332-0705158,Western Dress,1,S
404-9386000-7852301,Set,1,XS
408-8708936-2305913,kurta,1,3XL
402-5476923-6398710,kurta,1,M
408-6794677-9094719,kurta,1,XL
404-5340473-8480369,Top,1,XXL
407-8628768-0400311,kurta,1,3XL
407-8096094-9189113,Top,1,M
402-1878414-2086752,Set,1,XXL
171-5695560-4499522,kurta,1,XL
403-2510636-8528351,Top,1,3XL
403-7179672-4617901,kurta,1,M
406-3776057-1441132,Top,1,XXL
407-2153184-6361105,kurta,1,XL
404-9556804-2961963,Set,1,L
171-7857979-2076311,Set,1,XL
404-7147074-8290723,Set,1,L
404-5080540-7441945,kurta,1,L
171-3058419-6618712,Set,1,3XL
403-4038217-9777137,kurta,1,L
406-7317995-0627543,Set,1,L
408-0663417-0144319,Top,1,S
407-4454123-9117133,Set,1,M
408-8874202-0068361,Set,1,L
402-1719252-1612310,kurta,1,3XL
408-6396019-3427569,Set,1,S
171-1913437-3724352,kurta,1,S
405-1826653-5856305,kurta,1,M
405-2966980-8682767,kurta,1,M
406-2940142-6607514,Set,1,3XL
405-1462811-8209123,kurta,1,S
402-5646908-0619557,Set,1,XL
402-8345761-0249115,Set,1,S
405-9583170-5101912,kurta,1,3XL
405-8019587-4609122,kurta,1,M
406-5614129-9972361,kurta,1,M
171-9525812-9205143,kurta,1,XXL
403-6316141-5897914,Set,1,M
402-4053819-2148366,Western Dress,1,3XL
402-4369386-6325905,kurta,1,XXL
406-9768169-9160300,kurta,1,3XL
406-6010801-8902757,kurta,1,M
402-3369165-9427550,kurta,1,XXL
171-5948484-8916328,kurta,1,L
171-7494775-7201919,kurta,1,XXL
402-7809949-0893903,kurta,1,M
404-4825381-2089154,kurta,1,XS
403-2515567-0197169,Set,1,3XL
404-7605305-8492367,Set,1,L
405-4643076-8663514,kurta,1,L
407-8454310-6880366,Western Dress,1,XS
405-9951035-9727540,Set,1,M
171-7183766-3613121,kurta,1,XXL
402-7359414-9569107,Set,1,M
403-8957339-7397146,Set,1,XXL
407-2258760-0985948,Top,1,XL
407-2258760-0985948,Top,1,M
407-2258760-0985948,Top,1,L
402-3661714-8669933,Set,1,XL
402-0149409-7474736,Top,1,M
402-5249260-4708310,Set,1,S
171-0284932-4676327,Set,1,XL
405-4502765-8552316,Western Dress,1,XS
403-3079149-7822765,kurta,1,L
406-4739066-2497157,Western Dress,1,XXL
406-4739066-2497157,Set,1,3XL
402-7223177-7591549,Western Dress,1,S
404-6179860-5769144,Set,1,XXL
404-9081646-2533905,Set,1,XL
171-6058924-3184352,kurta,1,XXL
406-0346755-6146760,Western Dress,1,M
171-0040752-7826747,Western Dress,1,L
407-7029572-0147503,kurta,1,XXL
407-0224884-2777161,Set,1,XL
408-3150157-1807526,Set,1,XS
407-7831783-9451521,Set,1,L
403-2514166-6360361,Set,1,M
408-8927030-7796338,Set,1,XS
402-3299685-6668313,kurta,1,M
406-2740509-6630730,kurta,1,XL
406-5053321-8272349,kurta,1,3XL
405-2246042-5226760,Western Dress,1,L
406-0217671-1993144,kurta,1,XL
407-0147607-1481947,Set,1,3XL
408-0013632-8449155,Set,1,XS
408-3018702-1578716,kurta,1,3XL
402-6535378-3825101,kurta,1,XL
171-3949019-1613129,Top,1,L
407-2192411-4223514,kurta,1,S
404-2497796-3878710,Set,1,S
171-8176678-5790725,Set,1,M
407-9556327-5006742,kurta,1,3XL
405-2392102-7265961,Set,1,XXL
402-6545256-2492329,kurta,1,XXL
402-6929513-3822750,Western Dress,1,M
402-3915768-3145119,Set,1,3XL
405-0975544-9505137,Western Dress,1,XXL
171-6901952-6099528,kurta,1,L
402-5923900-5210733,Western Dress,1,3XL
171-9755170-7978756,Western Dress,1,XL
408-6737227-5211546,Set,1,XL
408-8011263-3587538,Set,1,S
403-7583894-3294733,Top,1,XS
405-6468251-0520349,kurta,1,M
405-6468251-0520349,kurta,1,M
404-0655270-7283518,Set,1,XL
404-0728553-7313148,Set,1,XS
405-8796340-1467515,Western Dress,1,S
407-9014903-9386744,kurta,1,3XL
408-9443029-2665149,kurta,1,L
171-4801686-2285141,Set,1,XL
407-1077523-2267551,Set,1,3XL
405-6122366-9861969,kurta,1,M
408-1583964-6440355,kurta,1,M
171-6441585-8859552,kurta,1,XXL
408-1942655-6166710,kurta,1,XXL
406-1696878-9866710,kurta,1,M
403-1582863-4561101,Set,1,M
408-8300621-9585116,Western Dress,1,XL
171-4269581-3112343,Set,1,S
171-5681315-8373950,kurta,1,XL
408-0066312-3826764,kurta,1,L
407-9116204-1164312,Set,1,M
171-2153123-7679555,Set,1,3XL
404-0697618-0775538,kurta,1,M
403-6585172-1691534,kurta,1,L
171-7491703-2469916,kurta,1,M
402-8867348-4610705,Set,1,L
404-2068547-4281942,Western Dress,1,XS
171-4227397-6707506,Western Dress,1,3XL
405-9298139-5805900,kurta,1,3XL
405-4871859-8971533,Western Dress,1,XXL
407-4733154-6873949,Western Dress,1,S
407-8524887-0527526,Set,1,3XL
407-4210111-4216308,Set,1,XS
402-1584229-3597130,Set,1,M
407-3310117-9825946,Saree,1,Free
405-7767060-1624301,kurta,1,L
402-7581662-1557919,Set,1,M
402-9773680-1153926,Set,1,3XL
407-0421445-8155509,kurta,1,M
407-1935587-6773151,Western Dress,1,L
406-0184091-9452361,Set,1,XS
408-9939859-4617925,Top,1,XXL
406-9311804-5840357,Set,1,L
406-9311804-5840357,Set,1,L
403-2056597-0163506,Top,1,S
407-9355755-9846734,Set,1,3XL
407-6811278-7683533,kurta,1,S
408-2331753-4558746,kurta,1,S
408-2331753-4558746,kurta,1,S
406-2766830-6697958,Set,1,XL
407-2188857-4003556,kurta,1,M
407-9303072-3641965,Top,1,S
407-0093181-9534734,kurta,1,L
404-6713501-6473104,kurta,1,L
408-9625925-0571537,kurta,1,XL
405-7824624-5343541,kurta,1,XXL
408-2525013-0531555,Set,1,3XL
405-0066217-7119579,Top,1,3XL
171-4590671-2349142,Set,1,3XL
404-8722930-9674709,Top,1,M
171-2538336-7129125,kurta,1,L
402-2032299-0071554,kurta,1,XL
402-2032299-0071554,kurta,1,XL
407-6359554-4272303,kurta,1,S
408-7819804-3741113,Set,1,M
171-8567006-5529155,kurta,1,M
408-9916211-0240357,kurta,1,XL
407-1935006-7550701,kurta,1,L
402-1460164-7230703,Set,1,3XL
404-0296972-9468312,kurta,1,XL
407-9179859-3377966,Set,1,L
407-0359730-4469142,Western Dress,1,S
405-3765193-4412350,kurta,1,L
403-0040533-6155556,kurta,1,L
405-3701168-7621159,Western Dress,1,S
171-9052160-1177909,Western Dress,1,L
406-8099750-4815562,Top,1,L
171-8185719-8822711,Western Dress,1,L
403-2242337-1507541,kurta,1,XL
171-8584413-8043553,Set,1,L
407-2142256-5217135,Western Dress,1,XL
404-2292614-1527525,Set,1,XL
403-7667704-8705107,kurta,1,XXL
406-7487386-3114713,Top,1,S
171-0713828-6520364,Set,1,M
408-3917436-0533145,kurta,1,XXL
402-0409777-4133905,kurta,1,L
171-8809912-4827501,Set,1,3XL
405-7077539-3955508,Set,1,L
402-6643318-3075568,Top,1,M
405-5112056-7825100,kurta,1,XXL
404-0695356-7249948,Set,1,XL
408-7065176-1090740,Western Dress,1,3XL
408-2136764-6503541,Set,1,3XL
408-2136764-6503541,Western Dress,1,XXL
171-8102232-6005927,kurta,1,M
408-4553421-3240348,kurta,1,3XL
402-2179784-8811554,kurta,1,XXL
402-0284070-5237902,Set,1,L
402-8674315-0475531,Set,1,L
408-0429310-0176336,kurta,1,L
171-2506532-7756357,Set,1,XL
407-0825959-1695543,Set,1,XS
408-5436438-4967549,kurta,1,M
171-5638960-4355523,Set,1,XS
402-1784142-6988318,Set,1,XL
403-5841696-3953920,Set,1,XL
405-2836995-9653122,Set,1,XL
407-3428169-2656312,kurta,1,3XL
407-0196854-6506770,Set,1,M
407-4584871-8124320,kurta,1,M
407-6715117-1698714,Set,1,L
405-5510101-0760316,Set,1,L
171-6669249-3213157,kurta,1,L
404-2199008-2967558,Set,1,3XL
407-4693624-9941950,Top,1,3XL
402-3839820-4073118,Top,1,M
171-2944315-9498707,kurta,1,S
404-7813413-0001146,kurta,1,XL
406-3270010-5237158,Set,1,XS
408-9970090-8725115,kurta,1,XL
405-6213485-9561910,kurta,1,XXL
404-9956521-6968345,Set,1,S
404-9956521-6968345,Set,1,S
408-8857698-6661146,Set,1,3XL
403-7235247-3859547,Western Dress,1,M
407-0241873-8304315,Set,1,L
171-7254727-6353131,kurta,1,3XL
408-7112456-7357964,Set,1,M
405-3511941-0255556,Set,1,XS
171-8341647-1431502,kurta,1,3XL
408-6419081-4945133,Set,1,XXL
408-2679691-6909122,Set,1,3XL
405-2432489-2269132,kurta,1,S
408-2812647-3650729,Set,1,XS
402-6664261-3121939,Set,1,XL
404-0127840-8828378,Set,1,L
402-1672334-2089115,kurta,1,L
405-7759543-3661112,kurta,1,XL
402-1563024-4131523,Set,1,XL
404-3034502-3718732,Set,1,M
406-6353735-8977909,kurta,1,XL
408-6486601-6049156,Set,1,3XL
408-6486601-6049156,Set,1,3XL
404-0924032-8501900,kurta,1,L
405-7963726-2558718,kurta,1,XL
407-9260070-7183503,kurta,1,M
405-4417548-7060314,Set,1,XXL
404-3548306-7750768,kurta,1,S
403-0561446-6828368,kurta,1,3XL
403-0561446-6828368,kurta,1,3XL
403-0561446-6828368,kurta,1,3XL
403-0561446-6828368,kurta,1,3XL
403-0561446-6828368,kurta,1,3XL
403-0561446-6828368,kurta,1,3XL
403-0561446-6828368,kurta,1,3XL
404-0531700-3242727,kurta,1,XXL
406-6395433-2590732,kurta,1,XL
406-1571434-7297151,Set,1,L
406-0703797-8136306,Top,1,S
404-3006335-1133153,kurta,1,S
404-3006335-1133153,kurta,1,L
402-4528115-8741109,kurta,1,L
171-1433026-7591540,Set,1,L
408-8778560-2980345,kurta,1,3XL
407-2139381-5158709,Set,1,S
407-8492015-9779551,kurta,1,XXL
171-1756149-0478710,Top,1,XS
405-9952535-9204345,kurta,1,S
405-9952535-9204345,kurta,1,S
405-9952535-9204345,kurta,1,XS
406-8246466-5023547,Top,1,S
406-3769912-0051504,Set,1,XL
402-6034063-6016369,kurta,1,L
171-9784946-3440307,kurta,1,L
406-8412102-9304332,Western Dress,1,3XL
171-6367916-8499508,kurta,1,L
408-2019980-0739539,kurta,1,M
171-3944923-2386723,Set,1,S
408-5715164-8329919,kurta,1,XXL
408-8339814-7333140,Set,1,3XL
402-6957301-0768360,Western Dress,1,M
403-2822208-4193945,Set,1,L
403-5817055-0001135,Set,1,3XL
408-0472665-1769104,kurta,1,XXL
402-6492226-9537127,kurta,1,XL
408-9821605-4583537,Western Dress,1,L
402-2289665-3735524,Top,1,M
406-3928944-5915553,kurta,1,XXL
406-3928944-5915553,kurta,1,XXL
406-3928944-5915553,kurta,1,S
402-4411074-9089165,Top,1,L
406-2635905-3243536,Western Dress,1,XXL
406-9348104-7870751,Top,1,M
406-7519796-1229902,Western Dress,1,XXL
405-3385595-0004318,kurta,1,M
171-0159806-5854727,kurta,1,M
407-4244286-6204359,kurta,1,XL
407-4244286-6204359,kurta,1,XL
404-3361705-1801966,kurta,1,XL
408-9261242-5478713,kurta,1,XS
402-5968592-6276349,Set,1,XL
403-9637149-8581908,kurta,1,M
407-1116848-8625135,kurta,1,XXL
406-9312977-2044363,kurta,1,XL
407-1943362-4615548,Western Dress,1,M
171-8125573-0225166,kurta,1,L
171-8125573-0225166,kurta,1,L
402-9485008-2364350,Set,1,XL
406-6687077-1488329,Western Dress,1,XS
408-3363121-6123562,Western Dress,4,XS
408-3363121-6123562,Western Dress,1,S
408-3363121-6123562,Western Dress,2,XS
408-3363121-6123562,Western Dress,1,XXL
408-3363121-6123562,Western Dress,1,L
408-3363121-6123562,Western Dress,2,M
408-3363121-6123562,Western Dress,1,3XL
171-7143601-4847531,kurta,1,XL
405-4892436-2034763,kurta,1,XL
405-4892436-2034763,Western Dress,1,L
407-8525724-3617905,Set,1,XXL
171-8412976-0633122,Set,1,S
404-0177140-9854746,Set,1,L
407-6219293-4551522,Set,1,S
406-7389507-4438767,Set,1,XL
171-2191298-3753161,kurta,1,XL
171-9641132-5961913,Top,1,XL
405-5585096-3097168,kurta,1,L
407-0988190-6516304,Western Dress,1,S
407-0988190-6516304,Western Dress,1,S
406-8525415-8723544,Set,1,XS
408-0097844-5757903,kurta,1,XXL
402-5215938-6935513,kurta,1,L
405-2316930-4760337,kurta,1,L
408-4990745-6468334,Set,1,M
404-9819578-5149105,Set,1,3XL
171-5676896-1680307,Set,1,M
171-7738768-5605132,Set,1,S
403-5063195-7548330,kurta,1,3XL
402-3075465-5313134,kurta,1,M
405-1029690-5193934,Set,1,XXL
407-0781679-8873101,Western Dress,1,XS
407-0239074-9685101,Western Dress,1,L
171-1687588-5890754,kurta,1,L
171-1687588-5890754,Western Dress,1,L
405-4869296-8849925,Set,1,3XL
405-4869296-8849925,Set,1,XXL
406-2559746-5693109,Top,1,XL
407-4713236-3737912,kurta,1,3XL
407-5195946-2953118,Set,1,XL
171-3422038-5581969,kurta,1,XL
402-1719990-5397953,Set,1,XS
405-7959602-8612324,kurta,1,XXL
408-2714882-5497157,kurta,1,3XL
405-0055961-2557173,kurta,1,L
403-5843214-3929939,kurta,1,S
403-5041967-5149156,Set,1,S
403-0965058-3436309,kurta,1,M
407-6167384-4595501,Top,1,XS
406-0010117-3470761,Western Dress,1,L
407-1665592-4854761,kurta,1,3XL
404-3008038-8191521,kurta,1,XXL
403-7765415-7416353,Set,1,S
406-0219577-2210725,Western Dress,1,L
403-1280510-7423546,kurta,1,XXL
403-6192645-8278723,kurta,1,XXL
408-0599264-4561919,Top,1,3XL
402-2304268-4258716,Set,1,XL
402-8142670-6409119,kurta,1,XL
406-4398767-3023562,kurta,1,3XL
403-0659562-7505140,Set,1,XXL
402-3364944-3299550,kurta,1,XL
402-0285595-7841953,Set,1,L
403-2287305-2693154,Set,1,M
408-9063551-4173103,kurta,1,S
408-2012092-2039536,Set,1,XL
404-4643614-6710731,Top,1,XS
405-8181958-9639523,kurta,1,S
404-3538477-6177931,Set,1,XS
404-3538477-6177931,Set,1,XS
406-0926267-3950747,Set,1,L
406-5077636-2105902,Set,1,M
402-9092142-0745902,Set,1,XL
403-1572983-4607566,kurta,1,XXL
404-5735725-1280344,kurta,1,M
408-4442471-1201147,kurta,1,XS
408-0800375-3913946,Set,1,L
407-9343010-3590727,kurta,1,M
407-0351395-2369175,kurta,1,XXL
408-5022395-1769158,Western Dress,1,S
402-7729567-9061957,kurta,1,M
407-7319482-0664351,kurta,1,XXL
407-6542766-0833966,kurta,1,S
404-4515268-8661137,Set,1,L
404-9982635-1566750,Western Dress,1,XS
171-7705552-5509961,kurta,1,XL
403-9797794-9908335,Set,1,XL
408-1981246-7577134,Western Dress,1,XXL
402-3506010-3097960,Set,1,M
408-0101360-1861938,kurta,1,M
406-3726084-0626727,kurta,1,XXL
407-8850334-8493124,kurta,1,M
408-1220305-2909901,Set,1,XL
403-5316727-1043568,Top,1,3XL
406-1586513-4364303,kurta,1,XL
404-4274958-5973132,Set,1,XXL
171-5596994-3299529,Set,1,XL
407-8110065-4205930,Set,1,M
407-4897912-7991554,kurta,1,XXL
171-0959814-3689143,kurta,1,L
404-0505429-6661145,kurta,1,XXL
171-4367319-2837925,kurta,1,XL
408-1376346-3157101,kurta,1,L
171-7258960-2639555,Set,1,S
402-8503054-6929128,kurta,1,L
405-6941556-4837965,kurta,1,L
406-1373033-5301128,Set,1,S
404-5851618-7076331,kurta,1,XXL
407-7460299-7032318,kurta,1,XL
407-7460299-7032318,kurta,1,XXL
405-5273645-9689129,Set,1,S
408-4761113-1416342,Set,1,XXL
407-4183080-5765940,kurta,1,XL
406-0657573-0665935,kurta,1,XL
402-2254317-8574739,Set,1,L
408-9603437-2623524,kurta,1,L
402-2714029-2876362,Set,1,L
403-9276050-9585121,Western Dress,1,XXL
404-6501687-2424315,Western Dress,1,XXL
171-1567740-0155510,kurta,1,XL
402-5468578-0645923,Set,1,3XL
406-4946234-8483501,kurta,1,M
403-9196665-2594758,kurta,1,4XL
402-7288647-1367553,Western Dress,1,S
404-5222467-7290720,kurta,1,6XL
404-5222467-7290720,kurta,1,6XL
404-0308457-8228338,Set,1,M
402-6190439-8732362,kurta,1,L
171-9830383-7661969,Set,1,XS
407-2353170-4308340,kurta,1,L
404-5089790-1818720,kurta,1,XL
171-4290882-2134704,Set,1,XL
171-3392586-5463542,Set,1,M
408-5518855-2294752,Set,1,S
405-1808234-5891542,kurta,1,3XL
405-6691692-5693101,kurta,1,6XL
404-9160889-4453904,Set,1,L
402-6130294-7516333,kurta,1,4XL
402-1162902-5877136,kurta,1,L
408-5167288-8740343,kurta,1,L
402-1176503-7833922,Set,1,L
408-8540103-9705945,kurta,1,L
408-6264168-5743517,Blouse,1,S
408-7696413-7269111,Set,1,XS
403-3949548-0471553,Set,1,XL
408-8354500-0280313,Blouse,1,XL
402-4254810-3162727,Set,1,M
406-1817748-3661167,Set,1,M
402-6609482-2693961,kurta,1,XL
404-7228823-1112336,Western Dress,1,XXL
402-5725211-8489919,Western Dress,1,XL
407-1696530-0321103,kurta,1,L
404-4196422-5264302,Set,1,L
407-3170629-9943527,kurta,1,6XL
407-3170629-9943527,kurta,1,6XL
404-4244851-3561952,kurta,1,XXL
402-2745745-3642720,kurta,1,XXL
405-1372190-5205926,Set,1,S
171-6366606-1518728,kurta,1,M
405-4459892-2169929,Set,1,3XL
403-3482893-3275532,kurta,1,M
407-0167600-4866779,Set,1,XL
402-8256337-4552336,kurta,1,3XL
405-1418879-6019530,kurta,1,6XL
406-4390357-0127506,Set,1,L
402-1247426-3006764,kurta,1,S
402-1247426-3006764,kurta,1,XS
406-1859439-7894703,kurta,1,5XL
405-5958251-2112363,Bottom,1,M
171-8595241-1013945,Set,1,M
404-7802013-2249961,Set,1,XXL
406-2499972-9721110,kurta,1,L
407-0704933-8141107,Set,1,3XL
171-4059595-6237149,kurta,1,XL
408-9910845-5515527,kurta,1,XL
171-6277960-8769969,kurta,1,4XL
171-4663924-0786745,kurta,1,L
403-6800003-6393131,Set,1,3XL
407-9968288-6151540,Set,1,L
406-0871793-8968366,Set,1,L
406-9286704-0405141,kurta,1,3XL
403-7933802-8872310,kurta,1,XXL
404-7279152-8697943,kurta,1,S
406-4839510-0061164,Set,1,M
404-9894076-6344333,Set,1,L
402-5688471-8874767,Set,1,M
406-5432026-7865923,Set,1,S
404-1292643-2131541,Set,1,XL
404-7605581-5278744,kurta,1,5XL
406-3121774-0588318,Set,1,XS
402-1132826-3973116,kurta,1,XXL
402-1132826-3973116,Western Dress,1,XXL
408-7442725-1694760,Western Dress,1,XXL
404-1066928-1341939,Set,1,L
402-3383523-7258707,kurta,1,M
171-6539024-9161134,kurta,1,3XL
171-3072582-2361105,Set,1,3XL
406-6546734-9753147,Western Dress,1,3XL
403-8598162-3415542,kurta,1,XL
402-0590597-9115514,kurta,1,L
403-7285729-8919552,Set,1,3XL
171-1044265-2668301,kurta,1,M
408-4694808-8174713,kurta,1,L
171-2395279-3368309,Set,1,XL
404-2180421-9302762,Set,1,M
406-0765615-9922714,Set,1,XXL
402-2447407-6217158,Set,1,M
405-7645152-4360367,Top,1,S
403-3825084-9040352,kurta,1,3XL
407-3956003-0942723,Set,1,XL
405-7741588-5286731,Set,1,XL
407-1450568-6693967,Western Dress,1,M
406-2347718-4584355,Set,1,M
403-6850839-9661114,kurta,1,XL
171-7084368-6839503,Set,1,L
404-9456135-0302729,Set,1,L
404-9227362-8717968,Set,1,L
403-5443305-8249923,Set,1,S
171-3777827-1863541,Set,1,XXL
171-8078604-7172307,kurta,1,XL
406-1261188-6793945,Set,1,3XL
407-3498544-2038752,Blouse,1,XXL
408-8523784-1859548,kurta,1,XXL
404-3435314-1445149,Set,1,XS
402-8051304-0844346,Set,1,3XL
406-2913168-2072319,kurta,1,3XL
405-7434008-5616330,Set,1,XL
405-1458506-2589167,Set,1,XL
406-7254153-1081918,kurta,1,3XL
408-1028260-3685953,Western Dress,1,XS
403-6983864-4922715,kurta,1,5XL
171-9829554-1621130,kurta,1,4XL
406-6018239-4341933,kurta,1,XS
171-0775174-9478744,Set,1,XL
171-3047833-8421120,Set,1,3XL
406-1272579-3884327,Set,1,XS
402-5471006-6653923,kurta,1,5XL
406-6080073-3226717,Western Dress,1,L
406-6080073-3226717,Western Dress,1,L
402-9987185-5745906,Set,1,M
402-5192528-4167509,kurta,1,XL
171-4405262-7812314,kurta,1,XL
402-5497585-0966733,kurta,1,5XL
403-6278396-4024336,kurta,1,XXL
404-5895885-8725908,kurta,1,XL
171-7323955-4139507,kurta,1,L
408-1316071-3833944,Set,1,L
403-8626884-8747542,Set,1,3XL
402-5232622-2205938,Set,1,L
405-0210024-0232338,Set,1,M
171-1214236-5142719,kurta,1,XXL
405-6331097-6725938,Set,1,L
402-4671792-1615538,Set,1,M
403-6018961-5781106,Set,1,S
406-0934127-5441135,Set,1,XL
405-1085110-0697906,Set,1,XS
407-5711254-3558767,kurta,1,XL
403-6713929-2217141,kurta,1,XL
407-7816379-0909920,kurta,1,L
406-9890445-5734767,Set,1,3XL
406-7428643-5129168,kurta,1,4XL
406-7428643-5129168,kurta,1,4XL
404-1535470-1534762,Set,1,3XL
406-4348544-6748353,Set,1,M
404-5739398-2076337,kurta,1,M
171-7858725-8707539,Set,1,M
405-2184409-8462726,Set,1,L
408-4286916-8316305,kurta,1,XXL
403-2109930-4413107,Top,1,XXL
408-2899712-6516355,kurta,1,XL
403-8936617-5365103,Set,1,XL
403-0112131-7581103,kurta,1,S
171-4337680-9548367,Set,1,XL
406-2185385-6761938,Top,1,S
408-4086373-5709907,kurta,1,L
408-1078335-9657939,Set,1,3XL
404-2440912-8477149,kurta,1,XL
405-2144569-7167568,Set,1,XXL
403-1127014-2231544,Western Dress,1,XS
407-9941828-8198763,Set,1,XL
171-8505530-4281924,Set,1,XL
402-0113764-5381975,kurta,1,XL
171-6649399-5286702,Set,1,XL
404-2560549-3377116,kurta,1,XXL
408-5470653-7557160,Set,1,XXL
403-3732257-0720359,kurta,1,M
171-9346340-8907540,Set,1,M
407-6472192-7370755,kurta,1,XS
405-4379388-0696329,kurta,1,M
408-0594343-8745944,kurta,1,L
408-5193750-7207558,kurta,1,M
403-4959443-4825966,kurta,1,XS
405-7749754-5973156,kurta,1,XXL
403-3627069-1557123,Set,1,XXL
403-0345979-1857147,Set,1,XXL
405-3207257-8432363,Set,1,L
405-7822850-7361157,Set,1,L
402-5141799-2833161,kurta,1,3XL
408-1999536-4693909,kurta,1,M
408-3875102-8224346,Western Dress,1,M
408-3875102-8224346,Western Dress,1,XS
171-6471900-6985110,Western Dress,1,S
402-9339297-9971503,kurta,1,XXL
171-7486634-0213147,Set,1,L
408-2438465-0225126,kurta,1,L
402-0795665-8543543,kurta,1,M
171-3349605-3365938,Set,1,XS
403-2644411-4912328,kurta,1,M
171-5823586-5111541,kurta,1,S
402-2977419-5084355,kurta,1,M
171-9931488-5073136,kurta,1,XL
408-3419249-3461112,kurta,1,XL
408-3419249-3461112,kurta,1,XL
408-3419249-3461112,kurta,1,M
406-7871605-9893903,kurta,1,6XL
407-0365944-5769136,kurta,1,L
404-5900616-3121159,Set,1,3XL
171-2275335-4908320,Set,1,L
171-2275335-4908320,Set,2,XXL
406-2521850-6481931,Set,1,L
404-7199247-7577959,Set,1,M
407-7219615-1244318,kurta,1,XL
405-3775799-8233119,Set,1,3XL
402-4832944-3085912,Set,2,3XL
408-7313120-3414739,Set,1,S
405-7213182-2748350,Set,1,S
403-0250267-0284362,Set,1,M
404-8746678-2423566,Set,1,3XL
402-2364690-2767527,Set,1,XL
408-6071741-8941164,kurta,1,4XL
406-9242471-5249923,Western Dress,1,M
404-5850483-4309948,kurta,1,6XL
408-3344944-8265110,kurta,1,L
408-1124612-4209125,Set,1,XXL
171-8030572-6768320,Bottom,1,3XL
407-8612155-6837103,kurta,1,M
406-8259306-8140316,Set,1,XXL
404-4075638-3888362,kurta,1,XXL
403-5121358-0151540,Top,1,XS
403-8876373-5086735,Set,1,3XL
402-8409798-7713923,Set,1,M
171-8491002-3058740,Set,1,XXL
406-0268913-2989939,Western Dress,1,XS
404-1904307-1437121,Set,1,L
402-9162189-5669169,kurta,1,5XL
403-6998865-9580315,Top,1,XXL
408-3179847-1283506,kurta,1,5XL
402-3462219-5609905,kurta,1,L
171-0797698-6269114,Western Dress,1,3XL
404-9533930-8666725,Set,1,XXL
406-9228341-5496315,Top,1,S
402-0422784-9307507,Western Dress,1,L
408-2082131-4543554,Set,1,M
404-3061778-2231507,Set,1,L
406-2623476-4525105,Set,1,XXL
406-2950658-1938739,Top,1,L
171-3616027-2213159,kurta,1,4XL
404-4128640-9001947,Set,1,XL
407-3090489-2613149,Top,1,3XL
405-4488497-4891519,kurta,1,XS
403-9557304-9569961,kurta,1,XXL
171-0241499-6238736,kurta,1,L
171-0241499-6238736,kurta,1,L
405-3686965-5053166,kurta,1,3XL
402-3024561-7684339,Set,1,S
407-9155082-5795525,kurta,1,3XL
402-9945403-4889913,kurta,1,M
406-4259778-3938747,kurta,1,M
403-9256454-1999517,kurta,1,XXL
408-6063759-8921944,Set,1,L
403-2171967-7733915,Set,1,M
408-8029737-3823513,Set,1,M
404-6255262-6999558,kurta,1,XXL
407-4568389-7493937,Top,1,XXL
404-0374868-7716329,Set,1,3XL
407-5083212-0769149,kurta,1,6XL
408-2134272-4565118,Set,1,M
408-7963929-7367568,kurta,1,XL
171-7663139-0223567,kurta,1,XL
171-7663139-0223567,kurta,1,XL
402-9318096-1191567,Set,1,L
171-1756786-8622725,kurta,1,L
171-6099677-9316300,Set,1,M
404-4831973-6438744,kurta,1,M
402-8969818-0829959,kurta,1,L
408-9985900-5709104,Western Dress,1,L
171-5498620-1533155,kurta,1,M
171-5447290-1046742,kurta,1,XXL
407-9388432-3685120,kurta,1,XL
408-1944109-2811531,Set,1,XL
408-7969700-0525966,Western Dress,1,XS
406-6483853-4636333,kurta,1,3XL
406-6483853-4636333,Western Dress,1,3XL
405-8641263-3859554,Set,1,M
403-1214954-1022727,Bottom,1,XL
406-5275815-9811531,kurta,1,L
406-1993650-9848342,Set,1,M
171-2816877-6481129,kurta,1,XL
404-6957388-1153936,Set,1,L
407-8150290-9410755,kurta,1,M
171-5818418-9192316,kurta,1,XXL
402-6939544-5985936,Ethnic Dress,1,3XL
407-2140788-0074730,kurta,1,3XL
408-5201940-3506731,Western Dress,1,XL
408-3869664-3889929,Set,1,XL
407-1579700-5232327,kurta,1,3XL
406-6111938-6317131,Set,1,L
402-4810866-8788321,Western Dress,1,L
406-8446811-2005122,kurta,1,L
406-5029049-7584300,Set,1,XS
408-1466076-4962706,Western Dress,1,XL
402-7044920-5398769,kurta,1,XL
403-9140105-7013940,kurta,1,L
407-6634178-4242703,kurta,1,XL
171-1280822-1664366,Set,1,XL
403-1681156-0594717,Top,1,XXL
171-8804082-4194736,Top,1,XL
402-8312059-6837135,Western Dress,1,XXL
402-1773906-1297116,Western Dress,1,XS
405-8406199-0454752,Set,1,XL
405-7032546-3126759,kurta,1,M
402-4124279-1777162,kurta,1,L
404-3058192-1844340,kurta,1,M
404-3058192-1844340,kurta,1,M
404-3058192-1844340,kurta,1,M
404-9596526-7632323,Top,1,XXL
407-5651752-6858760,Set,1,3XL
402-2117143-4417920,kurta,1,3XL
408-6158792-0757952,Set,1,M
406-0450936-2968340,kurta,1,M
171-3355614-1731554,Set,1,L
403-0514962-8476322,kurta,1,M
405-3018611-6958729,Bottom,1,XXL
171-9394103-5224333,Set,1,M
405-1888541-3410755,Set,1,3XL
406-1578056-7543516,kurta,1,M
402-8370841-3685903,Set,1,L
171-9296113-7083541,kurta,1,M
406-0923819-1683513,Set,1,XL
402-4528308-7594739,Top,1,S
408-7139684-9677918,Set,1,M
402-4310756-2767549,Western Dress,1,M
402-8592845-2422767,kurta,1,L
171-8578330-1503511,kurta,1,S
171-5682402-5741144,Set,1,3XL
408-6726455-3384327,Set,1,L
405-0176764-5444310,Set,1,XL
403-8914974-2406719,Western Dress,1,3XL
404-0861202-1899547,Set,1,3XL
404-0861202-1899547,Set,1,XL
405-4242065-0441142,Set,1,XXL
406-3630092-6761158,Set,1,XL
407-7798869-4029144,Top,1,L
402-3376925-1229121,kurta,1,6XL
408-6662708-1397151,Set,1,M
407-3484537-4104318,kurta,1,6XL
404-6201750-0889958,Set,1,L
408-0796625-5229954,kurta,1,L
404-7868177-6976322,kurta,1,XXL
402-2400371-9921928,kurta,1,XL
402-2400371-9921928,kurta,1,XL
402-2400371-9921928,kurta,1,XL
405-3595248-8691561,Set,1,L
402-0673849-6745141,Set,1,XS
403-3800325-0820341,Set,1,L
407-0080054-6965918,Set,1,XL
403-6586245-3058750,kurta,1,XL
405-1908373-2225944,kurta,1,S
408-2990524-7897953,Set,1,XL
405-4843577-6785110,Set,1,M
402-5892382-0394725,kurta,1,S
406-9890098-0613963,kurta,1,L
403-7908993-8545159,kurta,1,M
403-2177922-7499510,kurta,1,6XL
407-8827167-3672301,kurta,1,S
402-9808123-9768331,Set,1,XL
403-0424668-8248325,kurta,1,4XL
403-0424668-8248325,kurta,1,4XL
404-8397159-5417911,kurta,1,3XL
406-8932238-8386702,kurta,1,L
408-2450590-0030755,kurta,1,L
171-0032296-9399564,Set,1,XL
171-5836436-7881936,Set,1,M
402-8568974-4229112,kurta,1,3XL
171-3332051-8914736,kurta,1,6XL
171-7504292-3065137,Set,1,XS
171-2959368-8515518,Set,1,XS
402-9205912-7637900,Set,1,M
171-6253742-5836347,kurta,1,XL
405-3351341-4128333,kurta,1,XL
408-5008310-8953163,Set,1,L
408-5350092-3052346,Set,1,XL
405-7119183-8541921,kurta,1,XXL
405-0031330-7376377,kurta,1,S
403-0530947-6420304,Set,1,XS
403-5012094-6793944,kurta,1,XXL
406-4826539-5021921,kurta,1,XXL
407-2101048-9462759,Set,1,M
406-6846457-8062744,Set,1,L
408-2273197-1445903,Top,1,XXL
402-1613076-9846734,kurta,1,3XL
406-1420442-0623503,Set,1,XL
407-9004675-6972341,Set,1,XXL
406-0073784-3559527,Western Dress,1,M
171-0960239-7878741,Set,1,L
405-6555171-1820332,Western Dress,1,S
402-0528722-5905904,Set,1,L
402-0528722-5905904,Set,1,XL
403-1709662-4108354,Set,1,M
407-7856801-0157923,Top,1,XXL
171-2179202-8137120,kurta,1,XL
407-2847336-7365911,kurta,1,M
407-2474588-1817959,Set,1,M
407-5472515-3070741,Set,1,M
405-7040380-7116357,Set,1,M
403-4201967-0117968,Set,1,S
406-6936978-2566719,Western Dress,1,M
406-3306173-7798761,Set,1,XL
406-5152005-0026704,kurta,1,S
407-1458698-0802742,Set,1,XL
405-7265580-0077923,Top,1,3XL
406-5545939-0337113,Top,1,XL
405-5803716-2010716,Set,1,3XL
403-8893036-0987514,kurta,1,M
407-2044466-4958729,Set,1,M
407-2044466-4958729,Set,1,M
407-2044466-4958729,Set,1,M
407-5609514-9553949,Set,1,XL
402-0505267-0129947,Set,1,XL
406-7757141-9185930,kurta,1,M
171-6383957-9835509,Set,1,XS
402-1907920-6746732,kurta,1,6XL
404-8858486-7061914,Set,1,L
403-1975260-6309903,kurta,1,XL
407-9877260-6913922,Set,1,S
407-4725440-9257128,kurta,1,3XL
403-5784547-6109913,kurta,1,3XL
404-2370279-0752331,Top,1,XXL
404-8835910-5740325,kurta,1,L
404-5375555-5949941,Top,1,3XL
406-5513361-6739525,Set,1,M
408-1003616-9179526,Set,1,XXL
403-8646270-1918762,kurta,1,3XL
403-8646270-1918762,kurta,1,3XL
403-8646270-1918762,kurta,1,3XL
407-2161233-9550733,kurta,1,3XL
406-0119785-8649926,kurta,1,3XL
408-7213935-0672367,Set,1,L
171-1986517-4164346,Top,1,L
407-5484184-8933131,kurta,1,S
403-6695753-0025969,kurta,1,XXL
404-8416906-9503551,Set,1,L
171-9643646-6102724,kurta,1,3XL
403-9659461-1630740,Set,1,XXL
406-7022692-9260306,Western Dress,1,M
406-9772922-6914713,kurta,1,XL
405-5482897-7426744,kurta,1,M
405-0824553-2628366,kurta,1,S
171-8231747-0286718,kurta,1,6XL
402-8327961-1099569,Western Dress,1,S
402-1471138-0977118,kurta,1,6XL
402-1471138-0977118,kurta,1,6XL
407-5656375-9562729,kurta,1,6XL
407-5656375-9562729,kurta,1,6XL
404-4548289-5222737,kurta,1,L
171-9416091-7570758,kurta,1,5XL
406-6859995-6123565,Set,1,XXL
407-5055935-6587550,kurta,1,XL
407-5400302-6697952,Set,1,M
171-6848344-2889120,Set,1,L
402-0799271-6875513,kurta,1,L
402-1962964-2048324,kurta,1,XXL
403-3191892-4025950,kurta,1,M
171-2297091-4451511,Set,1,3XL
408-7868712-8409158,Western Dress,1,S
404-8028055-3057109,kurta,1,3XL
405-8912803-6473955,kurta,1,M
405-8912803-6473955,Top,1,S
404-3414051-4289915,kurta,1,XL
171-5089071-8537166,Set,1,XL
404-6595780-6153114,Set,1,XL
404-5502916-5423553,kurta,1,L
404-5502916-5423553,kurta,1,L
406-7397081-8282728,Set,1,XS
406-8730758-7342751,Set,1,XL
406-7092786-2369113,Set,1,M
408-4714590-7396345,Set,1,XL
404-4895056-0799547,kurta,1,XS
407-6890925-5225926,kurta,1,XL
408-7479923-5471552,Western Dress,1,XXL
171-4574313-9453114,Western Dress,1,M
404-4445603-8187507,Set,1,XL
408-6005714-0461165,kurta,1,L
404-6778848-8161958,kurta,1,L
404-4342119-4999542,kurta,1,L
404-4342119-4999542,kurta,1,L
407-4791752-4322742,kurta,1,M
407-4791752-4322742,kurta,1,M
402-2047121-6833151,Set,1,XL
402-2047121-6833151,Set,1,XL
405-1542926-9763526,kurta,1,XL
406-2193860-4721963,kurta,1,3XL
407-0356125-3304354,kurta,1,6XL
404-9934644-5661909,kurta,1,S
405-6695470-4437938,kurta,1,L
406-7540571-5541102,kurta,1,6XL
408-3874901-4333167,Western Dress,1,3XL
402-2646918-1361927,Set,1,L
171-5522163-5345147,kurta,1,5XL
404-8890956-7362723,Set,1,XL
405-5980722-5448304,Set,1,XS
404-3329569-5485100,Set,1,XXL
402-5895219-1087515,kurta,1,3XL
403-1434641-9501151,kurta,1,3XL
171-8671308-2077144,Set,1,M
402-0813788-9196300,Western Dress,1,L
408-7424512-9293955,Set,1,L
171-1584256-4025906,kurta,1,XXL
407-0753955-9651541,kurta,1,M
408-8058943-8565948,kurta,1,L
408-2534058-6002716,kurta,1,XXL
407-5729195-7645938,Set,1,XS
404-0863635-3194705,kurta,1,L
408-6340168-9465928,Set,1,M
408-4357486-2829936,Western Dress,1,XL
407-2176753-0862702,Set,1,M
403-9303916-0869947,kurta,1,XS
408-3589662-7409915,Set,1,3XL
402-7793911-0219552,kurta,1,5XL
408-5533867-6964335,kurta,1,M
403-1230185-3862745,kurta,1,S
402-8881936-5365158,Set,1,XXL
171-3950304-7141110,Set,1,M
404-4766182-9881141,Set,1,XXL
403-7329124-0896308,kurta,1,XS
402-5003423-6887532,kurta,1,6XL
171-2048981-3843554,kurta,1,XL
408-8711362-9290738,Set,1,XL
171-8037949-0765134,Set,1,XL
406-8212058-2478751,kurta,1,XXL
405-6246105-0804367,kurta,1,L
402-6669769-7444352,kurta,1,XS
402-6669769-7444352,kurta,1,XS
407-2520933-3985946,Set,1,XXL
404-9877605-1346763,kurta,1,5XL
404-6651430-7717112,Set,1,S
404-6651430-7717112,Set,1,S
406-5156525-0563517,Set,1,S
406-5156525-0563517,kurta,1,S
405-9874380-4229959,Western Dress,1,L
405-9874380-4229959,Western Dress,1,L
405-9874380-4229959,Western Dress,1,M
406-1428372-2059504,Top,1,3XL
408-0289702-2591504,Set,1,XXL
403-6524343-0513106,kurta,1,XXL
407-5409795-2929129,kurta,1,L
408-6717800-2401956,Set,1,M
403-1343998-7918704,Set,1,XS
406-3216122-9771568,Set,1,XS
402-0213749-5890737,Set,1,L
403-5529477-1429124,kurta,1,XL
404-1196151-6716315,kurta,1,3XL
403-2506791-2548353,Set,1,L
403-0336194-2110774,Set,1,XL
408-5275585-4125128,kurta,1,L
403-0064258-2272310,Set,1,L
405-2997641-0270704,kurta,1,XXL
407-4145107-2622751,Set,1,XS
402-2464269-1770745,kurta,1,L
408-8291957-6692314,Set,1,L
408-0399869-9799524,Set,1,S
171-7705174-3393101,kurta,1,L
406-8403353-1912336,Set,1,XS
403-0744539-5241965,kurta,1,M
406-0007836-6746758,Set,1,M
408-0891353-8869149,kurta,1,5XL
402-3569359-7397906,Set,1,L
404-9927894-1111552,Ethnic Dress,1,M
407-3343171-5826758,Set,1,L
407-4082608-6248304,Western Dress,1,3XL
407-2276544-7378764,kurta,1,M
402-8173751-0450703,Set,1,L
171-1985221-2770751,Set,1,M
171-2353948-8112322,kurta,1,6XL
404-8077026-0809119,Top,1,XXL
404-9247228-2188330,Set,1,XXL
171-1082237-1227569,kurta,1,M
408-2757848-5690740,kurta,1,XXL
405-9404590-7897917,kurta,1,M
171-5876962-5685937,Set,1,M
408-1246506-5670700,Set,1,L
402-5263222-0513900,kurta,1,XXL
408-6143308-5731540,Western Dress,1,XL
407-3081096-3497161,Set,1,L
407-8671238-6417119,Set,1,M
407-6533032-5139529,kurta,1,M
407-0217008-3399576,kurta,1,S
408-8779933-9845138,Set,1,S
406-6768636-6326731,Set,1,XS
405-2011412-4940309,Set,1,M
408-3311399-1205947,Set,1,XS
171-7410632-3061105,kurta,1,XL
403-2198498-3474728,Western Dress,1,S
403-0356754-2543504,Top,1,3XL
403-0356754-2543504,Top,1,3XL
403-4300582-9122745,Top,1,S
408-8563192-0304304,kurta,1,6XL
407-3791643-3767504,kurta,1,XS
402-8273676-9126746,kurta,1,XL
408-1858296-3045961,Set,1,M
404-0754206-2761159,kurta,1,6XL
402-1418425-4502740,kurta,1,3XL
406-2712223-9219519,kurta,1,3XL
405-4085472-5548352,Set,1,XL
402-3986091-9056307,Set,1,M
408-1604852-7089935,Western Dress,1,M
406-7836011-6201156,Set,1,XL
403-4549471-2105915,Set,1,M
408-2512114-8263552,kurta,1,XXL
407-4291664-0380332,kurta,1,3XL
402-5202411-3101921,Western Dress,1,S
402-0254619-3049178,kurta,1,XXL
406-8645900-6617918,Top,1,XL
402-1380549-0925925,Set,1,XXL
406-3077974-3455512,kurta,1,XL
402-7162625-9877952,kurta,1,6XL
404-4925833-2545913,Set,1,L
403-4111013-9651531,kurta,1,L
171-3051743-3853106,kurta,1,XL
408-5805376-1347554,kurta,1,XXL
171-0310574-6296342,kurta,1,6XL
407-0657829-3498746,kurta,1,5XL
408-1601372-4217945,kurta,1,S
403-3456526-4934769,kurta,1,L
403-3456526-4934769,kurta,1,L
406-0960278-0692367,Set,1,S
402-8703711-8377930,Set,1,XL
407-3287543-4805137,kurta,1,M
406-8490800-0825948,Western Dress,1,XL
407-0493585-2999522,Set,1,M
407-8652137-7959505,kurta,1,5XL
407-6053247-6445138,Set,1,L
408-7103333-4813161,Set,1,L
408-4428779-1075541,Western Dress,1,L
406-1547767-1234721,Set,1,L
171-4382759-7659567,kurta,1,M
403-5643881-2919501,kurta,1,XXL
404-2497137-4237164,kurta,1,XL
407-2789321-2477961,kurta,1,5XL
403-3686516-0655522,Western Dress,1,3XL
403-3686516-0655522,Western Dress,1,3XL
171-2770510-1926724,kurta,1,6XL
171-2770510-1926724,kurta,1,6XL
171-2770510-1926724,kurta,1,6XL
404-1823678-9084323,kurta,1,L
402-4744742-2257923,kurta,1,XXL
406-3784197-6805960,kurta,1,L
407-0846987-7333153,kurta,1,L
404-5761188-7069131,kurta,1,XXL
404-8965727-1480343,Set,1,M
402-2032073-8457930,kurta,1,S
406-3157796-1651517,Western Dress,1,XS
407-1172618-3207506,Set,1,L
404-8815302-1633913,Set,1,XS
404-2045038-4176347,kurta,1,XXL
404-2045038-4176347,kurta,1,XXL
407-9098444-6705919,Set,1,XXL
408-0256003-0911570,Set,1,M
402-6461312-5722713,Western Dress,1,L
171-0189713-4748364,Set,1,M
407-5411580-3092327,Set,1,M
403-0499978-2057911,Western Dress,1,3XL
406-9717043-0801901,Set,1,M
171-4289531-9481110,Western Dress,1,L
405-6493314-5317951,kurta,1,S
402-2450905-7771518,kurta,1,XXL
408-4903391-1320317,kurta,1,XL
402-4334215-9214711,Set,1,M
402-9469272-9854731,Set,1,L
402-2560054-6781943,Western Dress,1,S
405-6890785-0210759,Set,1,3XL
407-5716163-5469111,kurta,1,S
408-3615372-2953116,kurta,1,M
403-7205194-2071526,Top,1,M
402-6312171-9090711,Set,1,XL
404-8444449-6021927,Set,1,XS
406-0597695-5912334,Set,1,L
402-0226384-8738726,Western Dress,1,XXL
402-9665296-9236332,Set,1,L
171-0806419-8528320,Set,1,XS
171-6812761-4379554,Set,1,3XL
408-6176089-0004346,Set,1,M
407-9745200-2629123,Set,1,M
406-3146498-7149151,Western Dress,1,3XL
406-3146498-7149151,Western Dress,1,3XL
402-4469505-9478735,kurta,1,M
404-0013453-5039516,Set,1,XXL
405-6312532-7057160,kurta,1,4XL
171-5903984-0305110,Western Dress,1,M
403-2584853-5258763,kurta,1,3XL
407-4620032-7516361,Set,1,S
404-1387941-2763555,kurta,1,M
405-7082356-2375541,kurta,1,M
402-1252030-0535530,Set,1,XXL
405-8580460-1944312,Set,1,L
405-8126411-4909131,Set,1,3XL
402-3760460-2121924,Set,1,XL
404-6847854-4827521,Top,1,XS
171-3844350-1102743,Set,1,M
406-8936684-0889920,kurta,1,M
404-6068163-5922718,Set,2,S
405-1615462-0821101,kurta,1,M
406-1366298-6792338,kurta,1,3XL
402-3968337-3318727,kurta,1,XXL
402-3968337-3318727,kurta,1,XXL
404-0838476-7105942,Set,1,S
403-3761167-0620324,kurta,1,L
405-7116987-4110714,Bottom,1,XL
402-2045731-4641100,Set,1,M
404-5727563-2469913,kurta,1,L
403-3716330-4133927,Set,1,M
406-6432865-3028306,Set,1,3XL
407-8365243-7891549,kurta,1,S
403-2926115-8921120,kurta,1,6XL
404-1039606-3324313,kurta,1,XL
406-3763250-6625122,Top,1,S
403-7929020-2668333,kurta,1,XL
405-9635894-6849126,Set,1,XXL
406-7498475-4257161,kurta,1,M
408-4152875-4770756,Set,1,4XL
171-4419935-5001946,kurta,1,6XL
171-5510334-0843561,Top,1,XL
408-4940866-9217116,kurta,1,S
406-4848479-4406755,Set,1,3XL
404-2202434-2291520,Set,1,3XL
171-3595243-0409960,kurta,1,XS
402-5223500-7314730,Set,1,M
405-4701344-2871512,kurta,1,3XL
406-2399167-1204343,Set,1,L
403-2038407-1981919,Western Dress,1,M
403-2038407-1981919,kurta,2,L
403-2038407-1981919,Top,1,XL
403-2038407-1981919,Top,1,L
408-0863624-6047557,Set,1,S
406-1465347-1396337,kurta,1,XL
405-5491712-2362768,kurta,1,3XL
403-5999874-2545947,Set,1,M
406-6499103-9656311,kurta,1,6XL
404-0065388-7123547,kurta,1,S
171-0846034-1290704,Set,1,M
407-1690583-1192368,kurta,1,XL
407-1690583-1192368,kurta,1,S
407-9355806-9901114,Western Dress,1,XL
404-4570365-3480321,kurta,1,XL
405-7560625-0409935,kurta,1,XL
403-0148503-8923560,kurta,1,M
404-3874174-4529940,Set,1,M
406-9877364-5813164,Western Dress,1,XS
408-1126847-5776339,Set,1,XL
404-3529376-1809152,Blouse,1,XXL
171-2089208-8896310,kurta,1,L
406-3637585-0460364,Set,1,XXL
404-5411513-2325959,Western Dress,1,XXL
407-7287334-4565926,kurta,1,6XL
406-7620939-9071535,kurta,1,M
406-4513537-7573140,Set,1,XXL
405-3859758-9760339,Top,1,L
406-9438675-8133108,kurta,1,L
404-7263061-3627516,Set,1,M
406-6397577-5479515,Western Dress,1,M
407-9763517-2380338,kurta,1,4XL
407-3404453-6910717,kurta,1,XXL
403-2452799-1556351,kurta,1,5XL
402-8432439-2784343,Set,1,M
407-5432867-3608322,Set,1,M
405-9298294-5123508,kurta,1,M
402-7018628-7787544,Top,1,M
402-2058623-6966748,kurta,1,XXL
403-5458421-2000310,Set,1,XXL
404-1641320-6338735,Set,1,L
171-4846383-5148354,Set,1,L
404-1332523-6223509,Western Dress,1,L
404-1332523-6223509,Set,1,L
404-8074617-0380328,kurta,1,S
405-8031772-6030715,kurta,1,XXL
407-3411777-1033917,Set,1,L
403-4911535-0187545,Set,1,L
402-9061162-5538727,Top,1,L
407-0003813-2229914,Set,1,XL
407-3648954-9531536,Set,1,L
407-0994031-6524344,kurta,1,XXL
408-1522469-4743517,kurta,1,M
171-2188112-5374749,kurta,1,XXL
408-8645221-6683553,Set,1,XS
404-6399841-9026715,Set,1,S
405-1924239-0609954,Set,1,L
171-2238048-1808326,kurta,1,XL
403-2064095-6181120,Set,1,XS
402-0638026-2397947,kurta,1,M
406-2867931-0122759,kurta,1,XL
403-7450855-4765127,Set,2,L
403-7450855-4765127,Set,1,XL
171-8579295-1009916,Set,1,XL
402-2971905-3533967,kurta,1,XS
406-8562597-4432339,Set,1,M
171-7336406-6836366,Set,1,XL
407-2660507-2010738,kurta,1,L
402-3141722-0593104,Set,1,S
405-9785333-1815527,kurta,1,3XL
404-5861284-8286743,Set,1,XS
402-9568418-7426711,kurta,1,L
402-9568418-7426711,kurta,1,M
406-2174516-0333136,Top,1,XL
408-2128892-3504332,Set,1,XS
406-6217870-8326704,kurta,1,XL
407-4431072-0676332,Set,1,M
407-1598389-1563562,kurta,1,XL
408-0973541-7208327,kurta,1,M
408-0973541-7208327,kurta,1,M
404-5338385-0940355,kurta,1,L
408-7030948-8846744,kurta,1,XL
407-6105049-5589966,kurta,1,XXL
402-0905568-6653161,kurta,1,M
408-0207395-1203569,Top,1,S
404-6490924-3038706,Set,1,L
171-5651866-7073155,Western Dress,1,XS
407-0382376-7735519,kurta,1,L
404-8631445-0137169,kurta,1,XL
402-2043142-2257907,Set,1,M
408-6927365-3473913,kurta,1,L
405-2844193-1067539,kurta,1,XL
405-7905623-6754729,Set,1,XXL
405-8827606-1489969,Set,1,M
403-0027654-3299553,Western Dress,1,XL
405-0086880-0098743,Set,1,XL
405-1504774-7327510,Set,1,M
405-1365797-7904344,kurta,1,M
408-5740133-9225964,kurta,1,S
405-8350246-3248306,kurta,1,M
406-6744385-4001948,kurta,1,XL
404-7625300-1190711,kurta,1,3XL
404-1961209-7860330,Set,1,M
408-2648800-1255542,kurta,1,XS
171-5282400-9182705,kurta,1,L
171-2499405-8666743,Western Dress,1,XL
407-6107877-7946735,kurta,1,3XL
407-3655802-7641164,kurta,1,XXL
407-3655802-7641164,kurta,1,XXL
403-6412677-6129158,Set,1,3XL
408-8490743-3028349,Western Dress,1,XL
407-8363139-1204316,kurta,1,L
407-3840564-1310761,kurta,1,XL
408-8258103-0093922,Western Dress,1,XL
408-9094328-4453949,Set,1,3XL
406-7875963-3836359,kurta,1,6XL
408-4678227-9289946,Set,1,M
402-1265531-5529948,kurta,1,XXL
402-1275229-1304309,kurta,1,XL
171-7701720-3956352,Set,1,M
404-5362291-8453931,Set,1,XXL
405-8446673-2878711,kurta,1,6XL
405-6180400-6828360,Set,1,L
403-4987030-0253167,Set,1,XXL
403-4987030-0253167,Set,1,XXL
407-3453482-5112368,Western Dress,1,XL
408-5053768-6076312,Blouse,1,XL
402-1667218-8441153,kurta,1,XL
171-9661242-3991555,Set,1,M
407-3158085-2980330,kurta,1,L
403-0617550-0869148,kurta,1,L
408-0448275-7670704,kurta,1,XXL
406-2199413-3289936,Set,1,L
406-2199413-3289936,kurta,1,L
408-1344010-6642702,kurta,1,M
402-0161803-4593135,Top,1,S
404-6650730-2008335,kurta,1,5XL
403-6915773-7985120,kurta,1,3XL
406-3008507-8411506,Set,1,M
171-2635724-3901953,Top,1,S
406-5523261-4123511,kurta,1,XL
171-5750222-9613933,kurta,1,6XL
407-6794531-3821128,Set,1,3XL
407-9239495-7051507,kurta,1,L
407-0271643-3545169,kurta,1,M
405-3979268-5585943,kurta,1,XXL
402-1769286-1392333,Ethnic Dress,1,L
408-7678698-9097120,Set,1,XXL
402-9559753-3396337,kurta,1,5XL
404-1193637-5413959,kurta,1,XL
403-4386100-2093136,Set,1,L
402-3428562-4401165,Set,1,M
402-5995137-1045931,kurta,1,XXL
406-9788239-3926762,Set,1,S
407-8431157-1871531,kurta,1,5XL
406-0407670-5918732,Set,1,L
402-7514629-7863523,kurta,1,L
171-4099277-2258730,kurta,1,3XL
405-8240515-5765913,Set,1,S
404-6431178-5915550,kurta,1,XXL
405-9311462-5075559,Set,1,3XL
408-6717461-0135532,kurta,1,XL
408-6717461-0135532,kurta,1,XL
171-3105362-0612334,kurta,1,L
403-4756428-4843533,Set,1,S
171-4286918-6255546,Western Dress,1,L
406-7318479-5334701,Western Dress,1,XXL
403-5263134-5133132,Set,1,L
408-6083085-3485112,Set,1,XXL
171-1691132-4077107,kurta,1,6XL
403-4571545-9261928,Set,1,M
406-9940933-9774724,Set,1,XL
404-9414314-8160350,Set,1,L
406-4768556-0416344,Set,1,M
403-7070168-8596369,Set,1,M
403-2978991-1741932,Set,1,3XL
403-9692376-1163541,Set,1,XL
402-2141139-9169107,Top,1,S
403-9787935-8977906,kurta,1,XXL
405-9340313-0341959,kurta,1,XL
408-5113839-6903560,kurta,1,XL
407-9678318-9263559,kurta,1,L
407-9678318-9263559,Set,1,L
404-5891535-7465929,Top,1,S
407-1936195-4038741,Top,1,XL
402-1103458-2829125,Set,1,S
404-6387122-5693965,Set,1,M
171-1331274-4072303,kurta,1,XL
404-1322862-8618729,Set,1,M
405-6527182-4943515,Top,1,S
403-1531631-6927504,Set,1,M
405-6027008-5934756,kurta,1,XXL
407-0582745-2485155,Top,1,L
404-2706718-9344307,kurta,1,6XL
171-8479462-1231500,kurta,1,L
405-0236452-0351525,kurta,1,XXL
408-0349555-5444367,Set,1,XXL
408-0349555-5444367,Set,1,XL
171-3979945-0021949,kurta,1,3XL
405-5878727-0477141,kurta,1,XL
404-8698740-0676308,Set,1,M
171-0658734-0912308,kurta,1,L
407-7804614-4437932,Set,1,L
406-4290937-0876355,Set,1,XXL
406-7396968-3005945,Western Dress,1,XS
406-5561064-0352353,Top,1,S
403-8237996-0645110,kurta,1,XXL
408-5211224-5096337,Set,1,L
404-9186222-1406762,Ethnic Dress,1,XXL
406-1217856-9455532,Set,1,XL
171-2044117-2483512,Western Dress,1,M
408-7167524-2479521,Set,1,XL
403-2950571-7132358,Top,1,M
404-2880131-6745121,kurta,1,M
407-5610754-2171560,Western Dress,1,XL
407-1415545-9143517,Set,1,XXL
404-6752892-7851567,kurta,1,XXL
408-3788894-4782721,Set,1,L
406-8123055-1000331,kurta,1,M
406-2713590-5491552,Set,1,3XL
404-8783085-5517124,kurta,1,L
404-8036507-5448317,Western Dress,1,XL
171-9004707-5249101,kurta,1,XXL
403-8474761-6041104,Set,1,XS
406-9611938-4640331,Set,1,S
407-7059940-5117953,Top,1,S
171-6908199-3891532,kurta,1,XXL
171-6908199-3891532,kurta,1,XXL
171-6908199-3891532,kurta,1,XXL
402-6526846-9482727,kurta,1,3XL
403-2595156-4667510,Set,1,S
406-0652836-7056318,Western Dress,1,XXL
404-7918686-8655538,Set,1,3XL
171-1065900-8206718,kurta,1,L
171-6156390-7974730,Set,1,M
403-2450341-4865947,Set,1,XXL
403-8182216-5678758,kurta,1,XL
403-4733634-1602718,Set,1,L
408-7598474-1675529,Set,1,3XL
171-1592693-6168340,kurta,1,4XL
171-2411733-4364366,Set,1,XXL
408-6381754-4297909,Set,1,3XL
171-5605037-9248335,Blouse,1,L
404-4254033-2056350,kurta,1,3XL
408-8643159-9762731,kurta,1,M
408-8643159-9762731,kurta,1,M
405-3483262-7445126,kurta,1,M
403-2045972-8876361,kurta,1,3XL
405-9185553-3574724,Top,1,M
171-2959356-9841938,Set,1,XL
406-8007392-1184358,kurta,1,3XL
405-7172694-4316367,kurta,1,XL
405-0003290-2848328,Set,1,M
406-2630961-9408321,kurta,1,3XL
408-5402309-1097150,Blouse,1,M
171-4594488-7229154,Set,1,M
407-3685831-3593907,kurta,1,XXL
402-2226081-0729113,kurta,1,XXL
402-2226081-0729113,kurta,1,XXL
171-5838854-3253948,Set,1,XL
408-6800203-3072356,Set,1,3XL
404-6012960-6769109,kurta,1,XL
408-3381857-0421115,Western Dress,1,M
171-6674119-0453959,Set,1,3XL
403-7599586-9565940,kurta,1,3XL
405-8337682-8760341,kurta,1,L
403-7238449-4561927,kurta,1,XS
406-4527471-1243513,kurta,1,XXL
405-3491499-2564364,kurta,1,XL
408-5359802-3679560,kurta,1,M
402-5220084-4101147,Set,1,M
405-0815128-2137958,Set,1,L
402-1406121-6593169,Set,1,M
408-0427880-1163527,Set,1,3XL
171-5964614-9010736,kurta,1,3XL
402-0205190-7176364,kurta,1,XXL
405-5046844-1899548,Set,1,XXL
402-1039573-9527541,kurta,1,XXL
404-1813355-2290758,Set,1,S
402-9299199-2640301,Set,1,XL
405-9790112-5374705,Top,1,XXL
408-6913916-3837108,kurta,1,4XL
406-9600688-4453150,kurta,1,L
406-3991504-7930704,kurta,1,M
403-8941505-0544301,Set,1,XL
171-8603415-9485124,Top,1,S
171-5590887-1802737,kurta,1,L
402-8145349-9097954,Top,1,XL
408-7929552-7076310,Western Dress,1,XXL
408-9926700-8633134,Western Dress,1,S
404-7020606-7450718,kurta,1,5XL
407-0915934-0901158,Set,1,L
407-0915934-0901158,Set,1,L
406-0752469-3334701,kurta,1,S
408-8610194-3493928,Western Dress,1,3XL
402-8366680-9309963,kurta,1,3XL
402-0599899-5561914,kurta,1,XXL
407-3399660-6743560,Western Dress,1,XS
407-1101744-6188314,Set,1,M
404-3538527-5148300,Top,1,XL
402-6640538-5351530,Set,1,S
404-5818181-2194761,Western Dress,1,3XL
406-4757841-8310760,kurta,1,M
407-2876413-6585164,kurta,1,XL
406-1850577-3929160,Set,1,XXL
171-6252064-7417965,Set,1,S
408-3440514-5328310,Set,1,M
403-0904332-6430702,Set,1,S
403-1805620-2139511,Set,1,3XL
405-9370385-4645102,kurta,1,5XL
403-9757413-4367563,kurta,1,5XL
404-4986192-8218712,Western Dress,1,L
403-9209803-7422710,Set,1,3XL
403-4049245-8805948,kurta,1,6XL
403-2879333-1759564,kurta,1,3XL
171-5936882-6042763,Set,1,M
406-2439176-8795518,kurta,1,M
407-4544672-6259553,Set,1,L
407-3942184-0843538,Set,1,3XL
406-5912807-2603559,Western Dress,1,L
407-0238428-6778756,Set,1,3XL
405-1664340-2631514,Set,1,L
407-5721127-8321147,Set,1,L
405-7004723-0141930,kurta,1,M
405-9968478-9600365,Western Dress,1,XL
402-7894485-6766709,kurta,1,6XL
403-0005541-7113115,Set,1,XS
171-0546771-3161112,Set,1,XL
406-5976345-7349918,Western Dress,1,M
171-0937371-3460302,Top,1,S
406-3911779-6993156,kurta,1,L
405-2881139-1715512,Set,1,XL
403-9368600-6048333,kurta,1,XXL
404-0030217-5071519,kurta,1,XL
402-0487627-3255545,Western Dress,1,XXL
407-6168836-8542742,Set,1,3XL
406-9349141-0961112,Set,1,L
404-1642783-3333161,Set,1,3XL
405-0083122-9792363,Set,1,M
408-9500931-1198722,kurta,1,L
408-4803224-9240312,Set,1,M
406-4879077-3890765,Set,1,L
407-4198155-9038716,Set,1,L
407-4198155-9038716,Set,1,L
406-4427711-8634763,kurta,1,3XL
406-4427711-8634763,Western Dress,1,XXL
406-2041693-5310728,Set,1,L
402-1283470-5752351,Top,1,L
407-0153321-6161963,kurta,1,L
404-2009483-0973928,Set,1,3XL
406-7631394-7371551,kurta,1,XXL
406-5663166-3169145,kurta,1,S
407-9657893-2542765,kurta,1,M
406-3260487-6891530,Set,1,M
404-5693751-5491514,Set,1,M
171-2304281-8366725,Set,1,M
403-1334201-5068341,kurta,1,XXL
404-0911246-2373938,kurta,1,XXL
406-7452375-8281122,kurta,1,XXL
406-0799283-6724319,Set,1,XL
408-0246460-2881979,Western Dress,1,XL
407-9873006-4501949,Set,1,M
404-4899986-4952302,kurta,1,L
408-2046202-3385908,kurta,1,XXL
171-7010255-5096347,kurta,1,5XL
171-8873106-3732321,kurta,1,3XL
405-6364734-7584361,Set,1,3XL
408-0016039-3813949,Western Dress,1,M
405-6707607-2869125,Set,1,XXL
404-3366613-7226750,kurta,1,S
407-0290171-6598759,kurta,1,S
405-2620522-2249149,Western Dress,1,3XL
403-1717078-9912333,kurta,1,XL
404-0574554-5625109,Top,1,M
404-2768913-4080300,Set,1,S
407-0083248-1248364,kurta,1,M
408-7930965-1993117,kurta,1,M
403-5667345-0455540,kurta,1,6XL
406-5097653-2895533,Set,1,XS
171-5794116-1741120,kurta,1,3XL
405-0497099-5838760,kurta,1,5XL
402-8399287-8081132,kurta,1,XXL
406-4469647-2291567,Western Dress,1,S
405-6707655-6897929,Top,1,3XL
402-7569598-3067548,Western Dress,1,S
405-6473288-7758722,Western Dress,1,M
406-3512749-3405125,kurta,1,L
408-8263541-1145912,kurta,1,S
405-5266860-7305108,Set,1,XL
402-1730344-4535526,kurta,1,XL
406-7723022-3309953,Western Dress,1,XL
404-7907224-5738705,Western Dress,1,XL
402-3672124-0027543,Set,1,L
403-8772421-8572334,kurta,1,3XL
406-9800294-2925118,Top,1,L
403-7457420-0350751,kurta,1,L
171-9113516-7078742,Set,1,M
406-8126551-5310703,Set,1,S
405-7989250-7944319,kurta,1,XXL
408-9388922-7348310,kurta,1,3XL
402-1919799-8824311,Set,1,S
405-3286875-1450747,kurta,1,5XL
406-5039848-9222752,kurta,1,L
171-5367131-8888312,Set,1,XL
406-5623115-1917115,Set,1,S
406-1853700-8533150,Set,1,S
403-6180251-1586701,kurta,1,M
403-7384105-9561106,kurta,1,L
406-5986870-8097122,Set,1,M
405-1244103-1830742,kurta,1,S
407-2980239-4672342,Set,1,M
406-2188720-9729940,Set,1,XXL
406-2188720-9729940,kurta,1,XXL
402-4481666-8897124,kurta,1,5XL
403-5398072-5201919,Western Dress,1,3XL
171-9376778-8022748,Set,1,S
408-8241854-2652359,kurta,1,L
405-7943249-2302711,Western Dress,1,3XL
406-6583221-8313164,Western Dress,1,XL
171-9938837-5454717,Set,1,XXL
404-5509988-5623567,kurta,1,L
402-6827273-9137956,Set,1,M
406-7240943-2852364,Western Dress,1,S
403-8234146-9884324,Set,1,L
407-0835003-5965938,kurta,1,M
408-1279190-2952350,Western Dress,1,XXL
407-8500005-4479542,Western Dress,1,L
171-5347188-0499547,Set,1,L
406-5836682-4086764,Set,1,S
407-7748968-3505945,kurta,1,XXL
405-6028304-0439513,kurta,1,M
403-5455256-6298734,kurta,1,3XL
402-3095980-2727508,Set,1,L
402-0939435-9124312,Top,1,XXL
406-9779663-2769135,kurta,1,L
404-9982508-8873108,Set,1,S
407-4035425-6312332,kurta,1,3XL
404-7163972-1028352,kurta,1,L
402-3001419-7924353,Set,1,XL
171-7278240-1481925,Set,1,M
406-1745768-4689159,kurta,1,L
407-6067819-1429154,Set,1,M
408-1919156-6001154,kurta,1,S
406-4540871-8892307,kurta,1,XXL
171-7277166-1116358,kurta,1,M
171-7277166-1116358,kurta,1,L
408-8466573-0253923,kurta,1,S
171-9426424-2759569,Top,1,XS
405-5621533-5797941,kurta,1,XXL
403-3896109-9825946,Western Dress,1,L
405-6281221-7475567,Set,1,XL
404-7727027-9501122,Set,1,XL
404-7727027-9501122,Set,1,XL
407-2768751-6199528,Set,1,XS
405-4175702-9621959,Set,1,L
402-2029545-2316367,kurta,1,4XL
405-0077170-8712359,kurta,1,XL
171-7156671-6227553,kurta,1,XL
408-1397516-2636347,kurta,1,3XL
407-5444379-5338756,kurta,1,3XL
407-2414302-0710741,Set,1,M
405-5948869-4787569,kurta,1,4XL
171-8141985-3579523,Set,1,M
408-5481149-1616342,Set,1,3XL
402-4882087-9363551,Set,1,XS
408-4208253-7312360,kurta,1,M
408-4208253-7312360,kurta,1,M
405-9390088-2221955,Set,1,XL
406-1609117-1969900,kurta,1,S
403-5538981-1118743,Set,1,XXL
403-5957015-5550721,Set,1,XL
171-4806185-4258726,kurta,1,3XL
403-3996146-9560308,kurta,1,L
405-8794965-3925139,kurta,1,XXL
406-5666781-2979508,kurta,0,M
406-5666781-2979508,kurta,1,M
404-3495141-1611517,kurta,1,5XL
171-1777094-9451543,Set,1,S
171-8247654-6558748,Western Dress,1,L
408-3434507-0925927,Western Dress,1,XS
408-5200319-3890755,kurta,1,L
403-5982708-2094746,kurta,1,L
402-6897438-6885111,Set,1,M
403-9227021-6321960,Set,1,S
407-7890214-1795531,Set,1,XXL
403-0204196-6252362,Top,1,XL
403-8394129-0263506,Set,1,3XL
408-0721873-2989926,Western Dress,1,L
402-5160967-0057165,Set,1,M
403-6668783-8730708,Set,1,XL
407-2748850-6339541,Western Dress,1,M
407-3590384-1939559,Western Dress,1,3XL
408-2239018-4784332,kurta,1,M
407-2065511-6005140,Western Dress,1,XXL
407-4832117-2485909,kurta,1,M
407-4832117-2485909,Western Dress,1,M
408-7592576-7777944,kurta,1,M
406-5231583-2398767,kurta,1,3XL
402-6346758-8413112,Set,1,M
403-4804006-1066718,Western Dress,1,M
406-8795254-3272306,Set,1,3XL
171-3289870-6656362,kurta,1,M
171-6917619-5401142,Set,1,L
407-9915288-4279517,kurta,1,S
405-4958015-0721136,kurta,1,M
171-1614212-0216336,Western Dress,1,XS
171-1614212-0216336,Western Dress,1,XL
408-5141681-0982725,kurta,1,XL
408-3700148-6364303,kurta,1,XXL
402-3433184-5030734,Set,1,3XL
402-8921269-0541147,kurta,1,L
408-4301094-1065919,Set,1,XS
407-4443312-7632358,Western Dress,1,XXL
404-5639177-7523568,kurta,1,6XL
402-1015316-3116350,kurta,1,3XL
407-6857817-5148301,kurta,1,XXL
406-1686918-5298739,Western Dress,1,M
408-9982347-0698715,Western Dress,1,M
406-9477241-5691558,Set,1,XL
403-2875187-5123513,kurta,1,L
407-7832865-7879520,kurta,1,XS
406-6614318-6843521,Set,1,XL
408-0362612-8085120,Set,1,L
171-9105628-9138752,Western Dress,1,M
405-0725947-1285950,kurta,1,XL
171-7617157-6061127,kurta,1,4XL
171-3283789-8893159,Set,1,L
171-3283789-8893159,Set,1,L
404-1010886-9337144,Set,1,M
403-4441830-6777119,kurta,1,XL
403-6996651-4569950,Western Dress,1,L
408-8443250-2025112,kurta,1,L
404-2912215-9525169,kurta,1,XL
408-3008142-9791534,Set,1,L
402-6194519-2463549,Set,1,M
402-3759199-3177943,Western Dress,1,M
408-7585326-9556340,kurta,1,XL
404-7104065-7332331,kurta,1,XL
171-8921036-9887552,kurta,1,XXL
406-2728887-3548336,Set,1,XXL
405-7464438-1617111,kurta,1,3XL
408-0005358-1236370,Set,1,3XL
408-0005358-1236370,Set,1,3XL
406-7075037-5385107,kurta,1,M
171-0742246-2692307,kurta,1,XXL
171-2075048-2187515,Set,1,XL
406-7996707-4438742,kurta,1,XXL
408-4586791-3180355,Set,1,L
408-1956916-0978731,Set,1,M
408-1956916-0978731,Set,1,M
404-9314804-9179530,Set,1,XL
407-6781102-5875502,Set,1,M
171-8341239-1469162,kurta,1,3XL
402-1086331-8341110,kurta,1,M
408-4141363-2417935,kurta,1,XL
171-6327616-1227515,kurta,1,S
407-3477258-0653119,kurta,1,M
407-3477258-0653119,kurta,1,M
171-4515790-3170744,Set,1,M
403-0387488-1209953,Set,1,L
403-0387488-1209953,Set,1,XL
403-0387488-1209953,Set,1,L
171-6657720-2910751,kurta,1,M
403-8561162-9728350,Top,1,M
407-5197504-0841957,Set,1,XXL
406-1237851-5821126,kurta,1,6XL
405-9390027-6757941,kurta,1,XL
404-0294178-7477961,kurta,1,XL
407-8154165-8281908,Set,1,S
405-1137788-5585156,Western Dress,1,S
406-7359200-3321148,Western Dress,1,3XL
171-3587272-9821934,Set,1,L
403-1062826-4019517,Top,1,S
403-1062826-4019517,Top,1,XS
405-6690274-5055514,Set,1,M
403-9009966-4967530,Set,1,M
171-1242399-4613169,kurta,1,L
407-2336336-4058746,Top,1,XL
402-2473772-7563557,Set,1,L
403-6960188-0773102,Top,1,XS
405-8339949-7618712,Set,1,XXL
408-8612054-3041138,Western Dress,1,M
403-5148632-1494725,Set,1,M
405-9213235-6978741,kurta,1,3XL
407-3621058-5564305,Western Dress,1,XXL
403-8572831-3345923,Western Dress,1,3XL
404-1460490-8085136,Top,1,3XL
403-4936397-0008352,Western Dress,1,XXL
404-8807718-9749935,Set,1,M
402-8605645-2301961,kurta,1,XL
408-0451248-8058745,kurta,1,3XL
403-1841856-0350703,kurta,1,4XL
406-6707936-9960351,Western Dress,1,M
405-3676373-4945111,Set,1,L
407-1573792-3491564,kurta,1,6XL
408-3239954-7092302,Western Dress,1,L
402-7819604-3103500,Western Dress,1,M
408-3862749-0056339,Set,1,XS
403-5485507-0314740,Set,1,M
405-7550680-0129136,Set,1,S
406-5863882-7749154,Set,1,S
402-6317155-0290757,Set,1,M
171-0341195-0529947,Set,1,XS
407-5514383-0749105,Western Dress,1,M
171-7951136-6777103,Western Dress,1,XL
408-1046480-4087565,Set,1,L
404-4434298-6183526,kurta,1,6XL
404-4434298-6183526,kurta,1,6XL
402-1541669-4276325,Blouse,1,Free
404-9793721-7062743,Set,1,S
408-4130225-6079539,Set,1,S
404-9780451-7310739,kurta,1,3XL
405-9787715-6837949,Set,1,M
403-0098168-3006752,Top,1,XS
408-5354886-9357959,Western Dress,1,L
404-1272803-1130764,kurta,1,L
408-5953067-1981955,kurta,1,XL
405-1887924-7725135,Set,1,M
408-5477644-1285157,kurta,1,XXL
406-6071333-8222736,Set,1,M
407-8838250-8078718,kurta,1,XS
407-8922936-5066760,kurta,1,XL
408-2899191-6769931,kurta,1,3XL
407-2291669-8102713,Western Dress,1,L
402-7512213-4757134,kurta,1,XXL
406-7306462-2021932,Set,1,XS
407-0012174-7444359,Western Dress,1,M
171-4788761-6707522,Set,1,S
405-0332121-2328326,Set,1,XS
171-6761668-9849952,Set,1,L
406-2177882-8357120,Set,1,L
403-8852718-6653108,Western Dress,1,L
406-2397699-0187563,Western Dress,1,L
402-7892231-7371540,Bottom,1,L
407-1054731-7865131,Set,1,L
404-7410732-3129927,Top,1,3XL
402-5186928-4265926,kurta,1,3XL
171-5647369-3592325,Top,1,M
406-2102028-7388365,Top,1,XS
405-5795102-4747509,Set,1,XXL
407-4352983-3926705,kurta,1,3XL
171-0455435-0883546,Top,1,M
402-7374699-7421932,Set,1,M
402-7374699-7421932,Set,1,XS
407-7614843-0951556,Western Dress,1,L
402-4677815-2860300,kurta,1,XXL
408-5982361-9059536,Western Dress,1,S
171-9246853-0417166,Top,1,XXL
405-3724204-9444347,kurta,1,XXL
406-3688178-6237124,kurta,1,5XL
402-0776175-5324342,Top,1,M
403-3792049-2554727,kurta,1,S
404-5806618-7287536,kurta,1,4XL
406-6890501-0873109,Set,1,S
171-8249812-4513940,Set,1,M
402-1350280-9483501,Top,1,S
402-1134078-0443560,kurta,1,4XL
403-5062082-9332330,Top,1,XS
402-5976694-4644344,kurta,1,L
407-7366359-3232355,Set,1,XL
171-4027904-7697131,kurta,1,M
402-1160783-5053169,kurta,1,S
407-6501925-9198705,Top,1,3XL
402-8712579-0313904,Western Dress,1,XL
406-4084044-4821123,kurta,1,6XL
402-1039325-7916368,kurta,1,M
404-0854358-8721151,Set,1,S
403-6498872-8123517,kurta,1,L
405-7171356-7245944,Set,1,L
408-9937747-2747531,kurta,1,L
402-0402793-3577155,Set,1,M
406-8337504-6926762,Set,1,M
408-0406372-0506736,kurta,1,S
403-7609036-2997943,kurta,1,M
405-3657989-0679536,Set,1,3XL
405-3687155-8374713,Set,1,S
402-7265144-4333119,kurta,1,XXL
404-3521160-7058759,Western Dress,1,XL
404-8508099-4301106,Top,1,XXL
171-2008392-1783513,kurta,1,4XL
402-1539344-7632320,Set,1,M
403-7362634-8956345,kurta,1,3XL
402-3988691-9076320,Western Dress,1,XXL
405-5614480-1682753,Set,1,XL
407-5596434-0769105,Set,1,3XL
403-6511782-4436336,Set,1,M
402-4456170-8793152,kurta,1,XL
403-6709338-0137164,Western Dress,1,XXL
403-0154426-2149179,kurta,1,4XL
408-5190815-3153918,Set,1,L
171-8895759-8878765,Western Dress,1,3XL
402-0356132-4605166,Set,1,XXL
402-4320075-7581164,kurta,1,S
402-4320075-7581164,Set,1,S
171-2834072-2273139,Western Dress,1,L
403-5453554-6994711,Western Dress,1,XXL
402-4487975-5793150,kurta,1,XL
406-4709276-5013157,kurta,1,M
403-8034450-5729126,kurta,1,3XL
403-8034450-5729126,Western Dress,1,3XL
408-4450782-8254705,kurta,1,M
406-7525667-0640348,kurta,1,XS
407-3208766-8966710,kurta,1,3XL
406-7035505-1797921,kurta,1,L
405-9719537-1306727,kurta,1,3XL
405-2205862-3265133,Set,1,3XL
402-3973886-1891511,kurta,1,M
405-0482812-7652343,kurta,1,3XL
402-5784359-9274712,Set,1,XXL
407-2665146-7097930,Set,1,L
407-2665146-7097930,kurta,1,XXL
404-6985320-0171547,Western Dress,1,M
408-0807513-4618729,kurta,1,3XL
402-3010573-2461150,Set,1,S
405-7269510-9971518,kurta,1,S
406-7239366-6505922,Set,1,M
408-7810532-1621155,Set,1,XL
407-9098796-8941118,Top,1,XXL
406-2557323-2721127,Set,1,L
402-2920126-3017100,kurta,1,L
403-6188281-8410708,Set,1,XXL
171-0515508-9326733,Top,1,3XL
406-4964952-9171515,Set,1,XXL
407-2747442-6464311,Top,1,XS
407-5646933-2697918,kurta,1,XL
403-1200820-4119501,kurta,1,S
403-1200820-4119501,kurta,1,S
402-5910263-4752359,kurta,1,L
405-5133199-9141922,kurta,1,XXL
408-2138373-0809115,kurta,1,L
402-8584686-6479540,kurta,1,M
406-0587112-0093902,Set,1,L
407-4310696-6530752,Set,1,S
404-1759583-9449930,Set,1,XL
402-0243343-9731533,Set,1,XL
408-5438428-0498731,kurta,1,XXL
408-1101756-6211556,kurta,1,L
171-5806984-6052361,Set,1,3XL
408-0668881-5729906,kurta,1,L
402-9921656-9209958,kurta,1,M
402-9921656-9209958,kurta,1,M
408-1776219-5120327,Set,1,L
407-6743121-8805119,Western Dress,1,XL
407-9395696-1399504,Set,1,S
407-0620500-1907568,Set,1,S
408-0234943-3409932,Set,1,XXL
405-2319716-8905149,Set,1,L
405-1475013-5687525,kurta,1,L
404-4270223-2455532,Western Dress,1,XL
402-4089331-5273949,Top,1,M
406-9447226-7717913,Set,1,M
408-4994602-9693155,Set,1,M
408-7261498-2137101,Set,1,L
403-4005192-1572321,Set,1,L
404-8966504-9095531,Set,1,XL
405-2918191-1122734,kurta,1,XXL
402-4592488-4216345,Set,1,M
408-6254631-5262717,Set,1,XL
407-2233258-2865136,kurta,1,3XL
402-2872936-7612343,kurta,1,S
403-3248039-4823502,kurta,1,3XL
403-7214213-8979527,kurta,1,XL
405-5767300-9323508,Set,1,S
406-4374650-2214715,kurta,1,S
171-0555540-5115506,kurta,1,XL
404-7701332-6297127,kurta,1,L
406-5249521-6184310,Blouse,3,Free
402-4003610-3161169,kurta,1,L
403-6480343-1421154,Set,1,M
408-6964361-5213913,kurta,1,4XL
402-4313672-7213944,kurta,1,XL
408-4123353-5537957,kurta,1,L
171-9403959-0981941,Set,1,XS
408-8082273-6361911,Western Dress,1,XL
406-0227418-3015518,Top,1,XL
402-7103495-1476327,Western Dress,1,S
406-9610690-4459564,Top,1,S
406-9610690-4459564,Western Dress,1,S
405-8735551-6526736,kurta,1,XXL
407-3828403-9996324,kurta,1,XL
408-5715451-6797159,Set,1,M
403-3376748-0155502,Set,1,M
408-0320100-7569955,kurta,1,XL
403-0895877-7397109,Western Dress,1,L
407-3150852-9285148,kurta,1,XL
407-3150852-9285148,kurta,1,XL
402-3123921-4949939,Top,1,M
405-2598851-0601104,kurta,1,XL
404-7798801-9491545,kurta,1,M
406-0276623-8853969,Set,1,M
407-9088300-1195551,Set,1,XL
171-4687091-1057106,Set,1,L
404-8623910-2271525,Set,1,XXL
171-9776471-9311557,kurta,1,L
402-0670618-4837911,Top,1,XS
405-7810056-4449944,Top,1,L
404-0713816-5110766,Set,1,S
405-3885266-7013123,Western Dress,1,XXL
408-6573707-8610735,Set,1,M
402-7668856-0789906,Western Dress,1,M
403-5713213-8502730,kurta,1,M
404-9365790-8203566,Top,1,XXL
402-6133022-5893132,Set,1,XXL
403-3761703-7058735,kurta,1,S
404-0332978-0954715,Blouse,1,M
402-2922177-1493131,kurta,1,M
402-8792071-8824345,Western Dress,1,XXL
404-1445673-1345134,kurta,1,L
171-2453326-6313144,Set,1,M
408-8624074-9828342,Set,1,XXL
408-4468274-4049919,Western Dress,1,3XL
171-3572716-7638764,kurta,1,XXL
406-7787738-0017126,Western Dress,1,S
403-6099492-7475535,Set,1,M
402-3547933-1598701,kurta,1,L
408-4858463-2356347,kurta,1,M
402-7697834-2682766,Top,1,XXL
402-7031777-0396341,Western Dress,1,XS
408-1235521-4337163,Western Dress,1,L
403-3845187-4421165,Western Dress,1,XL
171-1835528-9515557,Western Dress,1,L
407-3443436-4510708,Western Dress,1,M
408-0730692-6026747,Set,1,3XL
407-3165269-1194731,Western Dress,1,M
171-2320443-6127563,Western Dress,1,L
402-3890557-2185149,Set,1,3XL
407-8148061-4084353,Western Dress,1,XXL
405-7578712-9960320,Set,1,M
171-8262036-7396339,Set,1,XL
404-9674095-7041128,kurta,1,XL
408-7891501-1393915,Set,1,M
408-7891501-1393915,Set,1,M
405-8584178-5101966,kurta,1,XL
404-8874122-8743552,Western Dress,1,XL
407-7570887-8013113,Western Dress,1,3XL
408-5384140-8465103,Set,1,L
408-2671397-6563516,Set,1,3XL
171-7643678-4025934,kurta,1,XL
404-6615642-5476348,Set,1,3XL
406-7807144-5063543,Set,1,3XL
408-4160478-4949143,Western Dress,1,S
171-4336198-0844362,Top,1,XS
403-2391051-0249167,Top,1,3XL
403-2680363-1237958,Set,1,XS
408-6553155-3830703,Top,1,M
408-6553155-3830703,Top,1,M
403-1750171-3817921,Set,1,M
404-4193171-1449933,kurta,1,XXL
403-9810681-1817140,Set,1,L
407-9497325-8561935,Set,1,XL
403-2595882-9787511,Set,1,L
171-7986788-8605146,Top,1,XXL
402-7930018-8407512,Western Dress,1,XL
403-0736013-3940338,kurta,1,S
402-6523725-9445100,Set,1,L
402-4776266-0177960,Western Dress,1,XL
407-4995699-3510700,kurta,1,XXL
408-4763190-7206717,Western Dress,1,3XL
403-7406534-5987564,Set,1,3XL
408-1350052-0241160,kurta,1,XXL
402-5339105-3217158,kurta,1,5XL
171-2169845-9796307,kurta,1,XL
408-5564513-7823506,Western Dress,1,3XL
403-9149094-4965938,Set,1,S
403-9149094-4965938,Set,1,S
405-3607901-8698729,kurta,1,XXL
404-7920226-5773169,Set,1,XS
403-7773076-5061904,Western Dress,1,M
404-2909904-1308301,Western Dress,1,XL
402-7233553-8314762,Western Dress,1,3XL
407-9955862-3831523,Set,1,3XL
408-8236219-6067504,Set,1,S
402-8049339-9198736,Western Dress,1,L
171-1822144-4502737,Set,1,XS
402-9170198-4888308,Top,1,XXL
402-2346651-6160336,kurta,1,XL
402-2346651-6160336,kurta,1,XL
402-2346651-6160336,Western Dress,1,L
402-2346651-6160336,kurta,1,XL
402-5937800-8656361,Western Dress,1,XL
171-8872256-8581107,kurta,1,M
403-5381737-4235507,kurta,1,S
171-5491886-9530718,Set,1,M
402-6637572-6658710,Set,1,XL
402-7818381-2141121,Set,1,M
402-7818381-2141121,Set,1,M
402-9922343-8350743,kurta,1,3XL
403-5000355-1058733,Western Dress,1,XXL
405-1665636-0235561,Set,1,XL
408-5416841-0398762,kurta,1,M
406-9398949-0553921,Western Dress,1,XL
403-0830826-3115548,kurta,1,XL
408-1884615-3317140,Western Dress,1,3XL
405-2586698-4175526,kurta,1,L
405-2586698-4175526,kurta,1,L
404-8483406-5797166,Top,1,L
406-9044201-9498734,Western Dress,1,XL
404-3503446-9739531,Set,1,XL
402-3913511-4745929,Western Dress,1,S
402-0126890-2539528,kurta,1,XL
403-8270117-5050743,Set,1,XXL
403-0402075-4637925,Western Dress,1,L
408-9113969-1382712,Ethnic Dress,1,M
405-4492243-3583526,kurta,1,L
408-5081284-4087545,Western Dress,1,L
408-1738372-8701132,Set,1,M
406-8732459-8998750,Western Dress,1,XS
406-2512134-8259531,Top,1,XL
405-9167952-3901115,kurta,1,L
171-0319749-3467528,kurta,1,XXL
402-1084018-6307564,Western Dress,1,L
171-4159663-2161900,Western Dress,1,XXL
402-2064234-2445136,kurta,1,S
407-1326750-1493960,Top,1,M
402-0802305-2699559,Set,1,L
171-2056641-9472360,Set,1,XL
406-2084085-1366707,Western Dress,1,L
408-0390281-2104352,kurta,1,3XL
408-8678200-5500319,Top,1,3XL
408-0233894-9998774,Set,1,M
408-9014017-5037154,Set,1,XXL
404-8551292-8977145,Set,1,3XL
402-5726603-0755523,Western Dress,1,XXL
406-5382737-4757938,kurta,1,XL
408-0563659-1020348,Western Dress,1,L
407-0681799-4061925,Western Dress,1,L
405-9047942-8892364,Western Dress,1,XL
407-3312852-7909912,kurta,1,M
405-7203154-7926729,Western Dress,1,3XL
406-4722540-4325151,kurta,1,3XL
403-1431342-5345145,Set,1,XL
402-3129179-0749965,kurta,1,L
403-2388768-9793909,Set,1,XXL
171-2469688-6745101,Set,1,XS
408-5430823-1578700,Top,1,XL
406-9313894-6701904,Western Dress,1,M
405-2576408-1885141,kurta,1,XL
404-1901566-8732342,Top,1,XXL
408-7324449-7240344,kurta,1,S
407-9253455-3032307,Set,1,XL
408-1512701-8024347,kurta,1,M
408-1512701-8024347,Western Dress,1,M
404-3193087-3999557,Western Dress,1,S
408-7272031-0371526,kurta,1,XL
406-0292412-7809958,Set,1,M
408-5360432-5813151,kurta,1,S
408-3461842-2081920,Set,1,XXL
408-3461842-2081920,Set,1,XXL
408-6737930-3789114,Western Dress,1,M
402-2394398-0682735,Set,1,L
405-1766259-3610725,Western Dress,1,M
171-5844246-0209102,Set,1,XL
406-8043786-6040319,Set,1,3XL
403-4129507-0759566,Set,1,XL
402-7914537-3523552,Western Dress,1,L
402-1956260-3929908,kurta,1,S
405-3949847-5870734,Set,1,XL
404-9218160-9182769,kurta,1,M
407-7789802-5937107,Western Dress,1,S
403-5976582-3542707,Western Dress,1,XS
171-3225184-9032326,Set,1,S
407-9773262-9660335,Set,1,XL
405-3391944-5904313,Western Dress,1,XL
402-3849925-4208311,kurta,1,L
405-2545501-9787550,Western Dress,1,3XL
171-5657822-4080351,Set,1,L
404-9785279-5481112,Western Dress,1,L
408-2759454-7027516,Set,1,S
406-0643099-2511563,Set,1,XL
408-0338417-3148319,Set,1,S
408-0338417-3148319,Set,1,XL
402-4611045-4313116,kurta,1,XS
402-2274754-6723504,Western Dress,1,M
402-2261614-6593156,Set,1,XL
404-8921647-6525126,Set,1,M
406-2928230-8788363,Western Dress,1,XL
408-1313915-3328335,Western Dress,1,S
408-0550121-4389924,kurta,1,M
402-9435235-3564360,Set,1,M
402-7963816-0067556,Western Dress,1,M
408-4369578-2690702,Set,1,L
407-5239539-5542722,Western Dress,1,M
406-0481887-7137937,Western Dress,1,XL
407-9386713-5693146,Set,1,L
404-5421968-4875509,Western Dress,1,S
403-3360965-9649945,Western Dress,1,M
404-3564532-5349147,Western Dress,1,M
408-1130970-8755520,Set,1,L
407-1454074-5798728,Set,1,XS
405-5436817-0228339,Ethnic Dress,1,S
408-8645392-8413143,Western Dress,1,M
404-7120146-1093969,Top,1,S
171-4358882-3195568,Western Dress,1,M
171-4358882-3195568,Set,1,M
403-9104339-5587515,Top,1,L
407-4552963-9498767,Top,1,S
402-7942375-7983512,Western Dress,1,XXL
405-8879878-0324314,Top,1,L
407-5858184-2170763,Set,1,L
403-8675864-3821104,Western Dress,1,XL
403-5427447-6560353,Set,1,XL
405-9569558-8422702,kurta,1,XL
408-3982800-6785146,Set,1,3XL
406-1382847-5465114,Set,1,M
406-7827033-3538736,Set,1,XL
402-9204656-4380325,kurta,1,XL
406-7491848-1017104,Western Dress,1,XXL
407-5366179-7446761,kurta,1,XL
171-2558690-3797924,Set,1,XL
405-3057514-1878767,Western Dress,1,M
405-0231083-5375544,Western Dress,1,M
403-8023416-6649167,Set,1,M
408-3315668-7252307,Western Dress,1,S
171-2241276-0799566,Western Dress,1,M
403-8728211-7876323,Western Dress,1,XL
404-9236500-1361906,Set,1,L
403-0492802-3703546,Top,1,S
403-6116513-2663550,kurta,1,S
171-4773185-1481952,kurta,1,3XL
407-3093695-6286701,kurta,1,XL
405-7715089-0868316,kurta,1,XS
404-3759125-1241958,kurta,1,XS
403-3337371-2778750,Top,1,M
406-1813489-1390755,Western Dress,1,L
171-3343065-8758738,Set,1,3XL
171-9022101-1617113,kurta,1,5XL
408-6560647-7987502,kurta,1,3XL
402-2942715-0621953,Top,1,S
171-3739546-1905106,kurta,1,S
408-9452224-5623507,kurta,1,4XL
406-7055418-2742724,Top,1,XS
408-4786102-5613167,Bottom,1,S
408-1410383-8398705,Set,1,XS
404-7601089-5422750,Western Dress,1,M
406-8238704-6645937,kurta,1,L
405-0226430-0519563,Set,1,L
406-3069524-1681153,kurta,1,M
402-7598658-2561961,Set,1,XXL
404-1540328-6970769,Western Dress,1,M
408-4633193-0952308,Western Dress,1,S
404-2303375-0613123,Set,1,XL
408-0796059-9564310,Set,1,M
171-6888095-8401128,Western Dress,1,S
403-2988090-2789134,Set,1,M
406-5679624-8632306,Set,1,XXL
408-6711306-5706760,Set,1,M
406-0347864-4085161,Set,1,L
404-1803574-5709940,kurta,1,XL
403-4123598-1642707,kurta,1,XL
403-1327057-9311554,kurta,1,3XL
403-1327057-9311554,kurta,1,3XL
406-5800090-9485943,Western Dress,1,XXL
407-2414990-0938731,Set,1,S
406-3938309-8931529,kurta,1,XXL
406-8789687-3497131,Set,1,XL
406-1982573-1502700,Set,1,L
406-1982573-1502700,Set,1,L
404-0656252-1477910,kurta,1,6XL
405-9082537-8633111,Western Dress,1,S
402-4105843-8777145,kurta,1,S
402-4105843-8777145,kurta,1,S
403-7209460-4457134,Set,1,XS
408-0772717-5223563,kurta,1,3XL
406-0716613-7385916,kurta,1,L
405-3609688-8650757,Western Dress,1,XL
403-4648336-2594718,Western Dress,1,XXL
402-3555066-3229912,kurta,1,3XL
404-7857037-1305901,Set,1,S
405-1196234-1909168,Western Dress,1,M
406-9862314-8770727,Western Dress,1,XL
403-9546141-7492325,Top,1,M
403-9546141-7492325,Top,1,L
406-5175041-0284339,kurta,1,M
406-2833040-7467533,Set,1,XL
404-1841379-6375532,kurta,1,S
405-7060648-6355569,Set,1,XL
408-7370041-4217118,kurta,1,5XL
406-2833370-2208311,kurta,1,4XL
407-6945195-9167518,Western Dress,1,S
408-3986211-5094704,kurta,1,3XL
408-3986211-5094704,kurta,2,3XL
408-3986211-5094704,kurta,1,3XL
402-9743540-9438712,Western Dress,1,L
404-0280275-2431533,Top,1,L
404-9881968-3152349,kurta,1,M
403-3284189-1639557,Western Dress,1,3XL
403-8866490-4393154,kurta,1,XL
408-1506223-9129918,kurta,1,XXL
406-7637112-2029107,Western Dress,1,3XL
408-1208566-1673952,Set,1,3XL
171-0406401-0247514,kurta,1,XL
403-5033161-7598703,Western Dress,1,XL
403-9198901-1618747,kurta,1,XL
404-0201020-7770704,Western Dress,1,XL
407-2896774-4142754,Set,1,XL
405-4446784-2251543,Set,1,L
405-4446784-2251543,Set,1,XL
404-6715908-4722725,kurta,1,M
406-8134609-5722762,kurta,1,XL
408-7123255-6768338,Top,1,XXL
403-2769820-9904364,kurta,1,M
404-8062995-7260328,kurta,1,L
402-0968739-3741967,Set,1,M
403-6234551-3054748,Set,1,S
402-5981108-9386759,Set,1,3XL
406-5306120-2760340,kurta,1,M
171-0126540-3038753,Set,1,3XL
408-5506182-4962732,Set,1,XXL
402-2173060-3756358,kurta,1,XXL
408-3742709-6218733,Western Dress,1,XS
171-9444032-8843562,kurta,1,S
403-6905397-1642756,kurta,1,M
408-5272930-3701954,kurta,1,L
407-4531024-2632330,Western Dress,1,S
407-2907206-7086746,Set,1,M
406-8987033-1900359,Set,1,L
406-6390570-8501912,Set,1,XXL
171-3121250-3414749,Set,1,XS
171-6351608-1144362,Set,1,M
404-5708393-7500364,kurta,1,S
405-9498744-0469158,Set,1,3XL
405-9007010-0193163,kurta,1,XS
403-3901547-8371542,Western Dress,1,3XL
404-8008865-4349941,kurta,1,3XL
171-9612354-7831504,Set,1,M
406-2829692-2654739,Western Dress,1,XS
408-1103163-1265911,Set,1,XXL
402-2070168-9009909,kurta,1,L
406-3783643-1039558,Set,1,S
402-9132376-0355525,Set,1,S
404-0324811-1134738,Top,1,M
402-4103768-0729146,Set,1,S
171-1640214-6081939,Set,1,XS
407-8626893-4705957,Western Dress,1,L
171-1435117-4107529,kurta,1,3XL
406-9397645-9872346,Set,1,XS
404-6543499-9845138,kurta,1,XXL
406-1804929-7507501,Set,1,L
404-3479240-2655522,Top,1,M
406-0707440-1425152,Western Dress,1,L
406-9752437-5109106,Western Dress,1,XL
404-9343426-4926726,Set,1,3XL
407-4176572-7221142,Set,1,L
408-0681607-1624350,Set,1,XL
404-1421024-4870766,Set,1,3XL
402-9854430-6426768,kurta,1,3XL
408-8804911-5257146,kurta,1,XL
402-4665386-2110759,Western Dress,1,S
405-8469445-5990763,kurta,1,M
407-0040356-9247523,Western Dress,1,M
407-8295573-8774764,Set,1,L
405-5322579-0206730,Western Dress,1,L
403-0277407-4664366,Western Dress,1,XXL
403-4872130-3962703,Set,1,M
402-4047820-7423522,Bottom,1,3XL
404-9070915-7072328,Set,1,L
406-8110471-1007546,Western Dress,1,XL
403-4245842-1840340,Set,1,M
402-5031375-8474763,kurta,1,S
402-5031375-8474763,kurta,1,S
407-7859640-7197124,Set,1,L
402-6316254-9389158,Western Dress,1,3XL
406-9956984-9717118,Set,1,M
406-1117294-9190744,Western Dress,1,XL
408-9423950-3232300,kurta,1,XL
408-6324694-6678752,Western Dress,1,M
402-0549206-7793934,Western Dress,1,3XL
402-8649924-5224310,Set,1,M
171-4526342-9085163,kurta,1,3XL
405-2322241-9297125,Set,1,XS
408-6629574-8158753,kurta,1,XL
171-1546028-0033141,Set,1,XL
406-7746052-3049118,Set,1,XL
405-8770627-4833165,kurta,1,XL
402-0405661-5646768,Western Dress,1,M
407-9758460-8822765,Western Dress,1,XS
171-0710720-3199553,Western Dress,1,XL
405-7987292-3363554,Set,1,L
407-7791028-6677956,Set,1,XS
171-4391794-3309135,Top,1,L
408-0834649-0456344,Western Dress,1,XL
402-3024282-7704338,kurta,1,6XL
402-6123528-5780341,Western Dress,1,XXL
408-9584570-9357933,Set,1,S
406-5549752-0412345,Set,1,S
402-1782277-8021963,Set,1,M
404-2259519-5132336,Top,1,M
406-9911230-2165934,kurta,1,S
408-5373898-7821926,Top,1,M
408-7210534-3169940,kurta,1,M
404-2359527-4088355,Set,1,XL
402-8118685-8437115,kurta,1,M
402-8118685-8437115,Set,1,M
406-9333439-1000363,Top,2,3XL
171-8861966-4225919,kurta,1,M
402-6296213-5849103,Set,1,L
171-8742266-1811501,Set,1,S
406-2992839-7385165,Set,1,M
402-4559462-5398757,Western Dress,1,L
404-3979418-1468343,Set,1,M
408-9310852-6380304,Western Dress,1,L
406-6613007-3276309,Western Dress,1,XXL
408-8187628-9430712,Western Dress,1,S
403-4221296-3221955,Set,1,L
405-1488644-8545128,Western Dress,1,L
408-2768972-2920329,Set,1,M
405-0730734-9193966,Western Dress,1,3XL
402-5808296-0943537,Set,1,XXL
402-3155642-8920338,Western Dress,1,S
407-6372426-5637964,kurta,1,3XL
402-3256984-2774736,Western Dress,1,S
404-7672831-2392318,Western Dress,1,XXL
402-0739620-3818720,Western Dress,1,XXL
403-2349146-9273921,kurta,1,3XL
404-3396963-3404340,kurta,1,L
405-3160062-2052356,Western Dress,1,S
406-8640155-1074746,Set,1,XS
408-2327164-4409957,kurta,1,XS
171-5843884-4389914,Western Dress,1,3XL
408-7594611-2689113,Set,1,XXL
405-7992341-0144354,Set,1,XL
405-1777410-1727556,Set,1,XL
404-7625911-7388337,Set,1,XXL
171-6011499-0764365,Set,1,M
402-4693702-2357112,Western Dress,1,XL
404-3449641-8503547,kurta,1,XS
407-7495141-2925929,Set,1,L
171-5161796-1681140,kurta,1,3XL
406-1929726-5385137,kurta,1,M
403-4215944-7394761,Top,1,XL
406-7357432-7610743,Set,1,S
402-4841607-6444338,kurta,1,3XL
404-8212581-0718745,Set,1,M
408-8555506-8784369,kurta,1,L
407-2625977-5370729,Set,1,L
408-2296896-0959537,Set,1,M
405-2174377-3697125,kurta,1,3XL
402-8718774-8825959,kurta,1,XL
171-5871573-2933130,kurta,1,XL
171-0462079-9663500,Western Dress,1,3XL
171-1140894-8493108,Top,1,XL
406-3728136-7913100,Western Dress,1,M
404-4199716-9753166,Western Dress,1,3XL
408-4944240-6841920,Set,1,XXL
171-3438468-3948353,Set,1,M
406-6204172-3115567,Top,1,L
171-9726966-2172302,Western Dress,1,3XL
402-1126139-5449166,Western Dress,1,M
407-1432010-0573123,Set,1,XS
171-9727600-3972312,Set,1,S
406-2793976-7750757,Set,1,3XL
406-0746196-6800307,Western Dress,1,XS
408-0916341-2004329,Set,1,M
406-6840286-9640316,Top,1,M
406-9472584-9876358,Western Dress,1,3XL
408-6559046-3187543,Set,1,M
403-9181569-2508328,kurta,1,XL
408-9386162-2189932,Set,1,M
171-1715786-4917115,Western Dress,1,XXL
403-2089212-3421937,Set,1,XXL
404-4253052-4027540,Set,1,M
406-1521491-0294753,Top,1,XXL
403-6042212-7797160,Set,1,M
403-3155716-8945169,kurta,1,XXL
402-5257074-3418765,kurta,1,XL
406-9800000-9524309,Set,1,L
405-4071190-1179553,kurta,1,XXL
405-4071190-1179553,kurta,1,XXL
405-5091201-8274756,Set,1,3XL
403-4520540-8327509,Set,1,M
402-2061222-2465119,Top,1,L
407-1916036-6849121,Set,1,XS
402-4733745-7737919,kurta,1,M
408-2216423-4517101,Set,1,XL
408-0228275-9761171,kurta,1,XXL
408-6702550-7189917,Set,1,M
403-0632547-0907540,kurta,1,XXL
408-6348142-3477131,Set,1,XS
404-6379493-5637942,Western Dress,1,L
404-7608834-6220330,Set,1,XS
406-8058729-7706723,kurta,1,XL
403-5165184-5053133,Western Dress,1,3XL
171-5960574-5630752,Bottom,1,L
402-9430502-5141968,kurta,1,S
403-0396494-0193933,Set,1,L
405-1454496-3588330,Top,1,XL
404-9520103-0747526,Set,1,L
406-6569599-3257159,Ethnic Dress,1,XL
402-4327306-4509149,kurta,1,3XL
406-3886286-8970710,Western Dress,1,M
407-9652900-6537929,kurta,1,M
406-7213748-2752321,kurta,1,M
403-8535605-4545169,kurta,1,XL
406-5596251-6259501,Set,1,S
403-7832487-6178769,kurta,1,L
405-3115873-6317120,Set,1,XS
405-1829150-8874709,Western Dress,1,3XL
402-4534901-9720352,kurta,1,3XL
405-6222490-6581107,Set,1,M
404-9932919-6662730,kurta,1,XS
404-9932919-6662730,kurta,1,XS
404-9932919-6662730,kurta,1,XS
404-9932919-6662730,kurta,1,XS
404-9932919-6662730,kurta,1,XS
404-9932919-6662730,Set,1,XS
404-9932919-6662730,kurta,1,XS
404-9932919-6662730,Set,1,XS
404-9932919-6662730,Set,1,L
404-9932919-6662730,Set,1,XS
404-9932919-6662730,kurta,1,XS
171-4004944-7629918,Set,1,M
406-6781570-1595529,kurta,1,3XL
406-4312347-3085946,Set,1,XXL
171-4001965-5789925,Set,1,XL
405-9588508-4982746,kurta,1,3XL
408-8711381-1415541,Set,1,L
406-7489884-2275544,Set,1,M
408-7149991-3837960,Top,1,3XL
408-7149991-3837960,Set,1,3XL
408-7768363-3345934,Set,1,M
406-4923767-9862709,Set,1,XL
402-3078105-2910735,Top,1,XXL
171-5224467-4807556,Set,1,3XL
171-5729588-4523563,kurta,1,XXL
407-9682140-7334721,kurta,1,XXL
407-9682140-7334721,kurta,1,XXL
402-7942670-7629108,kurta,1,XXL
402-5014145-2236338,Set,1,M
171-9839824-9881916,kurta,1,XXL
402-3749196-7389933,kurta,1,XXL
407-1731223-6835559,Set,1,S
404-7811622-0413916,Top,1,M
407-6736616-9292345,kurta,1,XL
402-3592297-4573905,Western Dress,1,M
406-3133316-2603542,kurta,1,XL
171-4574034-1373144,Set,1,S
405-3080409-8597131,Set,1,L
402-0818770-6226720,Western Dress,1,3XL
402-3456256-8750712,kurta,1,3XL
402-3456256-8750712,Set,1,3XL
402-3456256-8750712,kurta,1,3XL
403-1180378-1630759,kurta,1,3XL
402-5129303-8906715,Top,1,XS
406-4426840-6839550,kurta,1,XL
406-0485490-8741169,Set,1,L
171-7553601-1458726,Top,1,XXL
171-3710784-0930739,kurta,1,L
407-5436619-4958763,Set,1,M
408-4166189-1404306,kurta,1,XL
407-0800016-4040308,kurta,1,5XL
406-2346372-9872333,Western Dress,1,3XL
406-0132993-5291548,Set,1,3XL
407-6710007-4105924,Western Dress,1,M
171-9891222-2399559,kurta,1,XS
402-7942732-7401917,Western Dress,1,3XL
406-2601790-7060307,kurta,1,XXL
406-3305173-6900334,kurta,1,L
406-4748435-7167551,Top,1,XL
403-5520550-6771561,kurta,1,3XL
403-6389430-6141147,kurta,1,L
407-2291978-4990741,Top,1,XL
171-4341546-4057961,kurta,1,XS
402-0341212-6449953,Western Dress,1,S
171-9850590-1037954,kurta,1,XL
404-1026618-9100339,Set,1,XL
404-1026618-9100339,Set,1,L
407-8507714-4205932,Western Dress,1,XS
171-5079040-5717953,kurta,1,XL
405-9315816-7333901,Set,1,3XL
408-4788451-5285145,Top,1,L
406-5147556-7181162,kurta,1,3XL
171-0396655-5185126,Western Dress,1,L
406-5910558-2147531,Set,1,3XL
408-4156021-5597901,Set,1,XXL
404-6135617-1926749,Set,1,XS
406-5874187-2169929,Set,1,XL
404-4554388-8791515,Set,1,XXL
403-1466528-5385105,Set,1,XL
402-1425443-1590728,Western Dress,1,XXL
403-4598569-2418714,Western Dress,1,S
405-8959483-2002752,Western Dress,1,XXL
406-6650274-2566743,Top,1,M
407-3035587-1477910,Western Dress,1,S
171-5302073-9237950,Western Dress,1,S
402-9983831-4960332,Set,1,M
408-2832023-9401920,Western Dress,1,XS
407-2847802-3287501,kurta,1,XL
402-5952255-5799502,Set,1,M
402-8210066-1389134,Set,1,M
171-5822311-3127537,Ethnic Dress,1,S
171-5822311-3127537,Western Dress,1,M
408-5091836-8097913,kurta,1,S
402-7722531-1140301,Set,1,S
408-1126710-1844344,Set,1,M
408-1126710-1844344,Set,1,L
407-5442730-8471559,Top,1,XS
407-5442730-8471559,Top,1,M
406-0076945-9834739,Set,1,XL
403-3681936-4819539,Set,1,3XL
403-3681936-4819539,Set,1,3XL
408-5086268-2464359,Set,1,M
171-3613737-3193112,Set,1,XL
171-2896162-4702735,Top,1,L
402-8140652-2774757,kurta,1,S
405-9316622-8009958,Set,1,L
406-2840892-2891535,Set,1,XL
407-1948776-8386725,kurta,1,6XL
408-3527437-2875551,kurta,1,XL
402-7707771-7218708,Western Dress,1,3XL
408-9910527-4652344,Top,1,M
404-8111036-3065161,kurta,1,3XL
407-7345329-0313101,Set,1,L
404-1776613-5584341,Set,1,M
404-1776613-5584341,kurta,1,M
406-0618842-2209140,Top,1,L
406-0618842-2209140,Top,1,L
403-8317677-2577154,kurta,1,XXL
408-3570115-9242761,kurta,1,XXL
402-4272830-6743564,kurta,1,5XL
408-5492376-9079529,Western Dress,1,XL
402-0542565-8728339,Western Dress,1,XXL
406-2208330-2308334,kurta,1,L
405-5610560-0938767,kurta,1,3XL
407-8926676-2865930,kurta,1,XXL
403-9450662-5576366,Set,1,M
405-4812717-6609937,Western Dress,1,XS
403-9122106-1741962,Set,1,L
407-8324475-5281103,kurta,1,XXL
403-6916767-2532361,Set,1,L
405-9978972-0862760,kurta,1,M
407-2144105-8392323,Western Dress,1,XS
406-4020030-9685102,Western Dress,1,XS
406-0686860-4732300,kurta,1,3XL
403-3152840-0384305,Set,1,S
406-9456464-0780357,kurta,1,XXL
171-6676076-6059539,Set,1,XXL
408-4573680-7058702,Western Dress,1,XS
408-7647343-1480327,Top,1,L
408-7986453-9892317,kurta,1,S
403-7540880-0135548,kurta,1,M
403-7005705-3597957,Western Dress,1,3XL
171-6380776-0878727,Set,1,XL
405-8837582-0559561,kurta,1,S
403-0364251-1859567,Set,1,XXL
408-1316084-0097933,kurta,1,M
405-5487015-6004310,Western Dress,1,XS
405-5487015-6004310,Western Dress,1,XS
404-9144677-5931521,Top,1,3XL
403-3814798-1057962,kurta,1,XS
405-1189556-3642752,Western Dress,1,L
405-8032193-4233147,kurta,1,XS
405-8032193-4233147,Set,1,S
402-2421792-5605150,Set,1,XS
404-9445724-2643554,Set,1,S
407-8780352-8630759,Western Dress,1,M
403-4699275-1330748,kurta,1,S
406-2970774-4393955,Set,1,M
405-8648758-7301944,kurta,1,M
406-5929890-4320314,Western Dress,1,M
405-1081629-1358757,kurta,1,3XL
407-8096434-2079525,Top,1,3XL
407-8190680-4317169,kurta,1,XL
403-7870263-7035515,kurta,1,3XL
405-4808915-4288332,kurta,1,XL
408-0628055-4062767,Set,1,3XL
405-6764929-6313943,Set,1,XL
406-4633266-6005930,Set,2,XL
402-5461576-5595568,Western Dress,1,M
171-0544040-5401123,Western Dress,1,M
405-4473111-8332317,Set,1,S
402-7191056-0889919,kurta,1,M
408-1880348-5978753,Western Dress,1,S
407-3961491-7480365,kurta,1,XS
404-0191324-6674764,kurta,1,S
407-0325685-7418751,Western Dress,1,L
171-7496871-0503524,Western Dress,1,L
408-0151435-7545158,Western Dress,1,XXL
403-1483106-5684302,Set,1,M
402-2540582-5169910,Western Dress,1,S
407-9704052-3661932,Top,1,L
406-9290099-8596360,kurta,1,M
171-1590657-0089164,Western Dress,1,XS
408-4174400-3355522,kurta,1,5XL
405-0638104-0941920,Set,1,XXL
402-6375738-9658705,Western Dress,1,M
406-4698815-7688332,Western Dress,1,L
402-5318698-7723554,kurta,1,S
404-1527239-4705151,kurta,1,M
404-6398399-2338706,Set,1,XXL
171-3613465-5325962,Western Dress,1,M
171-6439983-5100346,Set,1,XL
171-3536177-8565161,Top,1,XXL
406-0352258-9576318,Set,1,XXL
405-9024948-9573941,Set,1,XL
406-9380588-6679537,kurta,1,3XL
408-1142984-5579533,kurta,1,L
171-7045112-3235507,Top,1,XL
406-9511548-1069900,Set,1,XL
406-2537110-4937934,Western Dress,1,3XL
402-4382130-8778723,kurta,1,S
407-9589533-6974722,Top,1,XL
407-9679122-7813145,kurta,1,3XL
404-8707199-4833123,kurta,1,3XL
407-6797174-1924301,Set,1,XS
408-4822321-0647522,Western Dress,1,XXL
406-8505799-3260321,Western Dress,1,XL
402-8135366-8176357,Set,1,XS
405-2689699-9754760,kurta,1,3XL
403-8903589-9317102,kurta,1,XXL
405-2602194-7642757,kurta,1,XS
405-2602194-7642757,kurta,1,XS
405-2483379-6227561,Set,1,XS
403-8528877-0039557,kurta,1,XL
406-7854907-3974716,kurta,1,XXL
408-5482375-1193936,kurta,1,S
408-4366192-6479511,Top,1,3XL
404-3915867-5900365,Set,1,M
402-5061138-4521964,Ethnic Dress,1,L
408-1302917-3353916,Set,1,XL
408-0295152-1157143,Bottom,1,XL
404-8553355-2929152,Set,1,XXL
406-3145263-3990742,Western Dress,1,XL
408-6402338-8384345,kurta,1,3XL
404-7373314-9009955,Top,1,L
408-5949237-4769153,Set,1,S
405-9196280-4509107,kurta,1,XXL
405-9034421-9462749,Set,1,XS
405-4525008-5361936,Western Dress,1,M
402-6052299-9501953,Set,1,XXL
402-9363184-4030763,Top,1,XXL
405-6508560-7438764,kurta,1,XL
406-2997391-5002764,Top,1,3XL
171-1413171-2812339,Set,1,M
403-0625083-9013943,Set,1,XL
403-6299491-0163504,Western Dress,1,3XL
406-0013610-4673158,Top,1,L
408-8289460-6901160,Western Dress,1,XL
402-3741017-2628352,Western Dress,1,XXL
402-6900321-2394734,kurta,1,M
171-7394320-6631544,kurta,1,XL
403-7295940-7312339,kurta,1,L
402-7904722-9491531,Set,1,3XL
402-7904722-9491531,Top,1,3XL
404-5552183-3514753,kurta,1,3XL
403-4461411-4619545,kurta,1,3XL
403-4588603-3793917,Western Dress,1,S
402-5678087-6869925,Western Dress,1,3XL
402-5678087-6869925,kurta,1,3XL
403-2549580-1616327,Set,1,XL
408-1096265-4948325,Top,1,S
403-6835021-6876322,Set,1,XXL
406-8889066-3532333,kurta,1,3XL
406-8889066-3532333,kurta,1,3XL
405-3915889-1285969,Set,1,L
403-1635672-4798700,Set,1,3XL
404-6947812-3853940,kurta,1,3XL
408-5138244-3306720,Top,1,3XL
408-1333904-4384354,kurta,1,3XL
403-4325611-2740307,Set,1,M
408-0871251-9633927,kurta,1,XL
403-3696887-1349958,Set,1,XXL
406-4862636-8271516,Western Dress,1,M
403-5965324-2832345,Set,1,3XL
406-9913743-6374726,kurta,1,XS
404-5558222-7481103,kurta,1,M
407-6619765-4545103,Set,1,XXL
406-4349025-1478718,Western Dress,1,XL
408-7813440-1678754,kurta,1,XS
403-5863041-9492358,Set,1,XL
405-3705127-5017929,Set,1,M
406-8787312-2805931,Western Dress,1,XL
402-6757536-4625940,kurta,1,M
407-4858422-9837930,kurta,1,XL
408-9625029-4795549,Western Dress,1,L
408-6276788-3128361,kurta,1,3XL
407-5699244-0073154,Western Dress,1,XL
408-3821752-5798705,kurta,1,M
404-8202533-1842708,Western Dress,1,XL
404-8202533-1842708,Western Dress,1,XL
404-8202533-1842708,Western Dress,1,XL
171-9161715-0261960,Top,1,XL
402-2200876-8108323,Top,1,XL
404-4007509-2178704,Western Dress,1,L
403-9532102-1202736,Western Dress,1,XL
408-6467874-0290737,Set,1,M
406-1945561-7565909,Top,1,L
171-3663079-3413914,Western Dress,1,XS
408-0397524-1969165,Set,1,S
404-1022297-8616320,Western Dress,1,M
403-4834492-0372313,Set,1,XL
405-5292805-7932362,kurta,1,XXL
404-6454969-4572360,kurta,1,3XL
404-4335887-5038717,Set,1,XS
404-9266412-6649953,Western Dress,1,XXL
404-5904259-5921108,kurta,1,S
404-5904259-5921108,kurta,1,S
408-8469601-9717134,kurta,1,XXL
408-8469601-9717134,kurta,1,3XL
402-8831040-7880312,Set,1,L
405-2993055-6593964,Set,1,S
408-8840912-2649125,kurta,1,L
403-0730097-9537931,kurta,1,XL
407-0471595-0619516,kurta,1,XXL
405-4245721-5613150,Top,1,M
403-3240468-8401926,Set,1,XL
403-0147533-4884316,Set,1,XXL
171-9713051-2326763,kurta,1,M
407-1756437-3799546,kurta,1,XXL
407-1756437-3799546,kurta,1,3XL
407-8453025-3090752,Western Dress,1,3XL
407-5287522-5849927,Set,1,L
406-8726857-5601928,kurta,1,S
408-9659872-9249130,Western Dress,1,S
171-7465418-7948305,Set,1,XL
405-6895668-1216321,Set,1,3XL
404-1860366-6381149,kurta,1,M
402-1746081-6073907,Top,1,3XL
403-1191233-2328338,kurta,1,S
404-2107233-3147549,kurta,1,XL
407-2452935-9361953,kurta,1,6XL
403-2829919-3951565,kurta,1,XL
405-4700999-3550714,Western Dress,1,XXL
402-1015339-2853135,Western Dress,1,L
407-5586673-0539515,Set,1,M
405-1099680-6433927,kurta,1,3XL
406-8442906-3236333,kurta,1,L
403-8420153-6049908,Western Dress,1,XL
406-3934344-8560334,Set,1,XL
407-9332308-1150708,Western Dress,1,M
404-5042156-5996322,kurta,1,XXL
403-4509632-6282753,Set,1,M
403-0629564-2139506,Top,1,M
402-6567686-8625105,kurta,1,XXL
408-0244441-8629175,Bottom,1,L
408-7359762-9913966,Western Dress,1,M
406-1378885-0201916,kurta,1,3XL
406-1853970-2075550,kurta,1,L
407-8983646-5890744,Top,1,M
171-4189177-8237959,Set,1,XL
405-2256585-8273137,kurta,1,M
404-8711127-4839552,Set,1,3XL
404-0136190-5188315,kurta,1,S
171-1409504-9416316,kurta,1,XXL
407-8878379-9736354,Set,1,S
404-5375454-5937931,Top,1,XL
404-2357546-2841966,Western Dress,1,L
405-0630795-9277144,Western Dress,1,XXL
405-0630795-9277144,Western Dress,1,XL
403-4734408-2407523,Top,1,L
403-4734408-2407523,Western Dress,1,XL
403-0954166-3423557,kurta,1,XL
407-4401075-7988344,Top,1,XL
404-6475119-1809901,kurta,1,XS
406-6587797-3200316,Set,1,S
402-9418990-0950741,Set,1,S
406-5678605-1247501,Western Dress,1,S
403-1343274-5248323,Set,1,XS
171-4296241-0256311,kurta,1,XXL
171-5241239-7038763,Western Dress,1,M
408-3133387-2277102,kurta,1,L
403-2495996-4917107,kurta,1,XXL
407-6185401-0990758,kurta,1,3XL
408-4549201-7279555,Western Dress,1,XL
405-8186056-3018757,Western Dress,1,XL
408-0698074-2638765,Western Dress,1,S
408-1236475-6601120,Set,1,S
403-7331591-7785902,Western Dress,1,L
408-8462732-3549966,Set,1,XXL
402-4164887-2681906,Set,1,XXL
408-5716815-0747542,Set,1,XL
405-5328127-3614740,Set,1,XL
403-2687161-2951518,Set,1,L
408-7832238-0069120,kurta,1,5XL
406-8940118-7384307,kurta,1,M
405-6114767-8008350,Western Dress,1,XL
407-5786054-4916331,Set,1,XL
408-0156155-1621146,Western Dress,1,3XL
405-6472818-7957918,Western Dress,1,XL
404-3210798-7093161,Top,1,3XL
407-8295887-8442758,Western Dress,1,XL
403-8398155-1119568,kurta,1,S
403-8398155-1119568,kurta,1,M
403-8398155-1119568,kurta,1,S
403-7805426-4709911,Set,1,3XL
407-1275115-8144301,Set,1,M
406-3909871-7140331,Set,1,XXL
405-2309271-2759508,kurta,1,XL
406-0960815-2891557,kurta,1,XS
171-2915330-7051503,kurta,1,XL
405-9361912-7045925,kurta,1,L
407-6724627-9462718,Set,1,XL
408-1673294-5197935,Set,1,XL
408-0837126-0173165,Set,1,M
406-0704025-4045906,Top,1,S
405-8630840-7784305,kurta,1,3XL
405-9784276-0559523,Set,1,XL
408-7358025-8852323,Set,1,XXL
406-3530645-1574762,kurta,1,XXL
406-1793623-4081922,kurta,1,3XL
171-6501003-1346721,kurta,1,6XL
407-3710242-4640332,Set,1,3XL
402-1061413-7630762,kurta,1,3XL
171-7489752-4184347,kurta,1,L
403-4900725-1726707,kurta,1,M
404-3689278-4433119,kurta,1,3XL
403-8842754-0468311,kurta,1,L
402-2538106-3713907,kurta,1,3XL
403-0181256-9129955,Set,1,XL
402-8241260-6357947,kurta,1,XS
405-7021855-1294728,kurta,1,3XL
407-6881811-9752324,Western Dress,1,L
402-3800338-6885950,Set,1,3XL
402-9188271-6592301,kurta,1,3XL
408-2812901-0978752,Bottom,1,S
171-1612801-3978721,Western Dress,1,L
404-7946294-8140336,Top,1,XS
171-0069867-8044326,kurta,1,XL
171-6296068-7051557,Top,1,XL
407-0167925-4790770,Set,1,XXL
405-5939679-6321967,kurta,1,M
408-2661742-0323527,Set,1,S
404-2798721-1607505,kurta,1,3XL
402-1760954-2233964,kurta,1,3XL
402-1760954-2233964,Set,1,3XL
402-1760954-2233964,kurta,1,3XL
404-2948096-2350717,kurta,1,XL
405-3980179-0337931,Set,1,3XL
404-5877956-6677167,Set,1,L
408-6121298-3801130,Set,1,XXL
407-4326920-3440319,kurta,1,XXL
171-3431516-9654717,kurta,1,4XL
407-5420298-7570753,Set,1,3XL
403-0478005-8137932,kurta,1,XXL
404-0478006-7361963,Western Dress,1,3XL
407-5771465-6897165,Set,1,3XL
405-1917304-5061965,Set,1,S
404-1808739-2737112,Set,1,XXL
407-2516051-4287541,Western Dress,1,XXL
406-4272914-6580344,kurta,1,M
402-6341645-8449948,kurta,1,M
408-0126072-7787579,Western Dress,1,L
408-0126072-7787579,kurta,1,XL
405-4508488-1816301,Set,1,XS
405-4508488-1816301,kurta,1,XS
402-1015540-8033939,kurta,1,XXL
171-4064310-8418713,kurta,1,XL
407-6402903-1603530,Western Dress,1,L
405-4933213-2659564,Top,1,XL
404-9027514-0942714,Set,1,3XL
407-1206835-9183531,Set,1,XL
408-8030832-4625903,kurta,1,3XL
407-6820955-0542727,Set,1,3XL
407-1105743-0167568,Top,1,3XL
408-4559188-6647544,kurta,1,XL
406-3431803-6788330,Set,1,XS
171-9252750-1045168,Set,1,S
406-6035605-3761114,kurta,1,3XL
404-4514196-7258754,kurta,1,S
404-7372091-1673906,kurta,1,XL
403-8685314-3462752,Set,1,S
404-6353216-2893946,Set,1,XL
171-9798874-8172365,Western Dress,1,XXL
171-5405624-9461939,Western Dress,1,3XL
407-3445773-9772342,kurta,1,S
407-7919116-6245924,kurta,1,S
171-8720169-0793123,Western Dress,1,XXL
406-5169933-3298748,Set,1,M
171-4228806-1918764,kurta,1,3XL
171-1017054-9213131,kurta,1,3XL
404-4459627-5807531,Western Dress,1,M
405-7336746-6143541,Set,1,M
406-0405594-7711550,kurta,1,XXL
404-7157067-9748357,Set,1,3XL
408-9860899-3142753,Western Dress,1,L
402-3727515-1022727,kurta,1,L
402-3727515-1022727,kurta,1,L
402-9667326-0697146,Western Dress,1,XL
407-0418342-2645150,Top,1,L
407-4220295-4929109,Top,1,S
406-9966532-5155514,Set,1,3XL
405-4598365-9213924,Set,1,3XL
171-9037797-6918701,Set,1,S
408-3096241-8012343,Set,1,S
408-2100329-4311515,kurta,1,XXL
403-6452177-2531515,kurta,1,XXL
402-4297019-9290738,kurta,1,XXL
406-6749564-4974752,kurta,1,L
407-7365248-9797151,Western Dress,1,3XL
402-3258334-1511501,Set,1,S
406-7995647-7373165,Set,1,XXL
408-4066660-8016354,Western Dress,1,L
408-0534462-3054712,Set,1,XL
407-5807166-6268344,kurta,1,M
407-5807166-6268344,kurta,1,M
407-5807166-6268344,kurta,1,M
407-5807166-6268344,kurta,1,M
407-5807166-6268344,kurta,1,M
408-5801934-4962707,Set,1,XXL
408-8023752-5576314,Top,1,XL
402-2280571-3050743,Set,1,XL
405-6332229-7725955,Western Dress,1,L
406-1568771-5800362,Top,1,L
408-7920454-7014759,kurta,1,XL
403-8324132-9428313,Top,1,XL
402-4823565-4595558,kurta,1,XXL
403-0814177-7313900,Western Dress,1,L
403-5521576-0912328,Set,1,XXL
407-3317964-7959561,kurta,1,M
407-2154057-7863555,Set,1,XXL
407-7477278-4047537,Western Dress,1,M
405-9760754-2565929,Set,1,3XL
406-9699774-3927564,Set,1,XL
406-3493212-2700365,Set,1,XXL
408-3517379-3777164,kurta,1,3XL
408-7905095-5664301,kurta,1,XXL
403-7152154-2916315,Western Dress,1,M
406-3378226-0980333,Set,1,S
408-6782655-7376302,Set,1,M
407-7275313-0629145,kurta,1,XL
402-3424884-5425165,kurta,1,L
406-6058541-3511540,kurta,1,3XL
405-7302038-3392320,Set,1,L
404-4955742-9869158,kurta,1,L
171-5249479-9913901,Top,1,L
402-2075807-5784313,Western Dress,1,L
171-4209629-8061104,Western Dress,1,XL
402-0405661-4148325,kurta,1,XXL
171-1107728-1024300,kurta,1,L
406-3684030-5102757,Set,1,M
407-8548579-5774713,Set,1,L
407-8548579-5774713,Western Dress,1,XL
402-9134056-6041124,kurta,1,M
405-2188040-2659526,Western Dress,1,S
403-8769641-2926713,Set,1,M
171-9676619-2671564,kurta,1,XL
403-9063524-5621118,Top,1,M
406-2046564-5282711,kurta,1,3XL
171-3552024-4797957,Ethnic Dress,1,M
405-2484898-8665140,Set,1,XL
404-7686105-7886764,Set,1,M
403-6797383-4814738,Set,1,XL
408-8881557-4223555,kurta,1,S
405-2735102-7357968,Set,1,3XL
403-9034841-7713923,kurta,1,M
402-3478860-2217932,kurta,1,L
403-4679814-7726713,Western Dress,1,M
402-3550381-2261119,kurta,1,L
402-3478555-3413101,kurta,1,L
402-1942167-6435515,kurta,1,L
407-9105235-0853101,kurta,1,XL
171-7912054-0075563,kurta,1,XXL
171-7912054-0075563,kurta,1,XXL
404-7439233-7615538,Set,1,XL
402-9963042-0454737,kurta,1,L
405-0430506-5136309,kurta,1,M
404-9162680-1312314,Set,1,L
408-7902581-2810700,kurta,1,3XL
406-1339111-3426743,Top,1,XXL
403-3702890-9857952,Top,1,S
406-1510253-6717160,kurta,1,3XL
405-6401397-3711516,kurta,1,XXL
408-6374465-0861145,kurta,1,L
171-1531799-5785108,kurta,1,L
403-6014069-0463560,kurta,1,XXL
408-4168762-3521114,Western Dress,1,L
403-3224203-9117963,Western Dress,1,3XL
403-9633958-6311567,Western Dress,1,XXL
407-5175797-8469911,kurta,1,3XL
407-4424150-6857154,Western Dress,1,XL
403-7055130-6086724,kurta,1,S
407-1845890-7156309,Set,1,XL
408-0714400-3550719,kurta,1,L
407-6476267-9575519,kurta,1,S
402-0109679-5527537,Top,1,S
405-5160255-5941914,kurta,1,3XL
403-3201702-1915532,kurta,1,3XL
404-2132985-3444362,kurta,1,XL
403-7125964-1600345,kurta,1,XL
405-7356914-1165169,Set,1,S
407-9675601-7061900,Western Dress,1,XXL
404-0085082-3595578,kurta,1,XL
406-6245933-5424301,kurta,1,XXL
406-5760589-4193929,kurta,1,M
405-3654888-9739534,kurta,1,L
402-4372798-3247533,kurta,1,L
403-0953559-2988312,kurta,1,XS
408-0061313-0772303,Set,1,S
407-0095089-7337106,Top,1,M
407-0095089-7337106,Top,1,M
407-0095089-7337106,kurta,1,L
402-0194853-0806777,kurta,1,S
403-8761592-6801935,Set,1,XL
408-8708478-7523527,Western Dress,1,XS
403-5082976-7430746,kurta,1,S
402-0922202-7097903,kurta,1,L
403-8385560-4269136,kurta,1,M
171-0422869-1039504,Set,1,XS
408-7945356-4169101,Set,1,XS
407-0135522-8381901,Set,1,M
171-0032816-1151573,Top,1,L
171-0032816-1151573,Set,1,M
408-4018547-9891553,Set,1,XL
402-7632302-5123568,Set,1,XL
404-0281233-0601179,Set,1,S
403-8788028-8670712,kurta,1,6XL
403-1512533-3636357,kurta,1,XXL
402-7716909-0881903,Ethnic Dress,1,XS
404-5978474-1935537,kurta,1,M
408-3931922-3825901,Top,1,XXL
405-7465099-8216312,kurta,1,3XL
404-6072589-8840344,Set,1,L
402-2097513-6633129,Western Dress,1,3XL
408-1815865-6921152,kurta,1,XXL
408-9554344-4695545,kurta,1,XS
406-7950713-8399505,Set,1,XXL
407-3048683-7613969,Western Dress,1,XL
408-4460482-6023559,kurta,1,XS
407-3237541-4236359,Western Dress,1,XS
404-2425345-3204351,Top,1,L
408-7302426-7531540,Set,1,3XL
404-4463570-6507568,Set,1,3XL
403-3747220-4653120,Western Dress,1,L
405-6890659-0982742,Set,1,XL
406-5107489-2851503,kurta,1,M
402-9134095-9379568,Bottom,1,XL
406-0333001-7127528,Set,1,XS
407-3081918-7755564,kurta,1,XS
402-8761458-0087567,Western Dress,1,XL
405-1963311-0877957,Set,1,S
171-3561965-8610764,kurta,1,XXL
171-3561965-8610764,kurta,1,XXL
407-3537349-9025128,Set,1,XL
406-0861491-4670752,kurta,1,L
406-7334388-5149954,Set,1,M
403-7966809-0056308,Western Dress,1,S
403-3876548-5969164,Western Dress,1,3XL
404-8541850-5864335,Western Dress,1,L
406-4821981-9469964,kurta,1,L
407-7191236-5603543,kurta,1,L
405-9633672-8731515,kurta,1,3XL
407-0108822-5056349,kurta,1,S
408-5757611-2806755,kurta,1,S
404-2677689-9931557,kurta,1,3XL
408-5570695-4185950,Set,1,XS
405-6976411-7860346,Set,1,XXL
171-0910292-1440318,kurta,1,S
402-6456853-8206706,Set,1,M
405-1945609-9020327,kurta,1,XL
404-7734658-0773937,Set,1,3XL
404-7734658-0773937,Set,1,3XL
405-8038982-0601927,Western Dress,1,S
404-7788564-0550713,kurta,1,S
403-3345595-5882740,Set,1,3XL
408-4150129-7429907,Set,1,S
402-5341283-3893104,Set,1,XXL
408-0358104-7353971,Western Dress,1,3XL
171-9189773-6556318,kurta,1,XXL
402-2076896-4206703,Set,1,L
171-9933718-8905951,kurta,1,L
402-5716886-9516361,Set,1,M
403-8627222-1791568,kurta,1,S
403-4128271-1699540,Set,1,XL
408-3309725-4549900,Western Dress,1,XL
408-6229778-2538712,Set,1,L
403-4826526-6964367,Western Dress,1,XL
406-7869253-9996334,Set,1,S
406-7214771-5157138,Western Dress,1,L
405-4366759-6646748,Western Dress,1,S
406-5008410-6744344,Blouse,1,S
406-5008410-6744344,kurta,1,M
403-0287659-4085115,Set,1,XL
407-7539586-2544354,Western Dress,1,XL
405-8061903-8160329,Top,1,3XL
402-2846645-8198711,Set,1,3XL
171-9013374-9539507,Western Dress,1,XL
403-2081575-5658727,Western Dress,1,L
404-4496299-2926722,kurta,1,L
408-1275392-8511556,Top,1,L
407-7782181-6249907,kurta,1,3XL
405-2489138-0673114,kurta,1,XS
407-3006605-0459565,Set,1,XL
402-5210975-4753156,kurta,1,S
407-1265273-1145967,Set,1,M
402-8506117-5669111,Set,1,XS
403-0009876-8980362,kurta,1,XL
403-0009876-8980362,kurta,1,M
402-1290910-9201965,Western Dress,1,3XL
403-4049726-2847556,kurta,1,XL
171-2704911-1190702,kurta,1,XXL
171-5066821-0793162,Western Dress,1,M
406-0192314-5628349,Set,1,XL
403-5450298-8889926,Western Dress,1,XXL
171-7475186-5272364,Western Dress,1,S
403-0569376-2351541,Set,1,L
406-7447719-5660368,kurta,1,M
407-3456063-3961961,kurta,1,M
402-2814625-3273900,Saree,1,Free
405-1063041-5207501,Set,1,XL
402-7738656-6185125,Western Dress,1,XXL
404-9731537-0561959,kurta,1,XXL
406-3609336-1203569,kurta,1,XXL
407-4668128-0470716,kurta,1,S
405-5237660-3987519,kurta,1,XL
404-8459083-3620302,Top,1,S
402-1948707-9024353,kurta,1,3XL
171-7014092-2761109,Set,1,3XL
404-4446476-9584366,Bottom,1,L
407-6317923-5513902,kurta,1,XL
406-7573784-6691567,Set,1,M
406-0824341-7897164,Set,1,XL
403-1312914-6780351,kurta,1,M
408-8727506-6519558,Top,1,XL
405-4834509-4589926,Top,1,S
405-5780563-6531500,Western Dress,1,XS
408-2744408-4382735,Set,1,XS
171-8356451-7925932,Western Dress,1,XXL
404-5604083-4542713,kurta,1,3XL
402-1334768-3915522,kurta,1,3XL
402-9500021-3851564,kurta,1,3XL
404-9570562-8104353,Top,1,3XL
405-3364710-1551517,kurta,1,XL
404-7680898-3785138,kurta,1,L
408-2819029-4571548,kurta,1,M
404-4267791-0316310,Western Dress,1,3XL
404-3962054-7220312,Top,1,XXL
171-2408722-8309959,Set,1,M
404-3599222-3689901,Set,1,S
408-7661780-0941152,Set,1,M
403-0559620-1090724,Western Dress,1,S
406-6573056-7468304,Western Dress,1,L
403-9509687-5778736,kurta,1,M
403-9509687-5778736,kurta,1,XXL
408-7794858-3972339,Bottom,1,3XL
407-6068156-6064329,Set,1,XXL
402-9732119-0555539,Set,1,M
405-5657207-4685151,Set,1,L
408-2651440-5665907,Set,1,L
171-5049504-2170730,Western Dress,1,XS
405-1553517-1735556,Set,1,XL
404-6606677-9533902,Western Dress,1,XXL
404-7277340-5009937,Top,1,S
405-3174304-6726736,kurta,1,XXL
406-5871050-2247559,Set,1,L
407-7062040-2629154,kurta,1,3XL
407-3423929-7637101,kurta,1,XL
406-9680412-2772325,Western Dress,1,3XL
171-9802312-2321949,Top,1,XL
403-7833079-0905947,Set,1,M
403-5173061-7613969,Set,1,XS
406-3479744-1693117,Western Dress,1,S
403-6081053-5167507,Ethnic Dress,1,S
402-3463973-3025105,kurta,1,L
407-5995330-7624316,kurta,1,M
403-8783328-5974763,Western Dress,1,3XL
405-6947925-6190729,kurta,1,M
402-9386310-4171513,kurta,1,XXL
402-0312383-3393152,Western Dress,1,XL
403-0221207-9350753,Set,1,XL
402-8496366-6373966,Western Dress,1,XS
405-8746296-1888342,kurta,1,S
408-9546489-3574710,Western Dress,1,XL
402-6729250-7610703,Western Dress,1,XS
403-3399835-6120365,Top,1,XXL
406-8686304-0933942,Set,1,L
405-6627425-8588359,Set,1,M
406-7056054-8086766,kurta,1,XXL
403-1689536-2937161,Set,1,XL
171-7819663-5772318,Set,1,XXL
402-6574517-6865913,kurta,1,S
402-6574517-6865913,kurta,1,S
402-6574517-6865913,kurta,1,S
408-9501161-1620306,Set,1,XL
402-0476871-5493129,Bottom,1,3XL
404-8381022-5023504,Set,1,XXL
171-5624885-2818758,Set,1,L
407-0596706-3161131,kurta,1,3XL
402-2024682-8980300,Set,1,XXL
407-2686382-6149960,Western Dress,1,XL
406-1750931-2900337,Western Dress,1,3XL
408-2293261-7661919,Set,1,XXL
404-2840510-1235503,kurta,1,4XL
404-2840510-1235503,kurta,1,4XL
404-3082331-9151549,kurta,1,L
403-3206322-8121127,kurta,1,L
408-8848142-5469166,kurta,1,L
407-2219439-7076346,Set,1,3XL
405-1189384-9214703,Set,1,L
405-0794270-1951516,kurta,1,XL
403-1394434-6689130,Set,1,S
403-1394434-6689130,Set,1,S
404-3942161-4011553,kurta,1,XXL
405-5950091-9041131,kurta,1,3XL
406-8873481-2277967,Set,1,L
408-2604753-8634761,Western Dress,1,L
405-0088620-6016363,kurta,1,XXL
405-0088620-6016363,kurta,1,L
405-0088620-6016363,kurta,1,XXL
406-7226238-7656359,kurta,1,XXL
408-7048717-8480357,kurta,1,XXL
405-8625515-6043560,Top,1,M
402-4239292-6232302,Set,1,S
402-2468336-2732320,Set,1,S
408-3080137-5509115,kurta,1,L
405-7470983-0486724,Western Dress,1,XL
408-1175718-2215503,kurta,1,XXL
408-3485936-4092315,Set,1,L
171-3415088-8683523,Set,1,L
408-7296655-1675507,Set,1,M
405-6195823-6061108,Western Dress,1,L
402-3837780-8186754,Set,1,XXL
402-7009652-7513956,kurta,1,XL
402-4608660-6275501,kurta,1,XL
402-6585024-0401962,kurta,1,3XL
402-4284751-7897913,kurta,1,M
171-8207604-4740319,kurta,1,3XL
171-8207604-4740319,kurta,1,3XL
404-3896668-8320335,Set,1,L
408-3321097-6610767,Set,1,XXL
407-6969417-7958704,Western Dress,1,XL
402-8238172-5676343,kurta,1,M
404-4590715-2253119,Western Dress,1,XS
406-3079973-6334751,Set,1,M
403-7607896-9494718,Set,1,L
406-3289068-7447551,Set,1,XS
403-0263841-2954754,Set,1,XS
171-4925709-6199567,Set,1,3XL
408-5060997-9367560,Top,1,XL
404-6247556-7678763,Top,1,L
406-0360854-5657156,kurta,1,5XL
404-5076208-2594766,Western Dress,1,M
406-0912076-3160300,kurta,1,XXL
406-0442334-9685113,Set,1,XS
403-7159620-1485909,kurta,1,3XL
405-5635525-9886705,Western Dress,1,XS
403-8993734-8533905,Top,1,M
403-2211467-7568348,Set,1,M
408-4103938-9625932,Set,1,L
405-8017877-1305965,kurta,1,XXL
408-0652818-6314729,Set,1,L
408-0652818-6314729,Set,1,L
405-5101793-1605113,Set,1,XL
408-8249346-1625144,kurta,1,L
407-0587509-2005926,Top,1,XL
404-0194257-7239573,Western Dress,1,XS
403-9578083-8881143,kurta,1,S
403-9578083-8881143,kurta,1,L
408-2365536-8769110,kurta,1,XXL
403-2386870-9533905,Top,1,XL
405-8478975-0965953,Set,1,XL
406-1961874-1538765,Set,1,S
402-0247836-7099574,Set,1,M
405-1062692-1229115,Top,1,M
406-0351304-3237920,Set,1,3XL
171-7198078-8805907,Set,1,XS
407-1911829-7851524,Western Dress,1,S
404-2063669-6631561,Set,1,3XL
403-5888106-5329126,Set,1,M
404-1675243-1038741,Set,1,M
408-6386815-6747548,Set,1,L
408-6386815-6747548,Set,1,L
404-0648357-2110742,Western Dress,1,L
407-8942960-9865154,kurta,1,M
407-8942960-9865154,kurta,1,M
171-5760320-3949941,Western Dress,1,L
405-8091404-5465916,Top,1,3XL
406-6907561-0129921,Top,1,S
403-4307912-6431513,Western Dress,1,L
171-2642468-2365943,Set,1,XS
404-0117007-1186768,Western Dress,1,3XL
405-7409837-6373154,Western Dress,1,3XL
403-6766929-4172332,Western Dress,1,3XL
408-9566940-9997161,Set,1,XS
402-7007372-5695506,Western Dress,1,M
171-0849402-5312315,kurta,1,XS
406-8909650-9697166,kurta,1,XL
407-6612034-0316366,Set,1,XL
407-6612034-0316366,kurta,1,XL
171-8009848-2942724,Western Dress,1,3XL
408-4369050-6450749,Set,1,3XL
402-6974842-5033920,Western Dress,1,XL
171-3965668-2973954,Set,1,S
404-5327578-7811543,Western Dress,1,XL
405-1255877-4444332,Western Dress,1,XS
405-4734551-7808341,Set,1,M
403-3633485-3910767,kurta,1,XL
408-7738969-9539554,Set,1,L
171-9425686-5817150,Top,1,XS
408-9243459-7303554,Western Dress,1,3XL
171-7011060-0631510,Western Dress,1,XXL
407-9402095-4053939,Western Dress,1,XS
403-6208277-1375566,kurta,1,6XL
404-6393795-9942767,Set,1,3XL
405-9198480-1402746,kurta,1,S
402-7334770-6101120,Western Dress,1,L
171-7593012-4445940,Western Dress,1,3XL
408-6040251-3565922,Set,1,L
407-3089754-2020353,Set,1,M
404-3272472-2530754,Set,1,S
171-1167864-0051525,kurta,1,M
404-1399656-8521164,Western Dress,1,3XL
402-4982113-9613157,Top,1,XL
404-8818030-0224300,Western Dress,1,S
407-4056741-6568356,Set,1,XL
403-6272216-0486762,kurta,1,XL
403-4182492-4454749,Set,1,XXL
171-1401904-8510757,Western Dress,1,L
404-1496964-5793944,Set,1,S
408-6058401-0325921,Set,1,XL
407-7676638-8002734,kurta,1,3XL
407-8134798-0758714,Western Dress,1,XL
406-3319922-4642767,Western Dress,1,XS
404-1304148-6609107,kurta,1,L
408-4453225-5881148,kurta,1,XS
402-9765980-2298740,Set,1,L
405-7927386-3792318,Set,1,XL
402-3241741-9188340,Set,1,XL
406-5902203-3764350,Set,1,M
404-9590767-8533159,kurta,1,M
403-8447350-1942715,Bottom,1,L
171-9208140-8991533,Western Dress,1,XXL
407-5851230-5445946,Bottom,1,3XL
408-4065529-5233965,Western Dress,1,XL
171-0603730-3461952,kurta,1,XXL
406-3353484-0959500,Set,1,L
403-2658583-9319533,Set,1,XL
404-2681510-4684328,Set,1,L
408-6244704-8855505,Set,1,3XL
408-9654834-9866701,kurta,1,M
405-5703152-9958757,Western Dress,1,XL
407-7038202-1034750,kurta,1,M
171-5689686-1541929,kurta,1,XL
402-9104286-4059508,kurta,1,XXL
405-1481872-0891527,kurta,1,L
407-7780508-1159511,kurta,1,XL
404-0549985-7459547,kurta,1,M
402-7977521-5181933,Set,1,M
408-1494826-0655542,kurta,1,L
408-8003635-2055517,Western Dress,1,3XL
408-4317506-7436345,Set,1,S
406-1862045-2125956,Set,1,XL
406-0000694-0951511,kurta,1,M
405-0024379-7105152,kurta,1,XL
405-9116353-9942766,kurta,1,XL
407-7967395-0481902,Set,1,L
402-1769166-5864335,Western Dress,1,L
408-1583659-7538762,Set,1,XXL
171-7822463-0839550,kurta,1,M
406-2386096-4584335,kurta,1,S
402-6867817-8407527,kurta,1,S
406-4437934-7336305,Top,1,XL
403-7091047-0530754,Set,1,XL
406-9027222-5654744,kurta,1,XL
405-2680258-7340361,Bottom,1,XL
402-6283554-0165127,kurta,1,S
408-3217097-1236337,Set,1,XXL
408-9619854-7811550,Set,1,XXL
402-0297346-7993931,kurta,1,L
405-2232501-1389915,Western Dress,1,XL
408-3948034-8655500,kurta,1,M
404-0274147-7481130,kurta,1,S
402-8450075-8210708,Top,1,XS
408-5681332-0881167,Western Dress,1,XL
407-6824220-9743546,kurta,1,M
405-2642922-0486760,Top,1,XL
405-6467277-3281967,kurta,1,L
403-2967551-6738700,kurta,1,3XL
408-3223638-6176310,kurta,1,L
403-9709930-3797147,kurta,1,3XL
403-4338275-1240348,Set,1,L
403-2276645-6949138,Set,1,M
408-0091466-3593149,Top,1,S
403-9112452-7057153,kurta,1,M
408-0082119-9931546,kurta,1,M
403-6416068-2487538,Top,1,S
405-0004839-5200360,Set,1,XXL
404-9664642-2090755,Western Dress,1,XS
408-3598718-8011527,kurta,1,3XL
171-3672537-2657936,Western Dress,1,XS
408-3513809-6221900,kurta,1,3XL
408-3513809-6221900,kurta,1,3XL
403-9574978-1851543,kurta,1,M
406-7610255-7967567,Western Dress,1,XS
407-8451241-6900338,Set,1,XL
403-0020536-0351514,kurta,1,XL
406-5195233-5316331,kurta,1,3XL
406-6590998-3653116,Set,1,L
406-2598791-1985167,kurta,1,XXL
408-1675644-2753935,kurta,1,3XL
403-0753719-4572306,Western Dress,1,XL
403-2815341-9053922,kurta,1,5XL
171-1674120-8197114,Top,1,XXL
405-0932330-1144313,Set,1,S
406-7272589-1727512,kurta,1,3XL
404-2009573-9144309,kurta,1,XL
171-6084820-9827561,Set,1,3XL
405-3399307-3023537,kurta,1,XL
402-5261339-9028326,Western Dress,1,XL
403-7240597-8861905,kurta,1,S
406-3288805-1793144,kurta,1,M
406-3288805-1793144,kurta,1,M
406-3288805-1793144,Western Dress,1,L
406-3288805-1793144,Set,1,M
408-5297142-5593135,kurta,1,XXL
403-2501286-7017135,Set,1,XL
404-0031345-3460318,kurta,1,L
403-7858383-3779508,Western Dress,1,L
407-3557080-1396347,Western Dress,1,S
404-0287743-4465936,kurta,1,XXL
404-8102627-6229953,kurta,1,XXL
408-4686681-5401104,kurta,1,L
403-9320461-4046707,Western Dress,1,XL
403-3988355-3783506,Western Dress,1,M
403-2625858-6962735,Set,1,L
405-1081595-8785956,kurta,1,3XL
408-5220496-5193928,kurta,1,5XL
403-7497743-6893920,Set,1,XL
403-1728967-7585938,kurta,1,S
405-7948793-7873965,Set,1,XXL
407-4283011-5354700,Western Dress,1,S
171-3125993-5240357,Set,1,S
408-3541623-0753927,Western Dress,1,M
408-4198602-9569926,Set,1,M
407-2539305-8582712,Top,1,M
171-6804685-4423559,Bottom,1,M
404-2397925-3203532,Set,1,XL
406-8173282-7085941,Top,1,L
405-9544374-8471506,kurta,1,5XL
403-5100521-3911530,kurta,1,3XL
171-1144324-9213111,Western Dress,1,S
405-5919021-6793966,kurta,1,XXL
402-7610163-4128349,Set,1,XL
405-1637269-6183565,Top,1,XL
405-1637269-6183565,Top,1,XL
402-5616322-6045964,kurta,1,XXL
402-6002088-5927505,kurta,1,XXL
404-9258780-3551509,kurta,1,L
403-4945121-7075525,Set,1,XL
403-4945121-7075525,Set,1,XL
171-3537856-9893146,Set,1,M
407-3039048-7962753,Set,1,M
403-5138319-0761167,Western Dress,1,3XL
408-6053809-3397151,Set,1,XXL
407-7992779-0227568,Top,1,3XL
408-5985159-8253153,Set,1,XL
406-3372340-4297968,kurta,1,XL
404-8107158-1100305,Set,1,S
403-4227940-6744341,Western Dress,1,L
171-3592967-6977110,kurta,1,M
404-4246614-9175529,kurta,1,3XL
404-4246614-9175529,kurta,1,3XL
404-4246614-9175529,kurta,1,3XL
404-4246614-9175529,kurta,1,3XL
402-0915866-9335552,Top,1,XS
406-1196597-8666750,Western Dress,1,L
406-0443767-1593109,Set,1,3XL
404-2357944-9745955,Western Dress,1,3XL
404-0181076-0043523,Set,1,M
403-9948164-0289123,kurta,1,M
402-3303253-8667549,Set,1,XL
406-8223870-4505960,kurta,1,XXL
171-4394771-5777136,kurta,1,3XL
403-3975716-1058763,kurta,1,XS
406-0593166-6485939,Bottom,1,L
403-5622800-6302703,Set,1,3XL
404-6444663-3745958,Set,1,3XL
403-9274636-1445900,kurta,1,M
403-9274636-1445900,kurta,1,M
404-6047007-2605909,Set,1,XL
405-2897788-7020359,Top,1,L
407-3176759-5624305,Western Dress,1,XL
405-3983369-2881139,Set,1,M
408-4799403-5421941,Western Dress,1,S
171-2880658-1644312,kurta,1,L
171-2880658-1644312,kurta,1,L
171-6602749-6630739,kurta,1,S
171-1126350-7309948,Set,1,M
403-9147685-2008335,Set,1,XL
403-4565089-7074739,kurta,1,XS
406-8880519-3962725,Western Dress,1,M
403-9198467-4349925,Top,1,XL
402-3689333-4389127,Set,1,M
405-1225551-2163534,Western Dress,1,S
171-8561385-9456346,kurta,1,XS
406-0349384-0157176,Top,1,XL
405-9465495-5597958,kurta,1,M
406-2767594-7506745,kurta,1,XXL
402-5322719-6768302,kurta,1,XXL
403-4109828-2832323,Set,1,L
406-6555316-2287512,Western Dress,1,3XL
406-6555316-2287512,Western Dress,1,3XL
406-6555316-2287512,Set,1,3XL
171-0219159-2401144,kurta,1,XL
405-0024978-1152316,Western Dress,1,XL
408-4391094-6615559,Top,1,XXL
402-2714909-5401968,Top,1,XXL
407-4612327-1797934,Western Dress,1,XXL
405-4277840-4545961,kurta,1,M
402-6120961-8741127,Western Dress,1,S
406-3563755-7596368,Western Dress,1,L
406-3563755-7596368,Western Dress,1,L
406-3563755-7596368,Western Dress,1,M
405-7788064-5811537,Western Dress,1,XS
405-7788064-5811537,kurta,1,S
406-0032915-7738749,Set,1,M
406-8008271-2386725,Set,1,L
171-3920883-6174733,Western Dress,1,XL
406-9526743-3529166,kurta,1,3XL
406-6946598-6661113,Set,1,XS
408-2842139-9275501,kurta,1,XS
408-8877998-0488350,Bottom,1,3XL
408-8877998-0488350,Bottom,1,3XL
403-1492260-6082726,kurta,1,XXL
405-2406099-4647564,Western Dress,1,XL
408-0145236-3422750,kurta,1,M
402-5921789-2293960,Set,1,XXL
405-5216022-3592342,Western Dress,1,XXL
404-4203578-4165961,kurta,1,XXL
406-7174943-0984339,kurta,1,M
171-4724902-5147515,Set,1,3XL
408-8072046-1127567,Western Dress,1,XXL
405-4954693-5663562,Bottom,1,XXL
403-8529020-6495553,Set,1,3XL
408-2345181-6343550,kurta,1,XXL
402-8419183-9161933,kurta,1,S
408-4903415-2173926,Set,1,L
408-3401896-8330721,Set,1,3XL
407-2578025-8200308,Set,1,M
408-8002702-1029118,Set,1,XS
407-0844449-9793155,Set,1,M
405-6329627-8730714,Western Dress,1,M
403-7560322-6021146,Set,1,S
402-3644454-7513937,Set,1,L
171-3795781-6638752,Top,1,XXL
408-9546169-9369101,kurta,1,L
408-2062239-4069931,Top,1,XS
171-0353226-1049113,Set,1,L
404-7121868-8855561,Set,1,S
402-6308180-3469959,Set,1,L
405-8951668-6916314,Set,1,M
403-9580861-1197933,kurta,1,XXL
406-6420208-1457969,Western Dress,1,L
403-1410392-0302748,Set,1,M
403-8317361-0643538,kurta,1,M
403-8317361-0643538,kurta,1,L
404-6329037-5681903,Set,1,3XL
403-7336938-8693910,Bottom,1,S
406-4578267-4247524,Set,1,XS
406-8709768-6049102,Set,1,S
402-0885495-7022717,Set,1,L
402-0885495-7022717,kurta,1,L
402-3446958-4795524,kurta,1,S
171-0843669-9389942,kurta,1,XS
405-4961153-4489950,Top,1,XL
406-7665765-0685143,kurta,1,S
406-8909951-5474701,Bottom,1,XL
404-4133638-4560312,kurta,1,L
404-4133638-4560312,kurta,1,XL
402-4246613-7774728,kurta,1,M
404-5885380-2652326,Western Dress,1,L
403-1611901-0054737,Western Dress,1,M
408-6197782-5401109,kurta,1,XL
405-0624276-8505964,Western Dress,1,L
403-5804183-5097913,kurta,1,XXL
403-5804183-5097913,kurta,1,XXL
407-1962258-5742756,Set,1,3XL
408-0824336-4788328,kurta,1,6XL
408-0824336-4788328,kurta,1,6XL
402-2194751-1644329,Western Dress,1,S
408-9302789-2261959,Set,1,XL
171-1219588-4863557,Western Dress,1,M
408-7485420-7969909,kurta,1,M
407-7399833-2097140,kurta,1,3XL
406-0753896-4705928,Western Dress,1,3XL
405-3469213-7567528,Western Dress,1,XL
406-7203365-4566755,Set,1,S
405-0787726-8625940,Set,1,XS
403-4828849-6927515,Western Dress,1,XS
171-5871088-0057942,Set,1,XS
406-6529100-8037138,kurta,1,S
408-7464470-8812358,kurta,1,XXL
406-4014619-5584344,Ethnic Dress,1,XL
171-9400084-5153135,kurta,1,XXL
404-8771730-5856304,Set,1,L
405-4438222-1585913,Set,1,L
403-1825765-0335558,Western Dress,1,XS
406-9534332-7673932,Set,1,M
171-5821652-5361150,Set,1,M
404-8762025-8249131,kurta,1,3XL
402-4711305-0025912,Ethnic Dress,1,XXL
406-3015834-8092319,Western Dress,1,3XL
404-1508905-4952302,Western Dress,1,S
403-1448864-9549130,Set,1,3XL
407-2814526-4368315,kurta,1,XL
408-5023410-2849110,kurta,1,M
402-0866193-3339535,Set,1,XXL
404-6919500-3741137,Set,1,XL
408-7116256-4188369,Western Dress,1,M
403-1779814-2286759,Western Dress,1,S
403-1779814-2286759,Western Dress,1,S
405-7515092-1597910,Top,1,M
406-5084365-5017930,Set,1,M
403-5647123-0801906,Set,1,M
406-5276861-2732323,kurta,1,XL
402-5940577-5694732,Western Dress,1,XS
402-5940577-5694732,Western Dress,1,XS
407-9340324-8506701,Top,1,XL
407-0032607-7516372,Western Dress,1,XL
404-5613322-5829944,Western Dress,1,XL
171-5448512-5397943,Set,1,XL
406-1339651-0201142,kurta,1,XS
405-0418885-5560336,Set,1,XL
405-1703133-6967519,Western Dress,1,S
405-1703133-6967519,Western Dress,1,S
407-8243403-8326761,Set,1,M
408-1435861-4323567,Set,1,L
171-0281817-4972325,Western Dress,1,XL
171-4866444-9901105,kurta,1,XL
403-5590655-4917925,kurta,1,S
405-6368198-5292355,Top,1,L
405-6368198-5292355,kurta,1,L
402-0907573-8660335,kurta,1,L
402-3797539-9137130,kurta,1,L
407-1059973-0794729,Western Dress,1,XL
408-8636878-5787548,Set,1,M
403-3077869-4813117,Western Dress,1,XL
403-0562991-0845146,Set,1,L
402-7835672-7713132,kurta,1,XL
403-2432133-3170749,Western Dress,1,L
405-0891401-8965127,Top,1,S
408-2453215-2413142,kurta,1,XL
408-8495005-3557947,kurta,1,S
403-8566408-7041154,Western Dress,1,S
408-9297194-4173101,Western Dress,1,L
406-0865720-0995501,kurta,1,L
402-4610807-1582732,Set,1,XL
402-4610807-1582732,Set,1,XL
402-4610807-1582732,Set,1,XL
405-3428586-6625930,kurta,1,M
405-3428586-6625930,kurta,1,M
402-3703689-4405128,kurta,1,XL
402-3703689-4405128,kurta,1,L
402-3703689-4405128,kurta,1,XL
408-4174102-1505112,Ethnic Dress,1,XXL
408-3795703-1768322,kurta,1,6XL
408-0550399-6083506,Set,1,L
408-8342112-9738752,Western Dress,1,XXL
405-9398130-5901949,Set,1,L
407-1565258-4517943,kurta,1,L
407-0889043-0809148,Top,1,XS
407-0889043-0809148,Top,1,S
171-6842294-7593155,kurta,1,M
408-6600860-5409913,kurta,1,XL
403-4479110-4552309,Top,1,M
406-8799518-4210759,Western Dress,1,S
408-5985485-4715564,kurta,1,XL
404-8330108-6616357,Western Dress,1,3XL
402-8100744-1081105,kurta,1,XL
171-5337364-7639541,Western Dress,1,3XL
407-5749965-8689904,kurta,1,3XL
406-8611933-0177944,kurta,1,L
407-2894549-9088359,kurta,1,S
405-6570071-3163520,Set,1,XS
406-5080871-1135531,Western Dress,1,L
403-7457961-2639540,Western Dress,1,XL
407-5980508-5886701,Set,1,M
407-5706882-2959530,Ethnic Dress,1,S
171-7170749-6617166,Set,2,L
406-9468424-7923530,kurta,1,3XL
405-9796638-0677942,Set,1,3XL
402-8057899-9798709,Set,1,M
408-5449115-7037914,Western Dress,1,L
408-5449115-7037914,Set,1,M
406-0392988-5153142,Set,1,M
405-8440659-4861941,kurta,1,M
406-0998985-3164303,kurta,1,XL
403-1829708-6007562,Set,1,XXL
403-5351518-3502757,kurta,1,3XL
402-4341517-8063529,Set,1,XL
404-4035028-0564354,kurta,1,XXL
406-1478854-1469929,Western Dress,1,3XL
403-6875844-6397963,Western Dress,1,S
403-6875844-6397963,Western Dress,1,L
404-0324124-4773915,kurta,1,L
403-8548598-9383566,Set,1,XXL
402-3472156-3609146,kurta,1,XL
171-3650358-0306746,kurta,1,M
406-6524325-0321940,kurta,1,XXL
404-7915593-0389954,kurta,1,3XL
404-7915593-0389954,kurta,1,3XL
403-0868841-2970711,Top,1,XXL
171-6945499-1017917,Set,1,3XL
403-9323144-7350711,Set,1,M
171-5518087-1114737,Set,1,XXL
404-1586791-3160341,Top,1,XXL
408-5035923-5727539,Top,1,XS
406-5156161-3716352,Top,1,XL
405-3199439-5866726,Set,1,XL
406-8404037-9412331,Set,1,M
407-5706040-2215513,Set,1,XL
407-5706040-2215513,kurta,1,XL
404-1242414-9537162,Top,1,L
403-2922433-9001113,kurta,1,L
405-5603957-4902716,Western Dress,1,L
406-8207598-5194745,kurta,1,XL
406-1923133-1075556,Western Dress,1,XL
405-2558283-2740313,kurta,1,3XL
403-8544103-3538750,Set,1,XL
406-4535445-2436311,Top,1,3XL
407-2157940-6389959,kurta,1,M
406-1427177-2916311,kurta,1,XL
408-9124068-1753143,Set,1,XL
171-8110027-6045158,Top,1,XS
402-2122515-3217124,Set,1,M
403-4649194-1901145,Western Dress,1,XL
171-2319414-5246767,Western Dress,1,XS
408-3042781-8418718,kurta,1,3XL
402-8709638-8911513,Set,1,XS
403-4044550-4400347,Top,1,XL
407-3308165-5098729,Western Dress,1,S
407-0062352-3641136,Top,1,XL
403-7836598-1415504,Western Dress,1,L
407-5746869-6593944,Set,1,XS
406-6953167-1064332,Western Dress,1,3XL
404-5499943-5821120,Set,1,XXL
406-4729156-1461152,Top,1,XXL
171-7999100-8431530,kurta,1,3XL
404-6581986-7209146,kurta,1,XS
403-5160455-2645926,Bottom,1,L
408-2813553-5851542,kurta,1,3XL
406-2477299-7305168,Western Dress,1,S
402-9279323-9873107,Western Dress,1,XS
408-1027140-3074768,Set,1,S
403-9589673-1672315,Western Dress,1,XL
406-3467074-3011559,Blouse,1,S
403-8029068-8437918,kurta,1,XXL
408-9447754-5159517,Top,1,XL
405-3689699-7895569,Western Dress,1,XXL
406-5701320-9400363,Western Dress,1,L
406-9164363-3164329,Western Dress,1,XL
408-4421371-1625904,Set,1,XL
404-5434714-3594712,Western Dress,1,XS
404-5434714-3594712,kurta,1,M
171-2504267-2065948,Top,1,M
171-2012435-3333916,Bottom,1,3XL
171-2012435-3333916,Bottom,1,3XL
407-0673773-2472349,Ethnic Dress,1,XL
408-9624723-1497912,Set,1,XL
403-3202728-2386722,Set,1,XS
405-9764454-0334717,kurta,1,M
408-3298327-5350738,Top,1,XL
407-8253640-6101944,kurta,1,L
403-6937162-4973939,Western Dress,1,L
408-3352758-2809168,kurta,1,M
171-0273701-7729108,Western Dress,1,S
405-8795365-7894729,Western Dress,1,XS
407-7262244-4875544,Western Dress,1,XS
405-4053435-5898752,kurta,1,XXL
407-8212836-5118731,Western Dress,1,XXL
403-1501511-6724333,Western Dress,1,L
403-2934474-5217908,Western Dress,1,L
405-8889314-0869935,Set,1,L
408-4540417-9014739,Western Dress,1,XL
405-3445155-8513148,kurta,1,3XL
407-5607415-9721148,kurta,1,L
405-3758258-6443503,kurta,1,XXL
405-3758258-6443503,kurta,1,XXL
403-9780086-7704301,Western Dress,1,XS
407-5954856-6915533,Western Dress,1,XL
404-9465277-3532320,Western Dress,1,XL
405-8859147-6582755,Top,1,L
402-9493703-7437162,Top,1,XS
405-7698585-0720362,Western Dress,1,S
408-6800881-3025954,Set,1,S
402-4453186-9566723,kurta,1,L
408-6033501-6533924,kurta,1,XXL
408-6033501-6533924,kurta,1,XL
408-6033501-6533924,kurta,1,L
171-8388308-7031566,Western Dress,1,XL
405-9072513-4476360,Set,1,XXL
171-7443539-1857922,Western Dress,1,XL
407-6903576-1868329,Bottom,2,L
406-5092112-8310737,kurta,1,3XL
406-5092112-8310737,kurta,1,3XL
407-8705293-3109956,Western Dress,1,L
402-0526382-3113912,kurta,1,XXL
404-2751563-0293968,Set,1,XXL
406-7472657-0994767,kurta,1,3XL
406-7472657-0994767,kurta,1,3XL
406-7472657-0994767,kurta,1,3XL
405-7969739-3357118,Western Dress,1,S
405-6408274-8780354,kurta,1,XS
404-2729245-9033966,Set,1,M
408-4463305-4869921,Ethnic Dress,1,XL
408-6594964-3688317,Top,1,M
406-1421005-8419517,Set,1,M
171-7552464-8118758,kurta,1,XL
405-4298592-3080369,Set,1,XS
404-0247375-8645901,kurta,1,3XL
406-7440656-6773912,Western Dress,1,XL
406-2933516-9401121,Top,1,XXL
405-2818383-8976333,Top,1,L
408-9050364-6187503,kurta,1,XXL
171-5097828-8705960,Top,1,L
403-3217570-0981918,Set,1,3XL
408-7749568-4185919,Set,1,XL
402-5406869-9319566,kurta,1,L
407-6096986-1578759,Western Dress,1,XXL
406-3152864-8173125,Set,1,L
402-9881929-0184332,Set,1,XL
408-7809928-2013109,Set,1,M
404-3701561-2080315,Set,1,XXL
408-4504330-6605960,kurta,1,XL
406-9483930-2609953,Set,1,XXL
403-4879052-1269967,Western Dress,1,M
404-5203226-2362745,Bottom,1,M
408-3125434-4675549,kurta,1,S
402-8098353-3450745,Set,1,L
402-8098353-3450745,Set,1,L
402-8098353-3450745,Set,1,L
407-6410029-2191502,Top,1,XL
403-9488766-8165937,Set,1,3XL
405-8336974-6574749,kurta,1,M
406-2311602-2249108,kurta,1,XXL
408-2432187-6185148,Set,1,L
171-3855558-7021956,Western Dress,1,S
403-4061520-2323542,Western Dress,1,XS
402-8337079-4785923,Set,1,3XL
404-0426644-4966706,Western Dress,1,XXL
404-5900930-2671560,Set,1,XL
171-3077431-0354719,Set,1,XL
404-5524761-8708310,Set,1,XS
405-1795705-7982721,Western Dress,1,XXL
402-8004036-0227507,Set,1,XS
403-6784302-8217120,Western Dress,1,3XL
405-1758637-6421131,kurta,1,6XL
407-7396478-2039526,Set,1,XXL
408-9936726-1547522,Ethnic Dress,1,XXL
402-0079449-4390779,Western Dress,1,L
403-7361596-7297123,kurta,1,L
408-8466290-5851558,Set,1,M
408-3303896-8745127,kurta,1,L
408-3303896-8745127,kurta,1,L
405-3722792-1922752,kurta,1,XXL
404-9830383-6291563,kurta,1,XL
407-4499582-6272355,Western Dress,1,XL
404-5040425-0321139,kurta,1,3XL
407-7674225-8778719,Set,1,XL
171-9591120-9361140,Set,1,XL
408-8022241-0339550,Western Dress,1,3XL
405-9224324-9597928,kurta,1,XL
403-4465974-8283562,Set,1,M
406-3928341-7045139,Western Dress,1,3XL
404-3475382-2201931,Western Dress,1,S
406-1591799-9799542,Top,1,3XL
408-7160729-4093154,kurta,1,3XL
403-9283695-9668329,Western Dress,1,3XL
408-6703823-2421168,Set,1,XS
404-5005652-0925963,kurta,1,XXL
404-5005652-0925963,kurta,1,XXL
404-5005652-0925963,kurta,1,XXL
404-5005652-0925963,kurta,1,3XL
405-2453704-3622725,kurta,1,L
408-1323511-6833926,Western Dress,1,S
407-6227670-4728352,kurta,1,L
407-6386819-7563542,Set,1,XS
406-9192347-0044334,kurta,1,XXL
408-1689339-3973112,kurta,1,3XL
403-5429023-3422759,Set,1,L
403-3193495-3223549,kurta,1,XXL
404-6617893-4108348,Set,1,L
406-2597660-6372351,Set,1,XXL
407-9013016-4945103,kurta,1,L
406-9962513-6671534,Set,1,S
405-7549153-6807546,Western Dress,1,L
406-2737177-6509157,kurta,1,S
171-9259705-8782726,Western Dress,1,XS
408-9098991-8865923,Western Dress,1,S
171-3890631-6574706,kurta,1,L
406-6513809-0545150,Top,1,M
171-3084277-5299506,Set,1,L
402-6612966-9842758,Top,1,M
402-4826476-0096330,kurta,1,M
402-8793664-0289929,kurta,1,M
408-4667637-3528350,Set,1,M
404-5959635-0470756,Set,1,3XL
406-3455774-4097164,Set,1,XS
405-7945824-7101948,Ethnic Dress,1,XXL
408-6516950-4909969,Set,1,L
404-4936719-1619529,Set,1,XXL
171-3184581-3238704,Top,1,3XL
406-2141207-0784308,kurta,1,XL
403-7660383-6314700,Top,1,XS
408-7217774-7521918,Set,1,XL
406-2708296-4669953,kurta,1,M
402-3215850-8233951,Set,1,L
171-8007108-7809960,Set,1,M
406-5879631-7634728,Western Dress,1,XL
404-3265530-9890755,kurta,1,XXL
408-9527983-9098767,Set,1,XS
171-6783377-8320353,Western Dress,1,M
171-6891057-8449115,Set,1,M
171-6891057-8449115,Set,1,M
171-2199151-9539536,Set,1,M
404-5861073-5177947,Set,1,XXL
403-5501513-1839535,Set,1,M
404-5429831-3483527,kurta,1,XL
404-7250402-8613113,Top,1,S
171-3908113-5219502,kurta,1,S
171-3908113-5219502,kurta,1,XS
405-5385413-0947546,kurta,1,L
402-3512123-2721113,Western Dress,1,S
404-5573787-8819556,Set,1,L
404-2023542-0090719,Western Dress,1,M
408-6884884-9467501,kurta,1,XXL
408-6884884-9467501,kurta,1,L
402-5880129-5488329,kurta,1,XL
404-7078846-5525127,kurta,1,L
404-7078846-5525127,kurta,1,L
408-5161318-0581126,Set,1,M
402-3112971-6270741,Set,1,M
404-2759304-3686729,kurta,1,XXL
405-5765164-7851546,kurta,1,3XL
403-1620892-3849123,Top,1,L
404-3404303-6651527,Western Dress,1,XS
407-5031053-1366747,Top,1,M
402-1671188-2995563,kurta,1,XXL
406-5483677-7215527,Set,1,XL
171-9217192-8355548,Set,1,3XL
171-9217192-8355548,Set,1,3XL
171-9217192-8355548,Set,1,3XL
407-8410727-2012343,Western Dress,1,L
405-3859453-0779505,Western Dress,1,XL
405-0298352-2924342,Western Dress,1,L
171-5786372-4831524,kurta,1,XXL
408-8832831-1631500,Set,1,L
407-0359783-7957142,kurta,1,M
404-6463741-5349112,Western Dress,1,L
405-7546872-0994721,kurta,1,L
405-7546872-0994721,kurta,1,L
402-7906011-0847502,Set,1,M
408-9754040-4603556,Set,1,XL
404-7234960-4763521,kurta,1,S
406-1700315-4259527,kurta,1,L
408-3094603-6336327,Set,1,L
406-7009690-5754712,Western Dress,1,S
402-5866795-2135561,Set,1,3XL
407-3486225-7533940,Set,1,XS
403-6738409-6705135,kurta,1,M
171-6261024-0096344,kurta,1,6XL
407-4355572-3491536,kurta,1,M
403-5398824-1998720,Bottom,1,3XL
171-6134079-6459552,Set,1,L
406-5218047-3435514,Set,1,XXL
403-8953825-1082734,Set,1,L
404-8373191-1702718,kurta,1,XXL
403-7313575-6169110,Set,1,XXL
407-0384984-5361950,Western Dress,1,3XL
404-8539245-4277105,kurta,1,L
171-8856832-0988361,Western Dress,1,M
406-3419115-9829937,Top,1,XXL
404-5665057-0769169,kurta,1,L
171-3828019-3945157,Western Dress,1,XL
404-7228824-6552345,kurta,2,L
404-3434967-5244330,Western Dress,1,M
408-9212870-8097131,kurta,1,XL
171-7926658-0678722,Set,1,XL
171-7463323-8211524,Set,1,L
403-0372818-8315518,kurta,1,XS
404-1569794-9697961,Set,1,M
408-1149440-6873159,Western Dress,1,M
408-1149440-6873159,Western Dress,1,M
171-7892012-7333965,Set,1,S
402-7566425-3793147,Top,1,M
171-5024430-0960353,Western Dress,1,S
408-0709516-5176352,Western Dress,1,S
408-7216622-7341147,Set,1,XL
405-8922074-8574740,Set,1,XL
404-1840490-5845963,kurta,1,M
405-4106397-2792305,Set,1,M
171-0705463-8841924,Set,1,XL
402-9689774-6185153,Set,1,S
405-4038502-4371500,Set,1,XXL
404-5260829-7890727,Set,1,XL
403-8472168-9269136,Set,1,M
408-8010123-7628328,Western Dress,1,S
408-2920948-8243564,Top,1,XL
403-8481274-7255510,kurta,1,XXL
402-6735788-5339559,kurta,1,XXL
408-4769193-5149148,kurta,1,XL
407-2559200-4041960,Set,1,S
405-4408084-5265935,kurta,1,XXL
171-1501103-4965167,Set,1,L
171-6993009-7041962,Top,1,M
404-4208050-6461961,kurta,1,3XL
403-5236850-0505946,Set,1,XL
407-7354314-2261913,Western Dress,1,XXL
403-3808397-0141138,Set,1,L
406-5688769-4618717,kurta,1,L
403-1362978-4409922,Western Dress,1,3XL
403-8537129-4614755,kurta,1,XXL
171-2450495-2842761,Western Dress,1,S
404-7528912-0308356,Set,1,S
407-8990003-3455568,Western Dress,1,S
402-4604066-4977906,kurta,1,XS
403-9725026-9443544,Western Dress,1,L
403-2073733-1911514,kurta,1,L
171-2952978-7577107,kurta,1,3XL
403-8150519-3068342,Set,1,XL
403-8150519-3068342,Set,1,XL
407-4176555-2729124,Bottom,1,XL
408-8140955-6798741,Western Dress,1,L
406-3463320-9445134,Western Dress,1,XL
404-7663808-0021169,Set,1,M
408-0892466-3919523,Western Dress,1,XL
402-2492273-8267502,Western Dress,1,L
403-8239140-5826741,Western Dress,1,XXL
402-5760713-9201122,Set,1,3XL
407-1081344-9706708,Set,1,S
407-1057366-6979546,Western Dress,1,S
404-8008645-8054758,Set,1,M
171-4865046-9877134,Western Dress,1,3XL
402-4268780-0664345,Set,1,M
405-4048488-8069907,Western Dress,1,L
403-3340805-0172353,Set,1,M
408-0553959-1305159,kurta,1,S
408-0553959-1305159,kurta,1,S
171-1421846-0415512,kurta,1,XS
403-5091125-2486732,Western Dress,1,XS
171-4439880-2522746,Western Dress,1,XL
405-6857795-6247510,kurta,1,XL
171-2365062-1617162,Set,1,M
404-8959778-1904319,Western Dress,1,L
402-6821089-5880311,kurta,1,L
403-4823621-6506769,Western Dress,1,M
405-7163059-7733164,Western Dress,1,XL
405-6840436-8648363,Set,1,L
403-6751963-1810756,Western Dress,1,XL
407-3730726-1270735,kurta,1,S
171-8678691-8709946,Western Dress,1,M
171-1709832-5734727,kurta,1,3XL
405-4554766-5799563,Western Dress,1,S
404-9476225-6066757,Set,1,L
405-2176362-5087506,Western Dress,1,M
402-7241269-7213101,Western Dress,1,L
406-1726943-1057951,Set,1,L
407-1871134-2737132,Set,1,L
405-6391463-5683501,kurta,1,XL
402-3951308-9570769,Set,1,XL
404-3040709-2420318,kurta,1,3XL
403-8615177-8134706,Western Dress,1,S
171-1335286-1972309,Set,1,XL
402-0006094-5700328,Western Dress,1,M
403-0427962-2637116,Set,1,S
405-8751299-1085139,Ethnic Dress,1,3XL
402-4199481-4658745,kurta,1,M
405-1824597-8670727,kurta,1,XXL
406-3059055-9213160,kurta,1,6XL
405-3216386-1234763,Western Dress,1,XXL
405-2853254-6132337,Western Dress,1,L
408-3200652-3316354,Set,1,M
406-3267057-0092367,Western Dress,1,S
404-1968242-9221110,kurta,1,3XL
404-8214249-1417146,Ethnic Dress,1,L
403-9410593-8073953,kurta,1,L
402-5039263-7730762,kurta,1,L
407-8170239-1990712,Western Dress,1,S
403-5049047-3148340,kurta,1,XXL
403-8911433-9770724,Set,1,XL
404-9391894-9119560,kurta,1,XL
403-6930884-0022753,Western Dress,1,XXL
405-2476816-8731503,Set,1,XL
403-5774565-3242727,Western Dress,1,L
402-4207609-4381960,Western Dress,1,L
402-8987773-3201157,Western Dress,1,S
171-7932262-4492318,Set,1,M
408-4095590-3985934,Western Dress,1,XXL
405-0192498-4158735,kurta,1,L
408-4932489-8972363,kurta,1,L
171-4147282-0482769,Set,1,M
402-1799492-6921916,Set,1,M
408-6142481-5250727,Western Dress,1,M
406-9421771-6265119,Western Dress,1,L
403-0091203-1094713,kurta,1,XL
171-2686399-8780363,kurta,1,M
403-5707268-9081132,Western Dress,1,XL
403-5707268-9081132,Western Dress,1,XXL
171-2959739-0207516,Western Dress,1,L
408-9944751-7692333,Top,1,S
407-0668660-8100311,kurta,1,S
408-8967692-1630740,kurta,1,L
171-4511939-4261963,Top,1,L
171-2670917-5650742,Set,1,S
404-1215020-5487514,Set,1,3XL
403-7569139-4270724,Western Dress,1,XL
171-7285117-3486739,kurta,1,XXL
402-3243712-8890724,Top,1,XXL
171-8725031-8705959,Top,1,XL
171-8725031-8705959,Top,1,XL
171-8725031-8705959,Western Dress,1,XL
402-4798122-9611539,Western Dress,1,S
171-5420246-4260340,kurta,1,5XL
405-0303350-2687529,Set,1,XXL
404-7656183-1465160,kurta,1,M
403-7205441-2817149,kurta,1,XXL
408-3188148-1445116,kurta,1,XL
407-8717530-2441916,Western Dress,1,XS
404-0914684-0409115,Western Dress,1,XS
408-0162234-2264342,Set,1,XXL
407-3981688-3616306,Set,1,3XL
402-6587720-3860309,kurta,1,XXL
404-7191163-0053955,Western Dress,1,XL
404-7191163-0053955,Western Dress,1,XL
407-0901521-0384309,Set,1,S
404-9828878-5608353,kurta,1,L
405-9327671-6304335,Western Dress,1,L
405-1120352-5842762,Set,1,XXL
405-1120352-5842762,Set,1,XL
405-0598827-3379504,Set,1,S
404-3431977-4794732,Set,1,XL
402-8820577-7519520,Set,1,XXL
404-9446546-1651521,Western Dress,1,XXL
171-3257610-9237139,kurta,1,L
404-2514397-5384342,Western Dress,1,L
407-1079686-8537959,Top,1,L
402-8225641-7579538,kurta,1,XL
405-5605542-3480342,Western Dress,1,M
405-2296820-0532348,Western Dress,1,XS
408-2421887-4839565,Western Dress,1,XXL
407-2784617-4751520,Set,1,XL
402-8320561-1726757,kurta,1,L
407-7436087-2394756,Top,1,3XL
404-4814202-4931557,Western Dress,1,S
408-3330236-4681911,Set,1,XL
406-1905348-3240307,Set,1,L
404-0809763-4513110,kurta,1,L
404-0809763-4513110,Set,1,L
403-9177586-0164345,Set,1,M
408-9921623-7733165,Set,1,XL
404-1437355-5573963,Set,1,XS
405-0143643-9234707,Western Dress,1,XXL
405-2641216-7228347,Western Dress,1,S
404-1632593-1225132,Western Dress,1,XL
407-5748939-4581150,Western Dress,1,M
403-5287934-5953103,Set,1,XL
402-2723787-0673908,Western Dress,1,XL
403-3575522-2847514,Ethnic Dress,1,L
407-3976291-1398729,Top,1,XL
407-5983030-0364308,Western Dress,1,L
403-1256993-1576307,Set,1,XL
408-0072175-5315566,kurta,1,XL
404-7512033-3593949,Western Dress,1,XL
407-2380622-8036312,kurta,1,S
407-2380622-8036312,kurta,1,S
406-0142854-5274709,Set,1,XL
406-4059965-7153941,Set,1,3XL
404-6285316-8819548,Set,1,XL
404-0413210-1009962,kurta,1,L
406-0452967-3645927,Set,2,M
404-7325357-1645946,Set,1,XS
171-1449271-9886769,Western Dress,1,M
404-8398986-9983518,Set,1,XS
408-6891630-5556331,Ethnic Dress,1,XL
405-1233287-2993905,Western Dress,1,XL
403-9706099-0807561,Set,1,L
408-0708985-2009920,Set,1,L
408-9494838-1016339,Set,1,XL
402-7489295-6076324,kurta,1,5XL
402-7489295-6076324,kurta,1,6XL
406-5629779-0343542,Set,1,XL
406-5629779-0343542,Set,1,M
403-4538682-3889959,Top,1,3XL
408-9692850-4513964,Western Dress,1,L
404-5573482-0823500,Western Dress,1,XL
403-9476789-3229154,Top,1,XXL
408-3184641-1099543,Blouse,1,XXL
405-9018408-9056328,Western Dress,1,3XL
407-0425665-2453956,Western Dress,1,S
405-0770671-2810727,kurta,1,XXL
406-0035312-0119574,Set,1,M
403-4165708-4626744,Western Dress,1,XXL
406-1854012-5828335,kurta,1,XL
402-8296017-8961925,Set,1,L
408-1408938-0569939,Western Dress,1,M
405-5716135-6972360,kurta,1,XXL
171-4099359-2041151,Western Dress,1,3XL
404-8712499-9778702,Top,1,M
404-8102303-8522741,Set,1,S
408-2857134-0841958,Set,1,XS
404-0597759-7963545,Set,1,M
408-8093309-4238741,Set,1,S
403-0891974-8701944,Set,1,M
407-4263884-3210722,Western Dress,1,S
402-3586834-5658721,Set,1,XL
403-9118527-4314747,Set,1,XXL
407-7712535-0399540,Western Dress,1,XXL
405-5213238-5334737,Set,1,M
407-8974709-8165155,Set,1,XS
171-3720518-8578766,Set,1,S
404-2175277-0998704,kurta,1,L
407-8124432-0625151,Set,1,XL
404-0268833-6106720,Ethnic Dress,1,S
405-2329681-2406709,Top,1,XL
408-7938425-2530702,Set,1,3XL
402-8502559-2900348,kurta,1,XL
407-4436301-4179521,kurta,1,XL
407-6891028-5477139,Set,1,XL
408-4597310-5313112,kurta,1,XL
406-7257028-7087554,kurta,1,L
171-3338088-0396344,kurta,1,6XL
404-0761729-3029122,Western Dress,1,L
408-4686308-6807529,Bottom,1,3XL
407-3095706-3767569,Set,1,L
408-8280190-6955559,kurta,1,L
404-1021148-5780365,Set,1,XS
407-1345235-1265903,kurta,1,M
171-9735574-7226768,Set,1,S
403-8825613-2561148,Western Dress,1,M
405-4062796-5378757,Set,1,XL
402-3363359-3099569,Set,1,S
406-6615461-2209169,kurta,1,L
402-5635096-6384365,Western Dress,2,3XL
405-8094016-1563534,Set,1,XL
405-6070808-8185147,Set,1,M
405-8148409-3711509,Set,1,XS
402-3754384-7937923,kurta,1,3XL
402-3754384-7937923,kurta,1,3XL
402-3754384-7937923,kurta,1,3XL
402-3754384-7937923,kurta,1,3XL
402-3754384-7937923,kurta,1,3XL
406-4831908-6906755,Set,1,XS
404-5663774-3000357,Set,1,XL
406-5954786-6203501,kurta,1,XXL
408-3025973-2929955,Set,1,XXL
403-0640757-7503505,Set,1,M
408-4447265-3537108,kurta,1,XXL
405-4492499-4169143,kurta,1,L
406-3070925-8831524,kurta,1,XXL
408-0192628-8902741,Set,1,S
171-2323033-4230747,kurta,1,3XL
406-6099890-1421919,kurta,1,XL
171-1271389-0019521,Set,1,M
404-5834323-5574742,Set,1,3XL
408-9954515-8573127,Set,1,M
408-9954515-8573127,Set,1,XXL
407-7215680-9911520,Western Dress,1,XL
408-9518493-4233100,Top,1,L
402-4332399-2214727,Set,1,3XL
407-3312143-2929109,Set,1,3XL
403-4277107-8613959,Western Dress,2,S
403-8155274-3412359,Set,1,M
403-4907461-6633142,kurta,1,XXL
404-8638559-1049963,Set,1,L
171-1501319-4433901,kurta,1,M
171-1501319-4433901,kurta,1,M
404-8361753-0663525,Western Dress,1,XXL
402-9253285-0058758,Set,1,3XL
407-7060649-3686763,Top,1,XL
404-0743816-8105136,kurta,1,L
405-8141125-1504366,Set,1,L
407-1861652-7819537,Top,1,M
171-2528152-9305913,Top,1,M
408-7886445-2102760,Set,1,S
408-7886445-2102760,Set,1,S
407-6295247-6845143,Western Dress,1,XXL
405-7617695-4770725,Top,1,3XL
408-3597332-2477935,Set,1,L
407-7369932-9101938,kurta,1,L
405-3084311-0958720,Set,1,M
408-1529842-6746732,Set,1,S
406-1983102-7945162,Set,1,XL
405-7127469-7774706,Set,1,M
404-7791919-7733922,Western Dress,1,3XL
405-5415660-3553967,Set,1,XXL
403-7985392-2155538,kurta,1,L
408-1065121-1246718,Set,1,XS
407-8940203-5033112,kurta,1,4XL
407-6479361-5611545,kurta,1,M
408-3136227-8541945,Set,1,XL
171-7629444-4703525,kurta,1,M
405-0158915-3701963,Set,1,XS
404-4622758-7929945,Set,1,XS
407-7496647-0825138,Set,1,XL
402-8425790-6422767,Set,1,XXL
405-8687088-2099511,Set,1,S
403-8714817-5961135,Western Dress,1,S
408-0550812-5890733,kurta,1,L
404-8378082-0561939,kurta,1,S
405-0305135-0643515,kurta,1,L
403-3690195-8077152,Top,1,M
404-6755693-6872349,Set,1,XL
404-6755693-6872349,Set,1,S
402-1296814-9177952,Western Dress,1,S
403-7775865-7220348,kurta,1,XXL
406-0057930-7811526,Set,1,XXL
171-1387268-4317140,Western Dress,1,S
408-6554440-9965928,Top,1,3XL
405-9861742-5833135,Western Dress,1,M
406-7191404-3741958,Western Dress,1,XS
402-5004683-4785916,Western Dress,1,S
406-7224257-6842739,Top,1,XL
402-4690515-6421913,Top,1,3XL
405-0432177-0229105,Set,1,3XL
171-9936574-4216316,kurta,1,M
171-0185161-4176330,Top,1,XL
406-1263311-0725927,Ethnic Dress,1,L
407-3428666-6402749,Set,1,M
405-3600562-5981140,Set,1,L
405-1228862-5964332,kurta,1,XL
171-5984813-1166765,Western Dress,1,XXL
408-3454289-2878701,Set,1,XXL
408-5815574-3926743,Top,1,XL
406-4022439-7460361,Set,1,L
408-5891296-9524342,Set,1,XXL
171-5368350-4334725,kurta,1,S
407-7899697-9802719,Set,1,L
403-3005684-5317159,kurta,1,L
408-3282990-9412362,kurta,1,M
171-0884245-4888324,Set,1,M
171-1848289-9113955,kurta,1,5XL
407-6439739-4041966,kurta,1,3XL
402-9858827-7853901,Top,1,L
402-9858827-7853901,Top,1,M
402-4418385-5769921,Western Dress,1,XXL
407-6133617-4202742,Set,1,S
402-1416997-0657106,Set,1,3XL
408-0189846-9586703,kurta,1,M
404-5669670-5317121,Western Dress,1,S
408-5574056-3282713,Western Dress,1,L
408-3207626-6437142,kurta,1,S
171-6966241-4420367,kurta,1,M
402-7433381-8533168,Western Dress,1,M
406-7343416-6310748,kurta,1,M
408-0758368-5014723,Set,1,L
403-6684549-4894738,Western Dress,1,L
405-2789321-9371554,Western Dress,1,XXL
406-0670901-4477137,Western Dress,1,XL
406-0670901-4477137,Western Dress,1,XL
402-3327905-6936338,Western Dress,1,S
402-4789272-9085951,Western Dress,1,XL
406-8832287-9905925,kurta,1,L
406-8832287-9905925,kurta,1,XL
171-9919354-8645906,Western Dress,1,L
406-0040933-7315554,kurta,1,M
403-0668262-8085157,Top,1,3XL
171-6173813-6941921,Western Dress,1,S
405-2935905-9558764,Set,1,3XL
171-4929600-8409105,kurta,1,L
403-2367942-1289112,kurta,1,3XL
403-2367942-1289112,kurta,1,3XL
402-9978601-8410744,Western Dress,1,S
407-8119825-1208314,kurta,1,6XL
407-0139921-2752303,Set,1,XS
402-8245423-0967521,Set,1,XL
406-4154110-3658703,Set,1,XL
405-1026592-1627505,Set,1,M
406-5804581-0254710,Set,1,M
406-5804581-0254710,Top,1,L
171-9668500-4897124,kurta,1,M
171-9668500-4897124,kurta,1,L
171-2775526-1241901,Western Dress,1,L
407-2778027-7411500,kurta,1,S
407-2778027-7411500,kurta,1,S
402-8705135-9894704,Western Dress,1,3XL
404-6220371-9964328,kurta,1,S
404-2984737-4602763,Set,1,M
407-4026524-2753138,Set,1,M
402-5714532-6197107,Set,1,XL
408-8169960-8807509,Western Dress,1,XL
404-8935089-4156366,Blouse,1,L
408-0616095-0321150,kurta,1,XXL
408-0616095-0321150,kurta,1,XXL
171-9384729-4209100,kurta,1,3XL
403-1055558-7602700,Western Dress,1,M
406-5292279-9138711,kurta,1,L
403-9059284-9276335,Western Dress,1,L
408-9890201-3584367,Western Dress,1,L
405-3738404-2998759,Set,1,XXL
408-4341261-3067522,kurta,1,XXL
407-0692289-3424339,Set,1,M
171-4028677-6982727,Western Dress,1,XL
171-5607645-8629124,Set,1,S
408-2169427-2569924,Set,1,L
406-7431362-8368320,Set,1,M
406-4969572-5774735,kurta,1,L
171-0656979-7016310,Set,1,M
402-1693923-4254707,Western Dress,1,XS
402-0696465-3773135,Set,1,XS
402-1886760-1598713,Bottom,1,M
402-3769445-0577165,Western Dress,1,S
406-7949307-4120323,Set,1,S
408-5779985-5141138,Western Dress,1,L
408-6831946-5261902,Set,1,S
408-6831946-5261902,Set,1,S
403-3589229-2585115,Western Dress,1,M
408-0341606-6057956,Western Dress,1,M
406-0718277-7134743,Set,1,L
406-0103726-4245176,Set,1,XXL
403-2139495-3515505,Western Dress,1,M
408-9653158-3969924,Western Dress,1,M
407-4031474-1475502,Set,1,3XL
405-4636452-9235506,Top,1,S
171-5418635-6622707,Western Dress,1,M
403-8899117-8545111,Top,1,XL
403-8899117-8545111,Top,1,XL
404-6520459-5200332,Set,1,M
404-1843924-4642727,kurta,1,L
405-4417948-4849130,Western Dress,1,S
171-0160588-5106775,kurta,1,S
408-0173577-0879517,kurta,1,S
171-9221521-2857133,Set,1,L
403-5132421-5961922,Set,1,M
171-0706521-2133101,kurta,1,XXL
171-0706521-2133101,Set,1,XXL
171-0706521-2133101,Set,1,XXL
171-0706521-2133101,kurta,1,XXL
171-0706521-2133101,Set,1,3XL
171-0706521-2133101,Set,1,XXL
171-0706521-2133101,Set,1,XXL
171-0706521-2133101,kurta,1,XXL
171-0706521-2133101,Set,1,3XL
406-2017378-3673969,Western Dress,1,XL
404-1238092-8401146,Western Dress,1,3XL
403-1665242-9845949,Western Dress,1,S
406-6228911-5183517,Set,1,S
404-6563710-0817940,Western Dress,1,L
404-9395790-6846709,kurta,1,XL
404-3737069-1989902,Western Dress,1,XL
407-6643498-0785909,kurta,1,3XL
402-4056711-6234722,Set,1,S
405-1886008-3252332,Western Dress,1,XXL
408-8507769-7593966,kurta,1,S
407-4399396-0017903,Set,1,XXL
408-6893717-7928306,Top,1,M
402-6928444-3916300,Western Dress,1,S
408-2715616-1753943,Ethnic Dress,1,S
404-7418722-2757156,Top,1,S
171-0386419-8932317,Set,1,M
171-9168795-6056362,Western Dress,1,S
403-6608379-5848367,kurta,1,3XL
402-9345690-6477904,kurta,1,XXL
403-9710138-3177904,Western Dress,1,L
406-8932542-4541925,Western Dress,1,XXL
408-9035222-2929906,kurta,1,XXL
402-2132211-2164307,kurta,1,3XL
407-6074397-4036339,Western Dress,1,M
403-1169555-6142735,Set,1,XXL
408-1398139-7059555,kurta,1,L
403-3977481-6345155,Set,1,L
171-5831252-6313117,kurta,1,S
171-5358501-0865951,Set,1,XL
403-1280407-3959541,Western Dress,1,XL
402-0002083-8650767,Set,1,S
405-8079056-1790706,kurta,1,XXL
404-0826806-2070709,Set,1,XL
404-0890224-4913929,Western Dress,1,XL
403-6023424-6746763,Set,1,L
171-3561318-3501121,Set,1,M
405-1665680-0253953,Set,1,M
408-7540008-6258704,Top,1,M
402-2565860-6650732,Top,1,XL
403-1137984-5870749,Western Dress,1,XL
406-4930439-3996324,kurta,1,L
406-4930439-3996324,kurta,1,L
405-8580461-1356311,kurta,1,XXL
403-2952661-3397929,Western Dress,1,M
403-7206250-8289159,kurta,1,XS
402-5626108-1993121,kurta,1,3XL
171-0100282-3501167,kurta,1,M
406-9603858-5188353,Western Dress,1,L
407-2561858-4515500,kurta,1,XS
402-1750923-8642760,Set,1,XL
405-0079056-4645124,Western Dress,1,M
404-0925133-8828341,Set,1,XXL
402-3057561-3225951,Set,1,XXL
403-3467271-0828306,Western Dress,1,M
408-2318050-3977937,Set,1,XL
403-4984044-8729113,Set,1,3XL
403-9052731-5961103,Bottom,1,XXL
402-9994848-8765108,kurta,1,XL
405-6154309-8410721,Western Dress,1,L
405-1674892-0129164,Western Dress,1,XXL
408-8544200-8048360,Set,1,XXL
405-6013852-0958724,Set,1,M
405-6013852-0958724,Bottom,1,M
405-6013852-0958724,kurta,1,S
406-1184237-3510749,Set,1,M
406-1184237-3510749,Set,1,M
406-1184237-3510749,Set,1,M
406-1184237-3510749,Western Dress,1,M
406-1184237-3510749,Top,1,L
406-1184237-3510749,Set,1,M
171-0740493-9729914,Set,1,XL
405-6943146-0420322,Set,1,3XL
171-0214684-2433104,Set,1,3XL
403-4942333-2641150,Western Dress,1,XL
171-5939150-0678711,Set,1,M
171-7336894-3354728,kurta,1,3XL
403-8013350-5684347,kurta,2,XXL
402-0530768-5328353,kurta,1,3XL
171-8503142-5261904,kurta,1,S
402-2870358-9489160,Western Dress,1,XL
402-4998778-0365955,Top,1,XL
403-9358398-7057910,Set,1,L
171-8378210-4227557,Top,1,3XL
171-8378210-4227557,Top,1,3XL
405-5375603-1269901,Top,1,L
408-5181223-9073140,Set,1,M
408-3148639-0985959,Western Dress,1,XL
408-3148639-0985959,Top,1,XL
408-3148639-0985959,Western Dress,1,L
171-4486764-1669165,kurta,1,3XL
404-7441578-4893154,Set,1,L
403-3616164-2679546,Set,1,M
407-1722592-8293152,Western Dress,1,L
405-5951823-5577135,Set,1,3XL
407-8971122-4153108,Western Dress,1,M
403-2546231-6692320,kurta,1,M
405-2408124-8814744,Top,1,S
407-1737681-4618721,kurta,1,XXL
406-2556613-9181925,kurta,1,XL
406-6825007-0258711,Top,1,XXL
403-2050340-6826724,Set,1,S
406-3790948-9521103,kurta,1,XL
402-0006676-8693972,Blouse,1,XL
171-6438893-1217912,kurta,1,5XL
404-7577805-3888362,Western Dress,1,M
408-1243458-6654703,Western Dress,1,XL
404-9475427-7561918,kurta,1,3XL
404-9475427-7561918,kurta,1,3XL
404-9475427-7561918,kurta,1,3XL
406-5920112-4109953,Set,1,M
404-3805198-1126748,Western Dress,1,XL
408-7132957-4246710,Set,1,L
405-7208997-1925925,Set,1,XL
405-7208997-1925925,Set,1,XL
171-3060726-9041957,Western Dress,1,XXL
408-5457175-4573108,Set,1,S
171-2063046-6940345,kurta,1,6XL
171-2063046-6940345,kurta,1,6XL
403-5917915-4132314,Western Dress,1,XXL
403-0776382-4993919,kurta,1,3XL
402-8498017-5717910,Set,1,L
408-2284705-8889957,kurta,1,S
402-8803114-2956314,Western Dress,1,L
171-4402036-5946713,Set,1,M
403-1111729-6628346,Western Dress,1,3XL
408-8829348-3805910,Blouse,1,M
404-4670286-1166751,kurta,1,L
403-6015661-0651563,Set,1,XL
408-9510859-6570748,kurta,1,XS
406-0878053-9966727,kurta,1,M
403-1854764-6309131,Set,1,L
408-4543401-6835554,kurta,1,L
404-7485368-5053110,Set,1,M
406-2814994-6505128,Set,1,3XL
408-7348026-3463559,Top,1,S
408-3889412-0821900,Western Dress,1,XL
405-5921734-1737151,Western Dress,1,L
408-5441881-5166732,Western Dress,1,XS
171-0781898-6598751,Western Dress,1,L
408-8465204-1369140,Set,1,S
402-3640314-5432350,Western Dress,1,L
403-5635322-4529942,kurta,1,6XL
407-4815231-5903535,Ethnic Dress,1,XL
407-4815231-5903535,Western Dress,1,XL
407-3170882-8544334,Western Dress,1,XL
408-1076470-7016346,Set,1,XL
404-4698695-9601969,Set,1,XL
402-0429008-4953111,kurta,1,XXL
171-9617506-6371539,Set,1,M
171-7269872-4068312,kurta,1,M
404-2951860-8129148,Set,1,S
402-5500201-9333161,Western Dress,1,XXL
403-6061878-9789129,Top,1,S
408-4169383-9700338,Top,1,XXL
404-4490061-2741131,Set,1,XS
407-0314929-8169956,Western Dress,1,S
407-0314929-8169956,kurta,1,S
402-4540849-6529108,kurta,1,L
402-4540849-6529108,Western Dress,1,XL
402-8380142-9441109,kurta,1,3XL
406-5245186-7501958,kurta,1,XS
406-5245186-7501958,kurta,1,XS
406-5245186-7501958,kurta,1,XS
406-5245186-7501958,Set,1,XS
408-5170258-1179507,Western Dress,1,XXL
408-8085870-6704330,Western Dress,1,L
407-5258950-9833141,Western Dress,1,XL
404-3362655-2031530,Western Dress,1,XXL
406-7060413-5805147,Set,1,M
405-8354746-5187512,Set,1,L
405-8354746-5187512,Set,2,L
403-2243878-2008368,Set,1,XL
403-2243878-2008368,Set,1,XXL
406-5807973-0753135,kurta,1,M
403-4694153-3163515,Set,1,XXL
408-1689555-2225153,kurta,1,3XL
403-6952728-1830701,Top,1,M
402-4645807-2781167,Set,1,XL
405-7927819-6310725,Blouse,1,S
402-6889797-9642724,Top,1,S
402-8791136-5427510,Set,1,M
407-0924255-4001913,Western Dress,1,L
406-2561577-2375559,Set,1,XXL
408-4001224-8565105,kurta,1,3XL
403-4058944-5585949,kurta,1,S
403-0537298-0139563,kurta,1,S
403-4873455-5694762,Top,1,S
408-0468204-8847518,Western Dress,1,M
405-1681251-4607540,Western Dress,1,M
404-8896869-4477166,Western Dress,1,M
406-2621877-4435530,Top,1,S
405-7505747-0446761,Western Dress,1,XL
402-7303059-0924369,kurta,1,XXL
404-0893194-6188322,kurta,1,XL
408-1480242-2929153,kurta,1,S
171-4970367-8736362,Western Dress,1,XXL
408-3876257-2998754,Set,1,M
171-4692394-8927552,Top,1,M
406-3153301-6889108,Western Dress,1,M
402-1820203-2421924,Set,1,3XL
406-2802221-0497162,Set,1,XXL
171-6411854-1057962,Set,1,XS
171-4656760-9585969,Western Dress,1,XL
402-3898872-1297139,Western Dress,1,M
171-6480144-5298740,Set,1,XS
404-8734572-8516321,Western Dress,1,XXL
404-8734572-8516321,Western Dress,1,M
404-8734572-8516321,Western Dress,1,XS
402-3011038-9416336,kurta,1,M
408-4825650-3434755,Western Dress,1,XL
404-9271242-9113148,Western Dress,1,L
408-2467987-5769106,Set,1,M
407-0543663-3177135,Western Dress,1,S
405-1080886-3930742,kurta,1,XS
403-5051475-2064363,Western Dress,1,XL
171-1367587-8886732,kurta,1,XXL
405-5067507-9713969,kurta,1,XL
404-2900928-9357132,kurta,1,XXL
405-1260362-4017900,Set,1,L
406-0724882-8893137,Western Dress,1,L
407-5549337-8835510,kurta,1,L
402-9450595-7649900,Set,1,XS
406-7004119-6339521,Set,1,L
408-7488112-7346747,Western Dress,1,XS
404-8538600-2712342,Western Dress,1,3XL
404-8538600-2712342,Western Dress,1,3XL
408-6222933-1055533,Set,1,L
171-4182427-6889933,Western Dress,1,L
408-9388473-8117159,Western Dress,1,L
406-1740585-2886711,kurta,1,XS
407-8038102-0436301,Western Dress,1,XXL
402-0515461-5888318,Western Dress,1,L
402-7162584-1359503,Set,1,S
407-0094565-2965171,Set,1,3XL
171-5318569-5993150,kurta,1,3XL
404-3117240-8633108,Top,1,XXL
406-7458463-2154723,kurta,1,XXL
171-3955655-6423568,kurta,1,XXL
407-5197689-3852360,Western Dress,1,XXL
402-9034124-4175521,Set,1,XL
402-5020734-1013124,Western Dress,1,M
402-5020734-1013124,Western Dress,1,M
406-5781987-8317142,Western Dress,1,XL
171-8707982-6869954,Set,1,XS
407-0742524-8757135,kurta,1,XL
407-1083528-7288339,kurta,1,XL
402-0018044-5466736,Set,1,M
403-9337162-2842733,Set,1,XXL
408-3338352-6423557,Top,1,L
408-8052970-5537145,kurta,1,3XL
407-1492410-8893153,kurta,1,XXL
408-1112227-7805916,kurta,1,XL
408-1112227-7805916,kurta,1,XL
408-1112227-7805916,kurta,1,XL
408-0920657-6973920,Set,1,M
407-3687352-1120362,Western Dress,1,3XL
405-2317195-2321134,Western Dress,1,XL
403-0721067-4390759,kurta,1,XL
171-1011931-6908342,kurta,1,M
171-1011931-6908342,Set,1,M
171-1011931-6908342,Set,1,M
171-1011931-6908342,Set,1,M
402-2915399-3830746,Set,1,M
408-0265352-0401153,kurta,1,XXL
171-7580926-5380355,Western Dress,1,M
408-6502168-2048302,Set,1,XXL
408-6502168-2048302,Set,1,XXL
171-6952008-3919533,Set,1,XL
407-4630328-2921913,kurta,1,M
407-4630328-2921913,Western Dress,1,M
405-1237909-4764356,Western Dress,1,M
403-2826636-2375559,Western Dress,1,XL
406-3998160-1974731,Set,1,XL
405-4466888-2397125,Set,1,M
406-6505242-6822703,Set,1,3XL
171-9721091-9410757,Western Dress,1,M
408-9075189-1757103,Western Dress,1,M
402-9341974-3962720,Set,1,L
408-7762028-0745945,Set,1,3XL
404-7756602-8835547,Set,1,L
406-4784664-1289114,Set,1,XS
403-2597072-9207555,Western Dress,1,XXL
407-4787241-9859525,Top,1,3XL
404-1678008-1104309,Set,1,XL
402-3681445-3025955,Western Dress,1,M
407-7526421-0166742,kurta,1,3XL
405-5087073-8067548,kurta,1,S
403-7953516-8788322,Western Dress,1,L
171-4001830-4261132,Western Dress,1,M
404-7281371-1852326,Western Dress,1,XS
171-8651328-6909125,Set,1,M
408-7533753-3950755,Set,1,M
408-0694067-2450727,Western Dress,1,L
406-9755804-9431564,Western Dress,1,XXL
403-1498023-3129928,Western Dress,1,XL
405-7951094-8477136,Western Dress,1,S
402-3426509-2036323,Western Dress,1,L
403-8002160-9573917,Set,1,XL
408-2981725-3905149,Set,1,XL
403-5720450-0025150,Set,1,L
408-3814205-8106705,Western Dress,1,3XL
408-3814205-8106705,Set,1,3XL
171-3724425-9587504,kurta,1,XL
402-8728471-7386743,Western Dress,1,XL
407-6114550-2435551,kurta,1,3XL
408-2278044-1516360,Set,1,XL
406-3589768-2305951,Bottom,2,XXL
406-8247250-1355516,Bottom,1,XXL
406-8247250-1355516,Bottom,1,XXL
405-2613538-1269103,Set,1,3XL
171-2238829-6909941,Top,1,M
405-7940422-4486754,kurta,1,3XL
403-7283073-6769931,Western Dress,1,S
403-8286624-7540316,Western Dress,1,L
402-1745657-1767514,Set,1,L
403-4639597-1956341,Western Dress,1,L
406-1231142-1581142,kurta,1,L
407-4620479-6373123,Set,1,L
404-3271491-5517967,kurta,1,3XL
407-0921969-6398766,Set,1,XL
402-2743603-5624360,Set,1,XXL
406-9101639-6668340,Set,1,XS
402-4654286-1040326,kurta,1,3XL
402-9395916-4854762,Set,1,XL
403-8875971-0475542,Set,1,M
405-0719182-6431530,Western Dress,1,M
405-6860342-3957912,kurta,1,4XL
408-4662809-0488341,Set,1,XL
403-4214140-5984309,Western Dress,1,M
406-4353714-9818764,kurta,1,L
403-7757481-2067505,kurta,1,S
171-0143404-8785906,Set,1,S
404-0683461-9578741,kurta,1,XS
171-4604829-0593951,Set,1,L
405-7455785-1345922,Set,1,XXL
171-3552788-4192343,Set,1,XL
405-2377002-5859562,Western Dress,1,XL
408-7091506-3583515,Ethnic Dress,1,3XL
408-8127776-5134741,kurta,1,3XL
405-0272121-4327562,Set,1,XS
402-9678126-0901152,Western Dress,1,XL
406-6126220-0459547,Western Dress,1,XS
171-4731670-5764335,kurta,1,S
403-8948822-5737955,Western Dress,1,L
404-0612403-5510701,Set,1,3XL
406-8809691-2920320,Set,1,M
171-6695449-8676316,Western Dress,1,XXL
405-5117325-2757914,kurta,1,L
405-7283211-2975554,Set,1,M
405-4671407-8563558,Set,1,XXL
405-4671407-8563558,Set,1,3XL
405-0475707-4024315,Western Dress,1,XS
171-3615520-4116301,kurta,1,XS
403-3385157-8759501,Western Dress,1,XXL
408-0203022-5965130,kurta,1,XXL
405-4759542-5443518,Ethnic Dress,1,XXL
408-1917939-4274769,kurta,1,M
405-6386089-9425911,Set,1,M
171-1007368-9417936,Blouse,1,M
403-3149671-8521919,kurta,1,XXL
402-4423461-3030731,Set,1,L
402-4423461-3030731,Set,1,L
408-6130033-0675550,Western Dress,1,XL
402-4275640-2180331,Western Dress,1,M
406-8980411-3633139,Set,1,XXL
171-5512531-7385153,Set,1,XL
408-0954707-5288337,Western Dress,1,M
402-1643619-7334761,kurta,1,3XL
171-1814553-2725109,Western Dress,1,XXL
407-1482122-5445950,Top,1,XL
171-6587903-8189904,Western Dress,1,L
406-5706382-0696350,Western Dress,1,XXL
406-5706382-0696350,Western Dress,1,XS
402-8520216-8069936,Set,1,M
403-1519431-3600341,kurta,1,S
407-0409538-5275541,Set,1,XL
402-0528390-8964303,Set,1,S
408-9729181-6947522,kurta,1,M
402-3057947-7326750,Western Dress,1,M
404-2598689-2274712,Set,1,XL
403-0581356-6157165,kurta,1,S
408-8571787-7192312,Set,1,S
408-7179059-4859549,kurta,1,XL
405-4704805-9090752,Blouse,1,XXL
406-3176737-0847500,Top,1,XL
405-9859324-6052344,Set,1,XS
407-2748600-2093902,Set,1,S
406-9717711-6377930,Set,1,3XL
171-7716494-8737963,Western Dress,1,XXL
403-5577830-4777139,kurta,1,M
405-8000738-4845145,Set,1,M
171-3770591-5633945,kurta,1,XS
408-4003472-6279507,Western Dress,1,XXL
171-5631745-3601152,Western Dress,1,L
407-8517237-9501913,Western Dress,1,XL
403-0657016-1737911,Western Dress,1,L
171-9483397-7457926,Set,1,XL
171-6087300-7812348,Top,1,3XL
171-6087300-7812348,Top,1,3XL
407-3938423-2700344,kurta,1,L
403-3046037-6396359,Bottom,1,XXL
402-1675792-7438700,kurta,1,XXL
406-5688951-3566730,Set,1,S
408-1429269-4384326,Set,1,XXL
402-4782837-7461928,Top,1,S
406-0314620-3172365,Set,1,M
407-1508479-5868325,Top,1,XL
402-0161535-5620334,Western Dress,1,XL
406-9877356-4663518,kurta,1,XXL
405-4138636-2262754,kurta,1,L
404-0498405-7566703,Top,1,L
171-7524447-6613128,Set,1,M
406-9616103-3190710,Set,1,3XL
408-8965833-4648311,Set,1,M
171-9660916-6209939,Western Dress,1,XXL
403-5088965-7299515,Set,1,XS
403-9674950-1936312,Western Dress,1,S
403-9694442-5280364,Set,1,S
402-1734707-0461130,Western Dress,1,L
404-5990107-6223556,Set,1,L
403-0996707-8933123,Top,1,XL
403-0996707-8933123,Western Dress,1,XL
408-2953945-7237152,Top,1,3XL
403-0473055-8458768,Top,1,XL
402-8785397-1552347,Top,1,XL
408-7699373-4681100,kurta,1,L
408-7209638-2917951,Western Dress,1,XL
408-7209638-2917951,Western Dress,1,XL
408-7209638-2917951,Western Dress,1,XL
171-9007430-4251523,Set,1,3XL
406-1530874-8907534,Western Dress,1,L
406-8703114-7485940,Western Dress,1,XXL
171-9741256-6114721,Set,1,XXL
408-3562398-9073926,kurta,1,XXL
406-8187936-4129134,Western Dress,1,XS
405-3598892-2151555,Western Dress,1,L
405-1578046-9565104,Top,1,M
407-3516724-6969108,Set,1,L
408-9450817-3877966,Blouse,1,S
405-3794969-0969119,Western Dress,1,XL
406-3659991-3557966,Set,1,XL
171-7476239-4373949,Western Dress,1,L
403-6848140-3727559,Set,1,M
403-2452323-1894719,Set,1,XL
408-0562361-2930757,Western Dress,1,M
408-5379781-9232323,Set,1,XXL
403-4346711-7304300,Set,1,4XL
403-3145122-4961133,kurta,1,3XL
405-5543215-3673962,Set,1,XL
404-7534324-1319566,Western Dress,1,L
405-4184099-4631530,Western Dress,1,L
407-5090923-7921105,Set,1,M
407-9467720-7637931,Western Dress,1,XXL
403-2533221-2513141,Western Dress,1,M
406-6371833-2159541,Western Dress,1,XL
406-6371833-2159541,kurta,1,XL
406-6371833-2159541,Set,1,XL
406-6371833-2159541,Western Dress,1,XL
408-1551263-5761124,kurta,1,L
408-0703203-5557907,kurta,1,4XL
408-5771742-1997950,Set,1,XXL
404-3955601-0129966,Western Dress,1,XL
404-3955601-0129966,kurta,0,XL
171-1755717-2857951,Top,1,S
402-5199183-7209108,kurta,1,XS
403-9180119-6241915,Western Dress,1,L
403-8232083-6689969,Set,1,M
407-3623169-3710712,Set,1,XL
407-3623169-3710712,Set,1,L
403-0700315-6188329,Set,1,L
405-0781572-1017160,kurta,1,XL
407-0594175-4561118,Western Dress,1,3XL
171-1817982-0161933,Western Dress,1,L
171-4019011-3645167,Top,1,L
404-2412751-0041909,Set,1,3XL
171-7812718-3841153,Western Dress,1,L
407-7098433-4187534,Saree,1,Free
402-9299499-7576300,kurta,1,6XL
406-3836287-0172361,kurta,1,3XL
402-3375809-4941121,Set,1,S
403-9705277-7854741,kurta,1,XXL
408-3198059-1685167,Set,1,XS
403-4844606-8734704,Top,1,XL
171-4619615-0311543,Western Dress,1,L
405-6642863-3946763,Western Dress,1,L
405-3914794-4415525,Western Dress,1,XXL
408-3647748-1677928,Set,1,XL
171-7638933-2157133,Set,1,XL
407-9994129-2692367,kurta,1,L
402-9993902-4057945,Western Dress,1,XXL
402-0537430-1476329,kurta,1,M
408-0090825-4728344,Western Dress,1,XXL
402-6151462-4787521,Set,1,M
407-5979081-5503563,Set,1,M
405-5409015-8757126,kurta,1,XL
403-6812208-8260357,Set,1,XL
402-0553782-2142755,kurta,1,S
403-6446627-6839561,kurta,1,XL
403-4203259-6571557,Bottom,1,S
402-3857301-7137969,Set,1,XL
171-4968501-8644360,Set,1,M
403-8789831-9492339,Top,1,XXL
403-3974587-7676365,Set,1,M
407-8155734-2401961,Top,1,3XL
407-8155734-2401961,Top,1,3XL
404-7953316-9064309,Set,1,S
408-4222415-0329927,Set,1,S
171-9057778-9673924,Set,1,L
406-1905726-4861167,kurta,1,L
407-1149267-8904355,Set,1,XL
402-6606757-7470740,Western Dress,1,S
407-6636701-9225161,Set,1,M
408-8808938-6538711,Set,1,M
402-9886782-7934752,Set,1,3XL
407-0121422-0909118,Western Dress,1,L
407-0121422-0909118,kurta,1,XL
407-5429776-3686754,kurta,1,L
408-2650625-6922752,kurta,1,L
405-0899373-8601962,kurta,1,S
407-7300971-1376326,kurta,1,M
408-8940722-8999502,Set,1,XL
403-0320126-8749950,Western Dress,1,3XL
403-0320126-8749950,kurta,1,3XL
406-8763066-3965966,Top,1,S
408-5158803-8195513,Set,1,XL
408-5158803-8195513,Western Dress,1,XL
171-6454013-4181963,Western Dress,1,XS
407-7202340-4077156,kurta,1,L
407-4891228-6605906,Western Dress,1,L
407-4954737-7481137,Set,1,M
407-5436632-2440360,kurta,1,M
406-3123892-7815564,Western Dress,1,L
407-5561572-3743500,kurta,1,3XL
404-6757852-9573126,Set,1,S
403-3201008-8289937,Set,1,L
403-4573948-6652339,kurta,1,S
405-1564546-1499552,Set,1,M
407-4214923-9394769,Western Dress,1,3XL
404-2112893-2321153,kurta,1,M
405-4322363-3682710,Western Dress,1,XS
404-6387288-4373955,kurta,1,3XL
404-7653319-7921902,Set,1,XL
407-9840741-3622707,kurta,1,3XL
402-7961540-0281146,Top,1,XL
405-2296450-6006743,Set,1,M
405-5534713-6694748,Set,1,M
403-2266829-7952323,kurta,1,4XL
404-2967916-2654749,Western Dress,1,XXL
406-4189922-0521948,Set,1,L
407-6630434-5221960,Set,1,L
402-0657276-4397125,Bottom,1,XL
404-8320363-0596357,Set,1,XS
402-4315593-9521132,kurta,1,3XL
406-0857423-3920353,Set,1,XL
402-2129176-3709938,Set,1,XS
402-2129176-3709938,Set,1,XS
403-1612502-7541152,Western Dress,1,L
404-9427807-2217927,Western Dress,1,XXL
408-6218057-8670750,Western Dress,1,M
405-7497999-9990700,Set,1,XL
405-7497999-9990700,kurta,1,XL
405-1124156-0526732,Set,1,L
406-2873012-5639503,Set,1,M
403-0480588-2169134,kurta,1,XL
402-7976818-6237920,Bottom,1,M
404-1894916-4735502,Top,1,3XL
405-6253428-5029136,kurta,1,3XL
404-1887607-3305104,Set,1,3XL
408-9997550-1968361,Western Dress,1,XL
404-3543151-0929945,kurta,1,3XL
405-3435755-4443561,Blouse,1,S
404-7300225-2226750,Western Dress,1,XS
403-4725888-0937166,Set,1,XL
408-8465184-7785948,Set,1,S
402-0362591-5083554,kurta,1,L
402-8998852-3993158,Set,1,XL
407-6387212-4250702,kurta,1,XS
408-4535261-7490755,Set,1,XS
402-1001080-6577101,Set,1,XL
408-2039750-8834728,kurta,1,XXL
407-0855550-6265150,Top,1,3XL
404-0806770-5145169,Western Dress,1,L
405-1704956-5486759,kurta,1,XL
408-9963289-1842742,Set,1,XXL
406-2326571-6249131,kurta,1,L
403-8697437-2088351,Set,1,L
171-2420959-9315518,Set,1,S
404-8601345-1328318,Set,1,XL
404-1409660-8673927,Top,1,L
403-0700938-8627520,kurta,1,3XL
404-0592928-0634756,kurta,1,L
403-0275443-0016366,kurta,1,XXL
406-9010571-8112318,Set,1,XL
403-6181031-4569961,Western Dress,1,S
404-2574203-5863529,Set,1,M
171-9245662-3718767,Western Dress,1,S
171-9245662-3718767,Western Dress,1,S
171-2275286-4497937,Western Dress,1,M
171-1040892-2042757,Western Dress,1,XXL
405-1141664-7994759,Western Dress,1,M
405-2326609-5233162,kurta,1,L
403-5911002-2796318,Set,1,XS
408-2737149-5665120,Western Dress,1,S
406-6819016-4882762,kurta,1,3XL
403-6737880-8528311,kurta,1,M
403-6737880-8528311,Set,1,M
403-4464400-6945941,Set,1,M
407-9284814-2006767,Set,1,L
402-7739585-1346710,Set,1,XS
407-7407270-6241922,Set,1,XXL
406-1844723-4235506,Set,1,S
408-3702166-6266704,Set,1,M
402-9297719-3460358,Set,1,M
171-0762120-3213935,Top,1,XXL
402-2407321-6194739,Set,1,M
405-6857459-5001132,Top,1,M
171-6011215-7144350,Set,1,XS
171-6011215-7144350,Set,2,XS
404-0658830-0755537,Top,1,M
403-7439972-4000353,Set,1,M
402-5602123-7586707,Western Dress,1,M
408-9817628-7385930,kurta,1,XXL
404-7947066-4937918,Ethnic Dress,1,M
404-7947066-4937918,Western Dress,1,L
171-0630825-7977138,Set,1,M
406-1625125-0601152,kurta,1,XXL
406-1625125-0601152,kurta,1,XXL
406-1625125-0601152,Western Dress,1,XL
406-1625125-0601152,Western Dress,1,XL
406-1625125-0601152,kurta,1,XXL
406-1625125-0601152,kurta,1,XXL
406-1625125-0601152,kurta,1,XXL
406-1625125-0601152,kurta,1,XXL
171-4142495-2134755,Set,1,M
405-2212235-1661950,Western Dress,1,M
408-0494677-1572343,kurta,1,XL
403-6510861-9177954,kurta,1,3XL
408-8157133-5117168,kurta,1,3XL
171-7498468-7468369,kurta,1,3XL
402-9682822-5284351,kurta,1,XL
171-0924772-9064305,Set,1,M
408-2907138-0977160,Set,1,L
408-6237346-5571531,Western Dress,1,S
405-1311777-3617157,Set,1,M
408-4485050-3563529,Set,1,M
406-5089183-3144350,Top,1,XXL
402-0874202-6827534,kurta,1,XXL
406-3662371-9244341,kurta,1,XXL
171-6476323-9601144,Top,1,XS
407-9679913-7617925,Set,1,L
406-4918416-0805926,Western Dress,1,L
171-1505543-0222732,kurta,1,S
402-6122354-7146732,Set,1,XS
407-8659957-1076311,Set,1,3XL
408-5466453-5833920,Set,1,M
402-2125071-8122727,Top,1,XS
404-5977885-3718715,Top,1,XXL
403-0319813-6359566,kurta,1,XXL
171-9787265-4809960,kurta,1,XL
403-6138025-2236338,Western Dress,1,S
402-4874669-3825161,Western Dress,1,XL
402-4874669-3825161,Western Dress,1,XL
404-7599490-4572320,Set,1,L
405-8667317-1053167,Set,1,XL
405-3704654-5341155,kurta,1,XS
408-0266261-4162706,kurta,1,M
403-6864233-6875546,Set,1,3XL
403-6864233-6875546,Set,1,3XL
406-5979164-6376301,Set,1,XXL
404-5193371-1514713,Western Dress,1,3XL
404-5193371-1514713,Western Dress,1,3XL
404-5193371-1514713,Western Dress,1,XXL
403-0658963-7397145,Blouse,1,L
402-9212263-8982756,kurta,1,L
406-9703194-4316345,Top,1,M
404-4004713-6668350,Bottom,1,XXL
408-2420631-1609935,Set,1,XXL
403-2877359-0976366,kurta,1,L
407-4942350-9269961,Top,1,3XL
407-5963085-9534747,Set,1,L
171-4848700-2652338,Set,1,3XL
405-9175955-9031515,Ethnic Dress,1,L
171-6208511-0117942,Top,1,XL
402-3537909-0546746,kurta,1,M
407-6667233-6881108,Western Dress,1,XXL
408-1219899-9259506,Western Dress,1,S
171-9794104-4013958,Set,1,L
408-6155916-3594752,Western Dress,1,S
403-4838620-6365121,Set,1,L
402-3394555-5273157,Western Dress,1,M
404-9363543-1409114,Western Dress,1,L
402-7540202-4601108,kurta,1,S
406-7894775-6045165,Western Dress,1,XL
171-5234498-7448364,Set,1,XXL
406-0622444-1014754,kurta,1,L
408-3991959-5309900,Top,1,M
406-2530680-1329158,Set,1,L
405-7137773-0848309,Ethnic Dress,1,XXL
404-6429225-5489919,kurta,1,S
406-4447217-2529122,kurta,1,L
408-2509938-3461944,kurta,1,XS
403-5928451-2637932,Set,1,XXL
171-8851844-3902735,Set,1,XL
408-8725942-3009119,Top,1,3XL
407-2892258-7656338,kurta,1,3XL
405-8507899-9543514,Set,1,L
406-7731323-9550709,Set,1,XL
408-5779285-2629922,Set,1,3XL
402-4454219-8797129,Western Dress,1,M
404-1660433-2257101,Set,1,XS
408-2395367-1284353,kurta,1,M
407-4079006-8325104,Western Dress,1,3XL
407-1159297-5929942,Set,1,XL
405-2378690-8175522,Set,1,M
407-9580319-5590706,kurta,1,M
404-8788343-3086713,kurta,1,XL
408-4675890-8421131,kurta,1,XXL
403-6427631-3099532,kurta,1,XL
403-6427631-3099532,kurta,1,XL
171-1211185-6964322,kurta,1,XXL
408-4132104-2870719,kurta,1,XL
402-7980730-4489159,Western Dress,1,XL
171-0998527-8869149,kurta,1,XXL
408-6057307-1622744,Set,1,L
403-2602281-0713939,kurta,1,S
405-8184434-5406764,Set,1,3XL
403-9226799-0258732,Blouse,1,XXL
407-1016203-5238753,kurta,1,XL
404-1846673-3148308,kurta,1,L
403-8136833-1854710,Set,1,XL
408-4330675-7605932,Set,1,M
405-7619089-2151514,kurta,1,3XL
403-2581408-0053934,kurta,1,XL
403-0222366-5703571,Top,1,XXL
402-1144861-4890725,kurta,1,XXL
406-8139088-3977908,Western Dress,1,M
407-5649054-5749102,Western Dress,1,XXL
402-2139162-6094705,Top,1,3XL
403-3622643-4610768,Western Dress,1,L
408-5639317-0906732,kurta,1,M
403-0427035-8546766,Western Dress,1,L
402-9002007-5694706,Set,1,XL
403-9631910-7613930,kurta,1,6XL
171-1491987-2051515,kurta,1,XXL
403-6896183-2727524,Set,1,XL
408-5810620-9987558,Western Dress,1,L
408-2086359-8803562,Western Dress,1,S
403-5038934-9926714,Western Dress,1,M
407-1623802-7113911,Set,1,S
404-6082073-7216327,Top,1,XL
402-1090294-6639556,Western Dress,1,M
402-4482660-5353900,Set,1,M
402-4482660-5353900,Western Dress,1,M
405-8673266-8625134,Set,1,M
405-8673266-8625134,Set,1,M
406-4983051-8313138,Western Dress,1,M
408-6600234-3465138,kurta,1,S
405-4737026-0428325,Set,1,L
405-5611759-3173928,Set,1,L
405-5611759-3173928,Set,1,L
405-5611759-3173928,Set,1,L
405-5611759-3173928,kurta,1,L
405-5611759-3173928,Set,1,L
407-3513706-6135560,Top,1,S
404-9963574-3263541,Western Dress,1,M
171-6850945-5227539,kurta,1,3XL
408-5314151-1725914,Set,1,L
408-9532094-6997902,Western Dress,1,L
404-2609191-0677923,kurta,1,XXL
406-8520052-1665907,Western Dress,1,M
405-5263292-0128325,Bottom,1,S
408-8537043-5421167,Set,1,XL
171-3114494-4966725,Set,1,XXL
405-2223002-0786704,kurta,1,XXL
408-7916754-2253118,Western Dress,1,L
171-1768754-4932363,kurta,1,S
402-1744948-4192318,Western Dress,1,XXL
408-7077163-4646737,Set,1,XXL
171-0702124-5389908,kurta,1,L
404-7565775-2220362,Set,1,S
402-9196147-0416313,Set,1,XXL
402-9053641-3233142,Set,1,XXL
404-4235082-7556306,Top,1,XXL
407-7820553-2533110,Top,1,L
406-1477562-6417150,kurta,1,5XL
404-5570034-1346740,Set,1,M
408-9803050-5767559,Ethnic Dress,2,3XL
408-9803050-5767559,Western Dress,1,3XL
403-2778103-6976324,Ethnic Dress,1,M
403-1471353-6354763,Western Dress,1,3XL
403-1665366-9741115,Western Dress,1,M
403-8632069-4965959,Top,1,XS
404-8802088-3647508,Set,1,3XL
405-9786953-9381115,Set,1,XL
406-1701269-8184356,Western Dress,1,3XL
171-5524850-3519537,kurta,1,XXL
171-5524850-3519537,kurta,1,XXL
407-2236469-3468354,kurta,1,XS
406-1424451-9171508,Set,1,L
403-7460021-2723517,kurta,1,6XL
404-2728389-7865900,Western Dress,1,S
406-1281225-6853917,Western Dress,1,XL
403-5223206-8077966,Western Dress,1,M
402-0110403-9368323,kurta,1,L
404-4935854-5509129,Set,1,L
403-7920451-6101147,Western Dress,1,3XL
402-9235272-2010748,kurta,1,M
403-4117873-3585913,kurta,1,M
171-3891728-3445149,Set,1,XL
171-6882388-8961103,Top,1,XXL
408-3601041-5730736,Western Dress,1,M
407-2242127-5081165,Western Dress,1,L
404-7580978-4249953,kurta,1,5XL
408-5971877-8012307,Western Dress,1,XXL
408-9108704-2916304,Western Dress,1,M
406-4419307-9149919,Set,1,L
405-2603218-3709129,Western Dress,1,XL
406-0555025-9196355,Top,1,3XL
404-0544699-0022753,kurta,1,S
404-0544699-0022753,kurta,1,S
405-9234508-8126713,Set,1,XL
408-1486356-8784325,Set,1,M
408-9515487-5783545,Set,1,XXL
403-7209199-5484322,Set,1,L
407-8137595-0391513,Set,1,XL
404-0652322-5941136,Set,1,XXL
405-9134365-0909931,Set,1,3XL
404-5287784-9275556,Set,1,XL
406-1989849-2764358,Western Dress,1,XL
407-1926232-7265146,Top,1,XXL
407-7122294-5647530,Top,1,L
406-0036988-0492363,Western Dress,1,L
403-3868689-0423501,Set,1,3XL
402-0553141-0607518,Western Dress,1,3XL
402-1566549-6925142,Western Dress,1,S
404-5743415-5190746,Set,1,XL
404-0275140-5095542,kurta,1,3XL
171-3638694-0173900,Top,1,3XL
406-5733719-6660318,Set,1,L
408-0313225-2997957,Set,1,3XL
404-6388010-7298707,Western Dress,1,XL
406-5338450-5372342,Set,1,M
406-3822639-1313961,Top,1,XXL
406-0988123-0319555,Set,1,XS
171-2070798-4305901,Set,1,L
171-5832528-6113925,kurta,1,XL
407-2933661-6388319,kurta,1,XXL
403-0412445-3032336,kurta,1,L
405-7308899-4473905,Top,1,L
406-8833583-0751519,kurta,1,M
405-1874899-7449124,kurta,1,3XL
407-0926237-0208313,Western Dress,1,XXL
406-0071084-7785152,Set,1,M
407-0925432-4528363,Set,1,XL
405-0565204-5602725,kurta,1,L
408-9479214-0383547,Top,1,M
171-6651928-8267541,Western Dress,1,XXL
406-2654476-1412332,kurta,1,3XL
407-0387146-6249967,Set,1,S
407-0387146-6249967,Set,1,S
406-2978636-0944305,Set,1,XL
406-2978636-0944305,Set,1,XL
403-7229406-1505122,kurta,1,XL
403-5781708-4836300,Blouse,1,L
402-6760348-6146711,Top,1,XL
403-9042065-1217938,Western Dress,1,XXL
403-9042065-1217938,Western Dress,1,XXL
408-1868685-2056352,kurta,1,3XL
171-5071048-8407514,Set,1,L
403-9551825-8088347,Set,1,M
407-0652466-7098704,kurta,1,6XL
407-0652466-7098704,kurta,1,6XL
403-2149854-0033147,Top,1,XXL
403-2985066-4792344,Set,1,XL
402-8411097-1837922,Top,1,XXL
171-7189049-6527546,Western Dress,1,XS
171-0891640-9453962,Top,1,M
406-9962665-8687521,Set,1,3XL
406-9742752-7997922,Top,1,L
406-1169093-8255565,Set,1,M
402-3524865-1788357,Set,1,M
408-0767298-4184346,kurta,1,XXL
406-4339473-3239506,Top,2,3XL
171-1284504-0949903,Set,1,XL
402-4009282-1617954,kurta,1,XXL
406-1135024-0352355,kurta,1,L
405-3757606-1378762,Western Dress,1,M
171-0581258-6430705,Set,1,L
404-3017061-5579558,Bottom,1,XXL
406-1963001-8878729,Set,1,M
407-8190735-6640347,Set,1,S
405-2131112-3085941,kurta,1,XL
408-3280437-2003540,Set,1,3XL
406-0528232-5921114,kurta,1,XXL
403-4373302-9856339,Top,1,XL
408-5448625-1913936,Set,1,M
403-9746258-4883518,Set,1,M
403-9746258-4883518,Set,1,M
402-8892311-6951534,Bottom,1,M
408-8441023-0535512,Set,1,XS
405-6629022-9001903,Set,1,XL
402-6215527-3845168,kurta,1,L
402-8559620-2955543,Set,1,S
406-3044616-6792308,Set,1,L
405-3408594-0776354,kurta,1,3XL
402-8972925-6439532,Set,1,XL
405-8843467-2007506,kurta,1,XXL
407-9887100-0778758,Set,1,3XL
171-1005186-8787533,Set,1,XL
408-6650172-0740335,Western Dress,1,M
171-3123705-9647536,Set,1,XXL
403-8114453-1053149,Western Dress,1,XXL
403-9650124-7571568,Bottom,1,M
407-3777316-3346712,kurta,1,XL
402-7875321-3300354,Set,1,3XL
403-2559159-5303517,Top,1,M
407-3983630-5913128,Set,1,XXL
405-7032244-1127517,kurta,1,3XL
405-1985683-9397137,kurta,1,3XL
402-6791704-2845949,kurta,1,XL
406-6151931-8710722,Set,1,XS
406-6151931-8710722,Top,1,M
405-3892718-7373162,Set,1,XL
404-7206372-3164302,Top,1,3XL
171-0095807-1523530,kurta,1,S
171-3846312-8342715,Western Dress,1,M
402-6530608-6729948,kurta,1,3XL
171-5162376-8393950,Set,1,XXL
171-9562377-7225125,Western Dress,1,XL
408-3832548-3913965,Set,1,3XL
406-7010575-7160347,kurta,1,XL
171-2026166-6232328,kurta,1,XXL
405-3136589-4657161,Top,1,3XL
407-1717883-3879521,Set,1,M
407-0954046-4613901,Top,1,XL
406-4128122-1897162,kurta,1,6XL
171-2639899-8641935,Set,1,L
407-7285865-1748358,Top,1,XL
406-1917064-1341958,Top,1,XL
406-2908811-0828337,kurta,1,M
407-6421156-9737906,kurta,1,S
404-7507422-8873117,Set,1,XL
408-1550635-3117940,Set,1,M
403-2140160-3298735,kurta,1,3XL
407-8560699-1528302,Set,1,M
171-0367434-0592371,Western Dress,1,M
405-2617759-0119510,Set,1,S
407-5673320-1526750,kurta,1,XXL
406-1432834-9350728,Top,1,M
406-1432834-9350728,Top,1,M
402-1136182-2834720,Set,1,3XL
171-2930117-2417129,Set,1,XL
402-7431596-5610708,Set,1,XL
405-2504889-9957162,kurta,1,3XL
407-3683629-9581967,Top,1,3XL
407-3683629-9581967,Top,1,3XL
171-4351355-4729134,kurta,1,3XL
405-6440518-9471520,kurta,1,XXL
403-9185330-9385123,Top,1,XL
407-0989485-6819518,Western Dress,1,XS
404-0306749-9773915,Set,1,L
406-4719220-3509149,Set,1,XL
404-4105887-9441134,Western Dress,1,L
406-2765915-3277926,Set,1,L
402-9784344-0905900,kurta,1,XXL
171-5660084-2653146,Set,1,XS
406-1883426-8537134,Set,1,XL
171-1477822-8297953,kurta,1,XS
407-5920386-4280347,kurta,1,S
407-5920386-4280347,kurta,1,S
402-2750522-7011537,Western Dress,1,M
407-5056113-0307521,Set,1,3XL
402-8262382-5394728,Set,1,S
405-8124726-9689961,Set,1,XS
406-1086694-0571559,Western Dress,1,L
402-1919416-5079512,Top,1,XS
403-3326923-7113941,Blouse,1,L
405-5102151-0916308,kurta,1,M
406-9947068-4593967,Set,1,XL
408-3831317-1195510,kurta,1,M
402-5666129-7773909,Set,1,M
407-6405555-4687532,Top,1,M
404-5554302-5353127,kurta,1,3XL
404-0709532-0567530,Western Dress,1,XXL
403-9649637-3305110,Ethnic Dress,1,L
405-5519138-3737164,kurta,1,XL
405-7742386-9485144,Set,1,L
406-7894461-3131550,Western Dress,1,XL
407-0157261-6707546,Western Dress,1,XS
405-3857352-3695507,Set,1,XXL
405-2184994-6794760,Western Dress,1,XS
404-7785568-9336329,Set,1,XL
408-1825680-9396330,Set,1,L
402-9315667-2294760,kurta,1,XL
402-9286442-2944300,Top,1,XL
407-1013167-8619519,Ethnic Dress,1,XS
407-1959010-3567566,Set,1,L
408-6009503-5065901,kurta,1,3XL
402-2116589-8771563,Set,1,L
402-4895138-0057969,Set,1,S
171-1458855-0104344,Set,1,XL
402-5935589-6835560,Western Dress,1,M
407-3364498-6645114,Top,1,L
407-3364498-6645114,Top,1,L
407-9730657-4907553,Western Dress,1,3XL
408-5911461-2717110,Western Dress,1,L
404-3344392-2160304,kurta,1,L
404-3344392-2160304,kurta,1,L
404-3344392-2160304,kurta,1,L
407-1419060-2823566,kurta,1,L
408-5004631-1093941,Set,1,L
405-2780611-4291551,kurta,1,M
402-2611740-7759549,Top,1,M
402-2611740-7759549,Top,1,M
403-0212434-7525110,Set,1,3XL
402-3966424-5741138,Set,1,L
171-5367225-0201125,Western Dress,1,M
405-2018395-8305918,Set,1,XXL
407-6582788-2647505,kurta,1,XL
406-8438423-9347521,Set,1,M
407-0470088-4393950,Set,1,XL
171-8261989-4432331,kurta,1,XXL
171-8261989-4432331,Set,1,XXL
403-9916286-4822760,Western Dress,1,L
402-3915599-6571569,Top,1,XXL
407-5510834-5636352,Set,1,3XL
402-2394646-3828318,Top,1,XXL
404-9405815-4155531,Western Dress,1,M
402-2694710-0028339,Western Dress,1,M
405-2969637-8532356,kurta,1,XS
408-8485488-2161121,Set,1,S
406-5217536-9645925,kurta,1,XL
171-5460169-0657155,Top,1,XXL
405-9718915-8787560,Set,1,XL
404-9889568-5393169,kurta,1,L
404-0790294-6520361,kurta,1,XL
171-3327291-3390738,Western Dress,1,M
402-2950508-6021941,Set,1,L
408-0723882-2857912,kurta,1,3XL
403-2509241-6439516,kurta,1,XS
402-0892720-3600305,Set,1,3XL
406-4948269-0405138,Top,1,L
402-7982115-8598724,kurta,1,XL
404-7727662-8645904,kurta,1,M
408-3377438-9265954,kurta,1,XL
405-7937768-0666761,Set,1,3XL
403-3826193-3701909,Set,1,S
405-8860721-1546753,Set,1,M
407-9582539-1588318,kurta,1,XL
403-2433492-7536313,kurta,1,XL
405-5937356-8642765,kurta,1,XL
405-1829492-6505140,Western Dress,1,XS
404-0010381-5701976,Set,1,S
404-9823216-0954736,Set,1,M
171-2511740-7667560,kurta,1,3XL
403-4761587-3909911,kurta,1,XL
406-7370605-6476303,Set,1,XS
407-6027712-9785100,kurta,1,XXL
407-0888091-1105949,kurta,1,3XL
404-9436284-1973125,Top,1,XXL
404-7771194-0772318,Top,1,XXL
403-6605342-6393911,Western Dress,1,M
406-7985034-3707517,kurta,1,3XL
405-4689089-6628341,Set,1,XL
403-2091272-1814723,Set,1,S
402-5708213-7526762,kurta,1,6XL
402-5708213-7526762,kurta,1,6XL
406-2426721-4110739,Western Dress,1,L
403-6053259-3171569,Top,1,XXL
403-0608719-1353115,Western Dress,1,M
171-0934392-9532306,Set,1,M
404-6436415-3073900,Top,1,L
404-6436415-3073900,Top,1,XS
402-0932743-3057144,kurta,1,S
404-9096902-6148358,kurta,1,M
405-7736569-8660309,kurta,1,XXL
406-2280366-9033953,Western Dress,1,XXL
408-2689519-5954744,Set,1,XL
171-1475714-1157100,Top,1,XXL
403-7181522-2136352,Set,1,M
171-8394993-0022716,Western Dress,1,S
402-3684266-3018759,Set,1,3XL
403-9941360-4058722,kurta,1,L
407-1289751-6335501,kurta,1,6XL
407-1289751-6335501,kurta,0,6XL
405-9735752-4232353,Set,1,S
403-7704483-3645143,Western Dress,1,L
402-0840671-0120334,Set,1,XL
171-3903013-7048318,Set,1,M
404-2824973-6690765,Set,1,M
405-7263714-1252349,kurta,1,XL
405-7263714-1252349,kurta,1,XL
405-7263714-1252349,kurta,1,XL
405-7263714-1252349,kurta,1,XL
405-3118066-1548365,kurta,1,L
171-2199652-8634719,Western Dress,1,M
408-2561623-6423535,Set,1,XL
407-7777440-1540340,Top,1,XXL
171-6521970-9914723,Set,1,L
402-2920108-5208324,kurta,1,XL
406-7595106-8513109,Western Dress,1,3XL
405-1031862-5147556,Western Dress,1,XL
402-8019815-7194750,Western Dress,1,L
402-3490669-2786721,Set,1,XL
405-5524157-9885944,Set,1,M
405-5524157-9885944,Western Dress,1,M
406-0569198-7187520,Top,1,M
405-1925539-0363557,Set,1,XL
405-8874682-9067512,Western Dress,1,M
402-9309062-7149148,kurta,1,XL
403-1075544-8501136,Set,1,S
171-6661481-2664311,Set,1,XXL
407-8921010-1097908,kurta,1,XXL
402-3845687-5210751,Set,1,M
406-7365812-9509132,Western Dress,1,L
403-3762128-6016305,Western Dress,1,L
402-7465656-4181113,kurta,1,XXL
408-0802206-8066754,Set,1,M
171-7140405-6278760,kurta,1,XXL
171-7140405-6278760,kurta,1,XXL
171-7140405-6278760,Set,1,XXL
405-5885750-5997139,kurta,1,M
171-6049295-1635568,kurta,1,S
171-6049295-1635568,kurta,1,M
404-8369052-3868353,Western Dress,1,L
408-5091812-1601146,kurta,1,XXL
408-1007596-8473149,Western Dress,1,M
407-7448969-5801103,Western Dress,1,XXL
402-9222388-7789137,kurta,1,XL
171-7106839-9914741,Western Dress,1,M
171-7106839-9914741,Western Dress,1,L
403-8733297-9152328,Western Dress,1,S
404-1359508-9751521,Western Dress,1,L
404-1359508-9751521,Western Dress,1,L
407-4732830-3273100,Western Dress,1,L
406-2281806-0529144,Set,1,L
402-1259757-0398712,Western Dress,1,L
402-7716644-9068326,Set,1,XXL
404-6221104-5088324,kurta,1,S
404-6221104-5088324,kurta,1,S
403-4033926-0817154,Western Dress,1,M
403-4033926-0817154,Western Dress,1,M
403-5362186-5153129,kurta,1,XL
406-3721111-9581140,Set,1,M
403-6236940-9665168,Set,1,M
408-0900850-6314762,Top,1,M
405-5992280-9853950,Western Dress,1,L
171-9792280-4421143,Set,1,XL
403-6323864-0365923,Set,1,M
407-0649706-4033903,Western Dress,1,S
171-3854258-9753155,Set,1,L
407-8268644-8758705,kurta,1,3XL
407-3119074-7340324,Western Dress,1,L
403-5567297-7447506,Western Dress,1,L
171-6985610-1225968,Top,1,L
407-3432664-6031547,Set,1,L
406-3868131-0605162,Set,1,3XL
404-2599176-9781124,Western Dress,1,S
405-0438870-3191547,Set,1,L
171-1575499-0041131,Western Dress,1,M
407-0187769-5277926,kurta,1,4XL
408-6255480-1815552,Top,1,L
404-4306163-7290735,Set,1,XL
405-0987688-7585926,Western Dress,1,XL
405-0987688-7585926,Western Dress,1,3XL
407-5539334-6387510,Western Dress,1,3XL
406-5205221-4625943,Western Dress,1,S
403-4123935-3917951,kurta,1,XL
408-3291152-6515550,Set,1,M
403-5815260-0506758,Set,1,XXL
407-6027711-9607551,kurta,1,XL
408-6501671-5910703,Set,1,XL
404-5211766-5252360,Western Dress,1,L
406-9647932-6365166,kurta,1,XL
405-5576413-5412363,Ethnic Dress,1,L
406-3001332-1646733,Top,1,XL
402-9578759-7909114,Western Dress,1,M
406-5253397-0182707,Set,1,S
171-1808937-3521160,Western Dress,1,L
171-9290359-4277958,Set,1,XL
407-4409509-3791568,Set,1,L
407-6319494-0753118,kurta,1,L
407-6319494-0753118,Set,1,L
406-1701201-1145907,Set,1,XL
171-8733532-9009962,kurta,1,M
406-5938782-0092343,Set,1,M
171-6716998-9068338,kurta,1,XL
171-6716998-9068338,kurta,1,XL
402-6135281-3983511,Set,1,XXL
408-4619148-2467553,Set,1,XL
402-9069799-3243533,Set,1,L
402-9069799-3243533,Set,1,L
406-5074256-7651538,Set,1,S
407-1592466-5097943,kurta,1,M
171-5454774-3476305,Set,1,XXL
171-1857757-2934760,Top,1,XXL
407-4733569-0801967,kurta,1,M
402-0500501-7522706,Set,1,M
408-4357414-9489102,Set,1,L
408-9198970-9854737,Western Dress,1,XXL
402-7438003-1897951,kurta,1,S
407-5919529-1141942,Set,1,XXL
404-8647793-9023569,Set,1,XXL
403-4028880-5268318,Set,1,XL
408-2575074-1563523,Top,1,XXL
405-1510231-3393151,Set,1,M
405-4777525-7183523,Set,1,L
405-3521315-8994705,Western Dress,1,M
408-0822510-6912358,kurta,1,M
408-7254327-4874735,Top,1,XL
408-5039226-9010721,Set,1,S
407-9642677-7837142,kurta,1,XL
403-8963872-3410703,Top,1,XXL
408-9190723-4607529,kurta,1,L
406-3217146-4820366,kurta,1,L
407-7805819-2912348,kurta,1,L
407-6706550-2729918,kurta,1,3XL
405-6523504-9912361,kurta,1,XXL
405-7764442-2833938,Set,1,M
171-2412384-6717110,Western Dress,1,L
404-3613501-1861164,kurta,1,M
408-2437391-3037168,Western Dress,1,3XL
407-3602724-1112335,Set,1,S
407-3719843-4898759,Set,1,M
171-8981351-1427514,Set,1,3XL
404-9854496-7966713,kurta,1,XL
404-9854496-7966713,kurta,1,XL
408-7401839-0171555,Set,1,XL
408-9823411-1542758,kurta,1,L
406-5521946-7449942,Set,1,XL
405-5497013-2045936,Set,1,L
171-8066196-1665116,Set,1,M
402-2753683-0188316,Set,1,S
404-8886193-1979523,Set,1,L
405-3970297-4654733,Set,1,XL
407-5027192-7181966,Ethnic Dress,1,XL
407-4098929-7111545,Top,1,3XL
171-0695702-4745948,Set,1,L
408-5804800-8895505,kurta,1,S
408-4822974-3587537,Top,1,3XL
407-0453505-7589162,kurta,1,3XL
403-3412086-7798744,Set,1,XS
408-6314142-1369954,Set,1,XL
408-3513110-7343566,kurta,1,XL
406-8936169-6551566,Set,1,S
404-3439791-3541165,Set,1,XL
171-3349451-7337102,Top,1,L
171-8813962-3659544,kurta,1,3XL
407-6407600-7312361,Set,1,3XL
406-3083421-9989919,kurta,1,XXL
403-3845089-7221936,kurta,1,S
406-4419113-5313150,Western Dress,1,S
403-0640587-8569138,Set,1,L
403-3376103-9117135,Set,1,XXL
408-1469011-0993112,Set,1,M
403-6496665-2507554,kurta,1,XL
408-5915100-5298766,Set,1,S
171-0696986-9230756,Set,1,L
405-3964850-2618736,Set,1,XXL
405-2437717-5957942,Western Dress,1,3XL
402-4130674-1413948,kurta,1,L
408-1951849-9095537,Set,1,L
402-8039501-6647527,Western Dress,1,S
407-4759949-4376303,Set,1,XXL
406-0782893-2586752,Set,1,L
402-7081066-0900360,kurta,1,XL
171-9694563-8603543,Set,1,M
406-7684992-5225158,Set,1,L
407-7362011-2580360,Top,1,L
407-4688086-3061954,kurta,1,3XL
407-1226570-3653105,Western Dress,1,M
402-8073422-6476334,Western Dress,1,S
404-4391273-3073103,Western Dress,1,XS
408-3738022-7805933,kurta,1,M
405-5220102-7044344,kurta,1,M
406-6263475-4341925,Ethnic Dress,1,3XL
403-1941976-1671521,Western Dress,1,XXL
406-6625265-2790730,Set,1,L
403-2333664-8498711,Top,1,XXL
407-6494823-1178751,Set,1,XL
407-5896660-0946747,Western Dress,1,XXL
407-0097227-4321920,Western Dress,1,3XL
408-1740332-2788329,Set,1,L
405-6224642-5228332,Western Dress,1,L
171-3136835-6781162,Set,1,S
408-7821824-3154718,kurta,1,XL
407-5073762-9271524,Set,1,S
404-6618155-4833141,Western Dress,1,3XL
407-3618943-6033131,Set,1,S
405-1728699-0860304,kurta,1,XS
171-0308433-0563563,Set,1,M
171-0164234-7783566,Set,1,L
406-3955203-0309123,Top,1,M
405-9303270-5936315,Set,1,L
406-9940062-8997913,Top,1,3XL
406-3198495-7785931,kurta,1,M
402-0446733-1149129,Set,1,S
403-6236914-5264318,kurta,1,3XL
402-0579531-5789918,Set,1,L
405-6242089-4738703,Set,1,L
408-2273880-2277157,Top,1,S
408-2273880-2277157,Top,1,S
408-9337375-9997116,kurta,1,XL
402-1312956-8631501,Set,1,L
403-8936693-6610737,Set,1,XXL
405-2882919-1413919,kurta,1,XS
407-2491871-2737961,kurta,1,L
402-3733344-6439535,kurta,1,3XL
408-4964127-3819512,Western Dress,1,3XL
171-4234914-7811503,Set,1,XXL
402-8658062-9237156,kurta,1,XXL
404-6628745-4014706,Set,1,M
405-5916668-4559509,Set,1,L
408-0095278-1460341,Western Dress,1,3XL
405-5882749-1405949,Set,1,L
404-8822139-8154729,Set,1,M
171-5636224-9196358,Set,1,M
405-0156195-8144350,Set,1,M
402-1941883-8829104,Set,1,M
406-5889378-8018735,Set,1,M
402-7108316-5425125,kurta,1,XL
407-5077197-5074703,Set,1,3XL
407-4245738-2373115,kurta,1,3XL
407-3828360-9342750,Set,1,M
408-9486923-7405950,Set,1,M
402-1796958-5219564,kurta,1,XXL
171-7559701-4936332,Set,1,3XL
405-9731938-8372367,Set,1,XXL
406-4399805-0129904,Top,1,M
406-4971086-4745114,kurta,1,XL
403-8225152-0919522,Set,1,M
402-2071482-3124327,Set,1,S
407-0623091-2698757,Top,1,S
402-2422118-0227553,Set,1,XXL
403-0699246-4289158,Set,1,XXL
403-2937184-5685913,Set,1,XXL
405-9513222-4157955,Set,1,M
406-5481885-2976330,Set,1,M
407-6033183-4582730,Set,1,M
171-6171525-4405956,kurta,1,L
402-2072149-2862732,Top,1,XXL
402-2072149-2862732,Top,1,XXL
402-2072149-2862732,Top,1,3XL
171-1485245-2041958,Set,1,XXL
406-1368591-4117153,Top,1,3XL
405-7802547-9122715,Set,1,L
407-9255267-7562747,Western Dress,1,L
405-8302030-1001122,Set,1,XXL
403-5714488-4080328,Set,1,S
403-5714488-4080328,Set,1,S
407-8793070-7668332,kurta,1,3XL
402-6698205-1104356,Set,1,L
408-0120121-9508376,Set,1,S
405-7054511-0951539,Set,1,XXL
405-7054511-0951539,Set,1,XXL
404-4156070-4956365,Set,1,M
405-7082217-7720312,Set,1,M
404-1998241-5204368,Set,1,S
406-9201093-4526710,Set,1,S
403-7571642-7249155,Western Dress,1,3XL
171-5966923-7948315,Set,1,S
403-4248843-4120337,Set,1,XXL
404-6875304-3269962,Set,1,L
405-2949685-4230734,Set,1,S
402-4399296-8996322,Western Dress,1,S
403-7937928-7345903,Top,1,XL
406-2635443-9425960,Set,1,M
405-1450410-6388325,Set,1,XS
405-5929131-8452338,Top,1,3XL
406-5412035-9728315,Top,1,S
408-3739239-4377946,Set,1,M
404-8812787-0412351,Set,1,S
403-2183004-1265143,Set,1,S
408-4235462-9628354,Top,1,M
171-9346148-2247563,Western Dress,1,XL
403-6578845-1457103,Set,1,M
408-5822268-4413156,Set,1,L
406-7883283-8403515,Set,1,XL
405-1463613-2049108,kurta,1,L
405-1463613-2049108,kurta,1,M
405-2529442-6324316,Set,1,3XL
171-1296523-3785944,Set,1,M
406-2166257-9544321,Set,1,XL
171-0863139-9429914,Western Dress,1,M
407-1812941-0977929,Top,1,XS
407-8706873-6025101,Top,1,XL
404-5101262-8384304,Western Dress,1,XXL
405-0844075-0350733,Set,1,M
406-6625739-2745943,Set,1,XL
406-6202057-3521965,kurta,1,M
405-3737879-7492333,Western Dress,1,3XL
404-0644026-6445166,Western Dress,1,3XL
171-7952306-2620309,kurta,1,S
171-7819862-0509154,Set,1,3XL
406-1936391-4968325,Western Dress,1,L
406-2666918-7610755,Set,1,3XL
404-7804242-0079549,Set,1,3XL
171-0666348-8670726,Set,1,S
403-2222694-0931556,kurta,1,L
405-5725008-1957158,Set,1,XXL
171-9076185-3385915,Western Dress,1,XXL
408-5726452-6954751,Western Dress,1,XL
404-8215270-2433951,kurta,1,XXL
408-1280630-7708365,Western Dress,1,S
403-2571101-7324307,Top,1,3XL
402-5179827-6637153,Set,1,L
407-5860658-5593153,Western Dress,1,XL
403-3362785-0381929,Western Dress,1,3XL
404-9708766-5298721,Western Dress,1,XS
405-2580339-0437966,Set,1,L
407-4644695-0592324,Set,1,XL
404-0526214-2652359,Set,1,3XL
405-8713710-6745164,Western Dress,1,3XL
408-2849734-3343507,Top,1,XXL
408-0530044-9181129,kurta,1,M
403-6499315-6080307,Western Dress,1,L
405-3285637-8388369,Western Dress,1,M
403-5814988-6274720,Western Dress,1,S
403-5814988-6274720,Western Dress,1,S
171-9822061-6992362,Western Dress,1,XL
404-8999868-9436352,Set,1,3XL
407-2513626-5937919,kurta,1,XXL
405-8539262-9379523,Top,1,M
171-0561717-3532327,Set,1,M
406-0262530-7217927,Western Dress,1,L
402-4725074-4985162,Set,1,M
402-4000224-0700367,Top,1,M
405-7530711-4040326,kurta,1,M
405-0655694-6026742,Set,1,M
171-8655703-5913960,Set,1,M
171-8655703-5913960,Set,1,M
405-3172712-8225141,Set,1,3XL
406-8304659-2888300,Top,1,XL
407-0364141-4275554,Western Dress,1,L
171-6213809-3112327,Set,1,XXL
405-6431199-4715510,Western Dress,1,S
171-2762705-5749935,Set,1,XXL
406-2785948-4710748,kurta,1,XL
408-4544469-3193961,Western Dress,1,M
403-7006513-5380322,kurta,1,XS
408-4945654-7697926,kurta,1,M
404-7068102-7785912,kurta,1,M
402-4773585-4990734,kurta,1,L
402-4773585-4990734,kurta,1,L
402-4773585-4990734,kurta,1,L
406-3580361-3544361,kurta,1,M
407-4406483-4668301,Set,1,S
407-4734035-9035546,Top,1,L
407-4734035-9035546,Top,1,L
404-9165097-5392311,Western Dress,1,L
171-8406102-7282702,Western Dress,1,M
405-1115844-9595510,kurta,1,L
406-5412668-8845153,Set,1,M
404-5961032-3277955,kurta,1,M
171-5242657-6664346,kurta,1,M
171-4919382-6358763,Ethnic Dress,1,M
406-2196201-3452358,kurta,1,XL
402-0446441-9944360,kurta,1,XXL
402-5912509-2957904,kurta,1,XXL
171-1214681-7669964,kurta,1,S
403-5539302-5033917,Set,1,3XL
403-5539302-5033917,Set,1,3XL
403-5539302-5033917,Set,1,3XL
408-5321040-0257934,kurta,1,XL
171-3720768-1754740,Set,1,M
402-1729335-2179544,Set,1,XL
406-0423758-8389926,Western Dress,1,XL
403-4247806-1682704,Western Dress,1,S
403-4247806-1682704,Western Dress,1,S
407-8978269-5781913,Set,1,M
408-9832821-5096327,kurta,1,XL
404-2512982-7306700,Set,1,M
408-4127476-4532342,kurta,1,L
407-8497097-8420366,Western Dress,1,L
407-8497097-8420366,Western Dress,1,L
406-1028891-5281909,Western Dress,1,XXL
406-1028891-5281909,Western Dress,1,3XL
404-2181794-3942758,Set,1,L
404-7219343-3005136,Western Dress,1,L
171-9149093-7107562,Set,1,XL
403-2895516-9774723,Set,2,XXL
408-0821213-3965134,Set,1,S
404-8768628-5188307,Western Dress,1,3XL
404-0352496-7133971,kurta,1,XXL
404-5569702-0385149,kurta,1,XS
404-1506963-7536311,Set,1,XXL
404-0233659-7792367,kurta,1,L
171-4698928-4749937,Set,1,S
402-7716849-1177141,Ethnic Dress,1,3XL
404-4905091-3835503,Western Dress,1,3XL
403-8121408-7917954,Western Dress,1,3XL
406-0877244-3669158,Top,1,M
403-8492423-8133933,kurta,1,L
405-7963414-5573110,Set,1,XXL
406-1012220-0164309,kurta,1,XL
407-8408250-1802703,Set,1,M
407-5596853-5381946,kurta,1,L
407-5596853-5381946,kurta,1,XS
406-2019275-6260320,kurta,1,3XL
408-2338470-6609964,Western Dress,1,M
407-9314239-9339554,Western Dress,1,XL
406-3531823-3351548,Western Dress,1,XXL
404-1936420-3421959,Set,1,M
406-4025276-7337110,Western Dress,1,M
406-4025276-7337110,Western Dress,1,S
404-1218423-5030732,Western Dress,1,XL
171-7080083-4329165,Top,1,M
407-7754611-2557960,Western Dress,1,XS
407-5306913-3038712,kurta,1,3XL
404-0375930-7022744,kurta,1,XXL
403-7645876-0676358,Set,1,M
404-7061371-8381161,Set,1,M
404-1949070-8461158,Set,1,XXL
405-2142920-3949117,Top,1,XL
407-4475192-3754727,Set,1,S
407-7754297-4920308,kurta,1,XL
408-5176437-0003513,Set,1,S
403-6858348-1404344,Set,1,XXL
408-1075812-8613930,Ethnic Dress,1,L
404-1318452-3526758,Set,1,S
405-1977770-2992304,Set,1,M
405-1977770-2992304,Set,1,M
403-6285892-8887559,Set,1,XXL
402-7093457-8041142,Set,1,3XL
402-7093457-8041142,Set,1,3XL
402-6874269-9645925,kurta,1,L
403-8638962-5046768,Western Dress,1,XL
405-3067810-4521959,Top,1,S
402-7901233-4165913,Set,1,XL
406-5058268-8486750,Western Dress,1,3XL
406-1213087-3642728,Western Dress,1,XL
171-9475828-2365944,kurta,1,3XL
408-5431272-3389924,Set,1,M
407-1739910-3210717,kurta,1,M
405-5602533-0681169,kurta,1,XXL
402-0052788-0406772,Western Dress,1,XL
402-0052788-0406772,Top,1,XL
171-0598835-8963513,kurta,1,L
407-2482224-1722707,Top,1,S
408-9119609-1531530,kurta,1,XL
406-4026759-8205168,Western Dress,1,L
406-7966849-3581900,Set,1,S
407-0004896-1629103,Ethnic Dress,1,XL
402-4276758-3356365,kurta,1,M
407-1394176-0119534,kurta,1,3XL
404-4896591-0443564,Set,1,3XL
402-7237211-6309963,Top,1,XXL
402-7237211-6309963,Top,1,XXL
402-7237211-6309963,Top,1,XXL
406-6044139-3973904,kurta,1,L
405-6769746-8900342,Set,1,L
405-5183680-9804308,Set,1,S
403-9738406-8253102,Western Dress,1,XL
402-8035567-9162769,Western Dress,1,XS
406-3007076-6351559,Set,1,S
408-8816598-8664359,kurta,1,L
407-2237059-4433123,Set,1,3XL
404-7531943-5537134,kurta,1,S
408-4950904-9636310,kurta,1,S
405-4260182-1736324,Set,1,S
407-5518488-6499501,Western Dress,1,XXL
407-5518488-6499501,Western Dress,1,L
407-5518488-6499501,Western Dress,1,L
406-1525136-8137912,Set,1,S
406-1484248-7261165,Western Dress,1,XL
403-9727314-6331549,Ethnic Dress,1,S
404-8148060-1902720,Set,1,3XL
407-9769204-6824307,Top,1,M
403-4465852-8485121,kurta,1,XL
407-4690145-2873138,Set,1,XXL
407-3623228-3909926,Set,1,XXL
404-1827288-4803508,Top,1,M
407-3921218-3598759,Set,1,XXL
405-1541178-8267565,Western Dress,1,L
403-6228778-3029108,kurta,1,L
171-4415243-8854724,Set,1,L
405-8841049-5321109,Set,1,L
408-3012095-5061921,Set,1,M
404-8760331-3021917,Set,1,M
407-3127831-8277918,Set,1,3XL
171-3580897-3797951,Set,1,XXL
171-5880452-0307506,Set,1,XS
402-7018599-7068361,Western Dress,1,S
406-7657776-6615512,Set,1,M
406-0528074-8986733,Western Dress,1,3XL
403-5149085-7716325,kurta,1,XXL
403-5149085-7716325,Top,1,XL
403-5149085-7716325,kurta,1,3XL
402-5086530-3684356,Set,1,L
171-9624667-9799516,kurta,1,L
403-1744330-8162714,Set,1,XL
405-3763131-7761138,kurta,1,S
405-0369380-1389137,Top,1,XXL
405-3818986-4957930,Top,1,S
407-5773421-8707550,Set,1,L
171-2003774-9589123,Top,1,L
171-2003774-9589123,kurta,1,L
402-2861033-8741900,Set,1,XL
406-9028029-8704340,Set,1,XS
407-2566577-3594768,kurta,1,XXL
406-5052583-9286740,kurta,1,XS
404-9490660-0285957,Western Dress,1,S
404-4406141-0925910,Set,1,XS
403-6838271-9537111,Top,1,XXL
408-5827997-3869917,Western Dress,1,XL
408-4269548-9310717,kurta,1,3XL
402-2606715-0761144,Set,1,L
406-9668638-6524309,Western Dress,1,L
407-7196868-5513100,kurta,1,XL
407-9567388-7111547,kurta,1,M
407-9567388-7111547,kurta,1,M
407-9114685-7229919,Set,1,M
406-8372684-1264335,kurta,1,3XL
403-3101408-6043537,Top,1,XS
403-3669237-2523518,Western Dress,1,3XL
403-9586608-7362745,Western Dress,1,M
407-7443621-6235505,Ethnic Dress,1,L
407-7443621-6235505,Western Dress,1,L
405-1137700-9959545,Top,1,L
171-0254450-2726730,Set,1,M
407-4498574-8049157,Ethnic Dress,1,L
405-8126924-3793950,kurta,1,S
171-9415778-2496326,Set,1,S
403-8569714-4093134,Set,1,M
403-4724357-4673901,kurta,1,XL
402-2458390-9629151,Western Dress,1,L
403-1034951-5064356,Set,1,L
404-8573426-2636303,Western Dress,1,XS
405-8742528-8789944,Western Dress,1,L
405-8860390-0190704,Top,1,3XL
406-2663935-4299517,Set,1,M
402-6645841-7610766,Western Dress,1,XXL
403-0385011-6395562,kurta,1,XL
403-0385011-6395562,kurta,1,L
404-5121910-5939548,Set,1,XS
403-1325289-4168339,Set,1,3XL
404-4703477-2176332,Western Dress,1,XL
406-7698024-7142705,Set,1,M
404-9440170-6567551,Set,1,3XL
404-6261476-8840309,Western Dress,1,XL
406-3606307-6309111,kurta,1,L
171-0539880-5605950,Top,1,XL
407-9509400-1039547,Set,1,XL
403-2834169-7654741,Set,1,L
408-3232910-4384321,Top,1,M
406-5041900-9609921,kurta,1,3XL
171-3194203-5554700,Top,1,S
408-4969818-4187516,Western Dress,1,XL
407-9337743-1569159,Set,1,M
404-0367054-1390704,kurta,1,S
404-0367054-1390704,kurta,1,M
404-0367054-1390704,kurta,1,S
404-0367054-1390704,kurta,1,S
407-5211281-8901960,kurta,1,L
408-4850877-0956323,kurta,1,XXL
408-3768138-0520340,Set,1,3XL
403-2120617-6903514,Western Dress,1,S
408-5096622-4853126,Set,1,3XL
171-9950313-8972340,kurta,1,XL
403-6350490-6598729,Top,1,L
405-6099161-8550756,kurta,1,3XL
407-0581176-7599528,Set,1,3XL
408-6600048-0856308,Set,1,M
408-4575660-1661915,kurta,1,3XL
403-6035395-5358763,Set,1,L
408-7343971-8015543,Set,1,XL
407-1323217-5588334,Set,1,L
406-2153168-4793964,Western Dress,1,XXL
402-8393380-7927535,Set,1,L
404-0427154-6433129,kurta,1,XL
406-9019513-1036351,Set,1,XS
406-3186272-6002742,Set,1,M
403-8856414-3899553,Set,1,3XL
408-9486080-8336327,kurta,1,L
403-1742116-5758703,Western Dress,1,XS
408-8418232-7670721,kurta,1,XXL
406-8300584-3106731,Set,1,L
171-0832132-3851533,Set,1,M
402-2771109-5856318,Set,1,L
402-8904100-3448325,kurta,1,3XL
408-2250907-5473163,kurta,1,L
404-4036690-3395531,Western Dress,1,L
407-9582875-7735536,kurta,1,XL
171-4828147-4901150,kurta,1,XS
405-9101330-9089903,kurta,1,M
405-1846617-0093135,kurta,1,3XL
171-2810033-5694760,kurta,1,XS
171-2810033-5694760,kurta,1,XS
407-0477385-2892341,Set,1,L
171-9937930-8207503,Set,1,M
406-2502955-6478722,Western Dress,1,L
405-0356191-8905914,Set,1,M
403-5529023-4229925,Set,1,M
171-5111951-5654750,Set,1,M
404-1011551-3420337,kurta,1,XXL
407-3684960-5932304,Set,1,M
403-9641946-9693956,Western Dress,1,L
405-8249091-4974755,Western Dress,1,M
408-5899184-5737947,kurta,1,3XL
406-1800338-7898757,kurta,1,XXL
407-7100580-4526731,Set,1,XXL
406-7637421-2471560,Set,1,M
406-7637421-2471560,Set,1,M
404-6544367-9358722,Western Dress,1,L
405-7964769-9232318,Set,1,3XL
405-9469165-7737938,kurta,1,L
408-9192308-2575509,Western Dress,1,XL
405-8091313-3967559,Top,1,XL
406-5850627-9104365,Top,1,L
407-5899030-5214726,Set,1,XXL
403-7254120-6481155,Set,1,M
408-9664395-8866726,Set,1,XL
404-1550160-5733129,kurta,1,XS
408-9220565-2933114,kurta,1,XL
407-5030434-3333169,Set,1,L
402-8378488-3865951,Set,1,XXL
402-3441531-1033102,Western Dress,1,XXL
402-3441531-1033102,Western Dress,1,XL
404-3424859-7498762,Western Dress,1,3XL
407-1085584-7235505,Western Dress,1,L
407-5348414-8833969,Set,1,L
407-5348414-8833969,Set,1,L
407-1625682-9553956,Western Dress,1,L
407-4743720-5397111,Set,1,L
408-2040383-9636336,kurta,1,XXL
406-7003790-8825127,Set,1,XS
402-8126638-0510751,Set,1,S
403-2108759-9922723,kurta,1,S
405-1981618-7424320,Set,1,M
405-6871822-3437148,Western Dress,1,L
404-7957519-8030730,Set,1,M
402-1937891-6833927,Set,1,L
407-4632570-5513122,Set,1,M
171-3634108-7120322,Set,1,XXL
405-2732101-9758700,kurta,1,XXL
405-2732101-9758700,kurta,1,XL
406-1602204-4510723,Western Dress,1,S
406-8091464-2593156,kurta,1,M
406-3334770-1458757,Set,1,L
407-4412932-4810760,kurta,1,XXL
171-1205292-4879565,Top,1,S
403-5767938-3829941,kurta,1,M
171-1834584-0748359,Set,1,XL
402-2278181-3985902,Set,1,S
408-5879102-2312363,Set,1,L
407-2225248-0624309,Set,1,S
403-0779383-1321137,Set,1,3XL
403-0663542-7426734,Western Dress,1,M
402-1697078-7511513,Western Dress,1,M
405-0401444-6832316,kurta,1,XXL
404-9468640-9057167,Set,1,XL
402-4943168-1821108,kurta,1,XXL
405-0061098-8737123,Set,1,3XL
405-7960305-8721113,Western Dress,1,S
404-3901823-6593943,kurta,1,XL
404-3901823-6593943,kurta,1,XL
402-7335812-9417965,kurta,1,XXL
404-9908784-1647547,Western Dress,1,M
403-0853202-8737163,Set,1,S
405-0880163-7577935,Ethnic Dress,1,3XL
402-3964406-7660364,Western Dress,1,S
404-7518695-6492322,Set,1,L
171-2743487-3879551,Western Dress,1,S
403-6234477-0717931,Set,1,XL
404-7127328-8084305,Set,1,S
403-0035054-6548346,kurta,1,XXL
405-2720012-3944312,Set,1,XL
405-2307823-0233138,kurta,1,M
405-8655014-6503505,Set,1,S
406-6032196-6329130,kurta,1,XL
171-1772261-7446750,Western Dress,1,XXL
171-2864883-0088339,kurta,1,5XL
405-1555766-4476361,kurta,1,3XL
403-2389710-2109921,Set,1,M
408-1003464-9243551,Western Dress,1,S
405-5106101-7357911,Western Dress,1,S
408-8511516-0883512,Set,1,XL
402-1447737-3269932,Set,1,M
171-1251243-0109919,Set,1,L
403-2791283-9139528,Set,1,XL
406-9800231-9037133,Set,1,M
404-5166699-2001920,kurta,1,L
171-7712642-0433952,Set,1,XXL
404-1387014-6014758,Western Dress,1,XL
404-1387014-6014758,Western Dress,1,XL
406-7659918-0409144,Western Dress,1,XXL
171-2761965-4673969,Bottom,1,XL
408-8898469-8391533,Ethnic Dress,1,L
404-5752974-7805909,Set,1,XXL
408-2618667-4761161,kurta,1,3XL
404-7784222-5073104,Western Dress,1,XXL
406-8530212-9088333,Set,1,M
403-4441455-3010709,Set,1,XXL
402-2585195-3279558,kurta,1,XL
406-6101335-1952346,Set,1,XL
408-6228746-9234718,kurta,1,XXL
408-3736121-5108354,Western Dress,1,XL
405-7097724-0444329,Set,1,XS
406-3641125-0580363,Set,1,M
405-8806091-4441933,Western Dress,1,M
408-5564124-6966758,kurta,1,3XL
408-5758900-9789903,Top,1,S
402-1518851-0258769,Set,1,3XL
406-3088175-0925968,Top,1,XS
408-1683887-0333905,kurta,1,3XL
408-2354276-2482748,Set,1,L
171-3250173-9547543,Set,1,S
402-1855515-8834705,Western Dress,1,S
407-4463269-3222747,Set,1,XL
402-2736318-0032304,Blouse,1,XL
171-3024221-4225918,kurta,1,XXL
407-7785250-3113931,kurta,1,3XL
407-7785250-3113931,kurta,1,3XL
171-0165763-1278774,Western Dress,1,S
404-4761809-3659536,Top,1,M
407-1210247-6275524,Set,1,XL
403-0282200-2503530,Western Dress,1,M
408-7173484-4756334,kurta,1,M
404-3182081-9959540,Set,1,L
408-4472532-0953921,Set,1,3XL
407-0394567-7944368,Ethnic Dress,1,XL
403-6642351-0732340,Set,1,XL
171-2233052-5913121,Set,1,M
407-2862044-0055553,Western Dress,1,S
402-7210307-8877916,Set,1,3XL
408-1384029-1137939,Set,1,3XL
404-2687712-3460367,Top,1,S
406-6399152-2916327,Set,1,XS
408-2678722-8370711,Western Dress,1,S
403-0585071-6660309,Top,1,XXL
407-9810835-0285901,Set,1,XL
404-1873136-4201954,kurta,1,M
403-9702862-3431552,Western Dress,1,S
408-3413000-9353107,Set,1,XL
405-1702852-8498700,Western Dress,1,3XL
402-3175731-0709107,Top,1,3XL
402-1280112-6901155,kurta,1,M
407-7130046-1224337,Western Dress,1,XL
407-9070494-2016309,Set,1,XXL
402-2069251-0157128,Set,1,XL
407-2490346-0002756,Western Dress,1,XL
406-3389160-4828347,kurta,1,XL
402-2665035-3097949,Western Dress,1,XXL
405-9618733-0220310,Set,1,M
405-1429018-3384331,Bottom,1,L
406-7360958-5240312,Set,1,S
406-7360958-5240312,Set,1,S
408-4798317-1350745,Set,1,XL
402-5748539-6158756,Set,1,S
402-5748539-6158756,Set,1,S
402-1764277-9949947,Set,1,XS
403-9982078-5001913,Set,1,3XL
408-2722018-4801953,Set,1,XXL
407-0740068-1554741,kurta,1,S
171-8344728-9437915,kurta,1,S
407-5198799-4585950,kurta,1,S
403-0074360-7240361,Set,1,M
406-0564982-8647536,Set,1,L
171-6358154-2073942,Set,1,XS
402-2363962-6751530,Top,1,S
407-8858274-2842756,kurta,1,M
403-6438676-9323535,kurta,1,XL
402-7103205-9783559,Western Dress,1,M
402-9351653-7171549,Set,1,S
404-7570514-2731556,kurta,1,XL
404-8959160-6360343,Set,1,3XL
404-5641284-3801140,Set,1,S
405-1668691-2837901,kurta,1,XXL
407-8481321-9624367,Western Dress,1,S
408-0344525-3568301,kurta,1,XL
408-2746952-8857106,Set,1,L
404-1640343-0398724,Western Dress,1,3XL
406-4584029-7139562,kurta,1,M
405-5589341-1959560,Set,1,L
405-5589341-1959560,kurta,1,L
407-6211025-7748304,Western Dress,1,L
407-6211025-7748304,Western Dress,1,M
407-6211025-7748304,Western Dress,1,L
403-0242141-0365947,Top,1,S
408-7557131-7681167,Set,1,L
407-2630215-5824362,Western Dress,1,XXL
405-3969216-5317900,kurta,1,XXL
402-7994165-1871556,kurta,1,XL
408-7699115-4536300,Set,1,M
403-0212587-9969164,Set,1,M
404-1423250-6431555,kurta,1,M
171-0183671-9828323,kurta,1,3XL
171-7833245-7253162,kurta,1,3XL
405-4781840-2091516,Western Dress,1,3XL
171-8945039-9869930,Set,1,M
408-9350280-2217154,Set,1,L
407-7168465-3489945,kurta,1,XXL
403-7820173-5028305,Top,1,L
408-5200656-6643546,Western Dress,1,S
408-7163968-9596365,Set,1,XS
408-2106961-3840320,Set,1,3XL
405-3790125-9605938,Set,1,XXL
405-3790125-9605938,Set,1,XXL
407-1577891-9939503,Set,1,M
407-5662506-4581920,Top,1,XXL
407-5662506-4581920,Top,1,XXL
406-6780114-7567509,Set,1,M
406-4092817-1071547,kurta,1,S
404-3418045-1401967,Western Dress,1,3XL
171-3758859-8694722,Western Dress,1,L
171-3758859-8694722,Western Dress,1,L
402-2268805-1536329,kurta,1,3XL
406-7196948-6553964,Western Dress,1,M
404-0944441-8781127,Set,1,XL
403-2449721-4108366,Western Dress,1,XL
408-2358896-0679535,kurta,1,3XL
405-4590732-5841936,Top,1,L
402-7434299-2774743,kurta,1,XL
405-3536123-3212308,kurta,1,3XL
408-9793920-0556345,Western Dress,1,XL
407-3463768-7882752,Set,1,XS
407-1694434-0852319,kurta,1,L
407-1694434-0852319,kurta,1,L
406-7294575-0341106,kurta,1,S
402-7383556-0375528,Set,1,XXL
405-9932760-1025902,Set,1,3XL
404-8295727-6513945,kurta,1,XXL
171-8174495-3556348,Set,1,L
408-8634233-4979503,Western Dress,1,3XL
408-8634233-4979503,kurta,1,3XL
405-5024634-5532308,kurta,1,4XL
404-8091944-4326766,Western Dress,1,S
402-1833456-3234721,kurta,1,XXL
403-9939154-1942707,Western Dress,1,3XL
408-8637347-5929167,kurta,1,L
404-0795254-6965116,Set,1,3XL
404-8562781-7020336,kurta,1,XXL
407-7140552-6969155,Set,1,S
408-0272847-7603526,Set,1,M
403-8459998-9153141,kurta,1,XL
403-0547720-1224303,kurta,1,L
408-3539702-2380352,Top,1,XS
408-1024288-0435534,Set,1,S
403-0081249-2625147,Set,1,3XL
403-0081249-2625147,Western Dress,1,XXL
403-0081249-2625147,Western Dress,1,XXL
402-7241927-1951559,Set,1,3XL
403-0021354-7744318,Western Dress,1,M
408-2053797-3709144,Set,1,XS
407-9291612-7249965,Western Dress,1,L
407-3572858-8514729,kurta,1,L
405-1635642-3525138,kurta,1,3XL
403-2248787-9074743,Top,1,XS
404-2036283-3687557,Set,1,3XL
406-7714714-6557145,Set,1,XL
406-4947773-4015551,Western Dress,1,XS
402-1057014-8969140,kurta,1,6XL
405-3193027-2673162,Ethnic Dress,1,XXL
406-2806729-8315542,Set,1,M
406-2806729-8315542,kurta,1,M
403-8611540-2243561,Western Dress,1,L
404-1523922-8590739,Western Dress,1,3XL
402-2793611-3418763,Western Dress,1,XL
407-4439132-6758728,Western Dress,1,L
406-9890585-2662716,kurta,1,XL
171-0594537-7186745,kurta,1,XXL
404-3769274-0137915,Set,1,3XL
171-7550460-5681133,Set,1,L
407-7083133-7663557,kurta,1,3XL
403-7472849-8536315,kurta,1,3XL
171-7078587-3090745,Set,1,3XL
404-0719711-2359522,Set,1,XL
405-2745847-6025154,kurta,1,M
404-5206056-4231513,Western Dress,1,3XL
405-4385692-1884369,Ethnic Dress,1,3XL
408-4027558-3982747,Set,1,M
408-7228465-8457109,Set,1,3XL
406-2962525-6233134,Western Dress,1,XXL
403-8928020-6925906,kurta,1,L
403-8928020-6925906,Western Dress,1,L
404-6573568-0899558,Western Dress,1,L
407-8219430-0174718,Set,1,XL
406-2825866-3316367,Western Dress,1,XL
403-9045508-2261129,kurta,1,3XL
404-4873383-1639548,kurta,1,L
408-1701338-6605933,Western Dress,1,3XL
406-3013734-1642718,Western Dress,1,L
406-3013734-1642718,Set,1,L
405-9520178-8403524,kurta,1,XS
405-9387045-7441907,Western Dress,1,S
402-3527655-2155511,kurta,1,XL
408-4029583-0761121,Western Dress,1,3XL
408-0968796-3619548,Set,1,L
408-1450988-9328354,Set,1,M
402-0603541-4663511,Set,1,XL
402-2667353-9366762,Western Dress,1,L
404-0781353-7916309,kurta,1,XXL
403-6077134-3405162,Western Dress,1,L
403-9888354-4642731,Top,1,3XL
407-6121457-6546751,kurta,1,3XL
171-8606911-1001949,Set,1,L
402-3917610-5404302,kurta,1,XL
408-1169334-6077935,Western Dress,1,L
408-1412089-6537157,Top,1,M
406-4957344-6061916,kurta,1,L
407-0607644-6675514,Western Dress,1,XL
405-3893823-8300330,Set,1,L
408-2330640-2092360,Set,1,XL
405-9872602-1131557,Set,1,XL
406-9769064-1071508,Top,1,M
402-2936534-3273954,Western Dress,1,S
407-1368416-4803525,kurta,1,XS
406-2501034-3183545,kurta,1,M
408-8876206-6636308,Western Dress,1,L
407-0161443-6151549,Set,1,M
408-7723706-4636315,kurta,1,XL
407-7221541-6176325,Top,1,XL
404-0147206-2711513,Set,1,L
402-2352188-4577942,Western Dress,1,3XL
405-9366278-9261939,Set,1,L
406-6147144-9483535,Set,1,M
404-5282794-2353943,Set,1,XXL
405-5413856-1981133,Western Dress,1,S
403-2300264-5086710,Western Dress,1,S
404-3238219-7466759,Western Dress,1,L
404-2045943-6520348,Western Dress,1,L
404-8776664-4417942,Top,1,XL
405-2206676-5556320,Set,1,S
404-0721369-0957140,kurta,1,S
404-0203831-3893913,kurta,1,3XL
408-8721519-0720323,kurta,1,XL
171-5478004-4874716,Western Dress,1,XL
171-5135033-8431512,Top,1,XL
403-2925232-3819549,kurta,1,L
402-2894268-7133129,Set,1,XS
402-2894268-7133129,kurta,1,XS
408-0430537-9963556,Set,1,M
408-3493599-2143526,Set,1,XXL
405-2675905-2313166,Western Dress,1,L
171-7539463-0185148,Western Dress,1,3XL
402-8543149-0397154,kurta,1,M
408-7453773-8762738,kurta,1,5XL
402-0741545-3189102,kurta,1,4XL
171-1344996-0454717,Set,1,S
407-1383287-9265111,Western Dress,1,M
406-0758667-2356348,Set,1,XL
404-7188698-5501101,Set,1,S
407-2974112-2145910,Set,1,M
403-0180459-6152328,Set,1,M
404-3171638-3022765,kurta,1,3XL
407-4279487-1484365,Western Dress,1,S
402-7672269-3746743,kurta,1,M
405-6260367-6645953,kurta,1,S
405-6260367-6645953,Western Dress,1,XS
408-2200393-2764330,kurta,1,XXL
408-2200393-2764330,kurta,2,XL
408-0655874-6876335,Western Dress,1,3XL
406-9024391-5881144,Top,1,XS
403-6068196-3732344,kurta,1,S
408-2453824-3911545,Western Dress,1,S
403-6428982-3303568,kurta,1,XL
407-2126016-1840303,Western Dress,1,3XL
403-1278095-2901120,Western Dress,1,XXL
403-5704068-1165961,Set,1,L
405-1601991-9741112,Western Dress,1,XS
408-3634199-6625928,kurta,1,4XL
402-9323038-3303524,Western Dress,1,S
406-3373117-6039564,Western Dress,1,3XL
404-0717503-4492353,kurta,1,L
403-6158855-4702748,kurta,1,XL
403-6158855-4702748,kurta,1,XL
403-6158855-4702748,kurta,1,XL
406-6471412-0236302,Set,1,XL
406-6471412-0236302,Set,1,XXL
403-3780294-9317151,Top,1,M
404-7412556-1003529,Western Dress,1,L
407-6662901-4978708,kurta,1,L
171-8994008-4629926,kurta,1,XL
407-9020804-8423546,Set,1,L
171-6936008-2544324,Set,1,S
406-5356131-9017131,kurta,1,S
171-0947045-3242728,Set,1,3XL
171-0947045-3242728,Set,1,3XL
407-0044087-8935501,kurta,1,S
404-6874841-3443533,Western Dress,1,L
404-6874841-3443533,Western Dress,1,M
404-6874841-3443533,Western Dress,1,S
404-0049537-2187512,Set,1,3XL
406-1895844-0908319,Western Dress,1,M
171-2888774-3645117,kurta,1,XL
407-3058465-9478741,kurta,1,3XL
405-0162101-4735553,kurta,1,L
408-4608433-9203547,Set,1,3XL
405-8646094-8659552,kurta,1,XL
405-1321429-5281153,Top,1,XL
404-2133692-2605947,Set,1,L
403-9998026-4157907,Set,1,XL
403-7103251-6202766,kurta,1,3XL
404-2856569-5973939,Set,1,M
171-8693057-6425116,Set,1,XL
405-3607083-9120361,Ethnic Dress,1,3XL
403-5803166-7540342,Bottom,1,XL
403-5803166-7540342,Bottom,1,XL
403-5803166-7540342,Bottom,1,XL
406-4086000-2739569,Set,1,3XL
407-4636988-9053167,Set,1,L
408-6347766-9153902,Western Dress,1,3XL
171-1488771-3135563,Set,1,M
408-6302307-0911545,Set,1,XS
407-6424276-2055512,kurta,1,XXL
407-6424276-2055512,kurta,1,XXL
407-6424276-2055512,kurta,1,XXL
407-6918353-0480352,kurta,1,XXL
402-0355763-6823568,Set,1,L
403-0999262-6294747,Set,1,3XL
408-7300123-1505118,kurta,1,L
404-5579977-6988338,Top,1,M
407-7667884-8665153,Set,1,L
407-2884976-5398706,Western Dress,1,XS
402-3237670-3385109,kurta,1,L
407-0080953-1543518,Western Dress,1,XXL
404-9734249-6069146,kurta,1,XS
403-6109237-0830745,kurta,1,XXL
405-4949507-3469104,kurta,1,XS
405-4949507-3469104,Set,1,S
171-8402010-3549122,Top,1,3XL
171-6778254-2933161,Set,1,M
406-0306971-8749107,Western Dress,1,S
408-8951560-4200348,Western Dress,1,XXL
406-2693243-7132363,Set,1,XL
171-7007939-2945156,Set,1,M
408-2318277-0728323,kurta,1,XXL
171-4946576-0296315,Western Dress,1,XXL
405-3725554-3720301,Top,1,XXL
408-8494791-3335548,Set,1,M
406-4626893-6142704,Set,1,L
402-0539500-2559552,Top,1,3XL
407-2636382-8209920,Set,1,XL
171-7532481-1417903,Set,1,M
406-2076781-5316344,Set,1,3XL
403-0660229-4917154,kurta,1,L
406-7707913-6886769,Set,1,M
402-5466523-1418729,kurta,1,XL
405-5717266-8499535,Western Dress,1,L
408-7831075-6200329,Set,1,M
406-8622047-5477158,Western Dress,1,XXL
402-6086267-2383541,kurta,1,XL
405-4100313-0987506,Top,1,XL
405-2734961-2952332,kurta,1,M
171-1929941-9901937,Western Dress,1,S
402-8338057-9605163,Set,1,S
405-5531045-8414717,Set,1,M
171-1309979-0381141,Western Dress,1,3XL
171-0636112-4517118,kurta,1,XXL
404-4820995-6677121,Set,1,S
406-7400619-9797920,Set,1,M
404-5440946-0725124,kurta,1,XL
408-2329036-7317149,kurta,1,XL
171-9046424-2741946,Top,1,XS
171-9046424-2741946,Top,1,S
408-6839635-3848367,Top,1,S
408-2897210-3691557,kurta,1,L
406-1742199-3037161,Western Dress,1,XL
408-3055892-9125954,kurta,1,L
403-2290139-5639548,Western Dress,1,3XL
407-8897713-0839536,Set,1,S
402-5616043-8073112,Set,1,3XL
402-5333431-1513106,Set,1,3XL
402-5333431-1513106,kurta,1,3XL
406-2282780-3869130,Top,1,S
404-4715339-2529938,Top,1,XS
408-0843731-2842723,Western Dress,1,M
403-6695507-8541118,kurta,1,3XL
406-4087866-1657948,Set,1,XXL
406-3051093-4085158,Western Dress,1,XXL
408-9896955-4229104,Ethnic Dress,1,S
408-1043907-0275515,Set,1,L
408-8029847-3949907,Western Dress,1,S
171-3176630-5429124,Set,1,M
407-6917697-8949140,Set,1,L
407-7520261-9117128,kurta,1,XS
405-2408767-0262751,Western Dress,1,L
405-3938435-3408313,Western Dress,1,XS
404-0434623-2896304,Set,1,S
404-1497547-8750706,Set,1,3XL
406-4942986-1716364,Western Dress,1,S
403-3996382-2989952,Western Dress,1,L
403-9209809-9992315,Set,1,M
404-1237441-1705109,Western Dress,1,3XL
404-1237441-1705109,Western Dress,1,3XL
406-0459716-3069150,Western Dress,1,XL
407-0365515-1241163,Set,1,M
407-7441789-6862732,Top,1,3XL
408-0945399-6741113,kurta,1,M
405-8939169-5861907,Set,1,XS
407-6609409-0833103,kurta,1,XL
405-3273896-6365148,Set,1,3XL
405-3273896-6365148,kurta,1,3XL
405-3273896-6365148,kurta,1,3XL
171-8367417-3789127,Western Dress,1,3XL
402-6784614-3889968,Set,1,XL
403-3433845-1228355,Set,1,XL
405-5731775-4117912,Set,1,XS
402-5753719-1166709,Western Dress,1,XL
406-5542691-0650703,kurta,1,XL
403-2388311-1145909,Set,1,M
403-2388311-1145909,Set,1,S
404-5649550-8212343,Set,1,S
408-3619328-2945115,Top,1,S
171-5681027-7709946,kurta,1,L
408-0500035-9099511,kurta,1,3XL
171-4674216-1281960,Set,1,S
171-1140075-1656368,Western Dress,1,XXL
407-3922162-5650742,Top,1,S
403-2317781-4205964,Set,1,M
407-6523660-0222729,Set,1,S
402-4160232-6312350,kurta,1,XXL
402-4160232-6312350,Set,1,XXL
402-4160232-6312350,kurta,1,XXL
402-6823844-5707512,kurta,1,3XL
402-6823844-5707512,kurta,1,3XL
402-1541518-9896302,Set,1,XXL
405-8906352-4133128,Set,1,S
405-8906352-4133128,Set,1,S
405-5823390-2945158,Western Dress,1,S
404-1420786-7445153,Western Dress,1,S
405-9151084-2970744,kurta,1,5XL
402-9152615-2554722,Western Dress,1,XS
405-4732270-3869915,Top,1,M
404-7876455-6834727,Western Dress,1,XL
406-1927275-2274736,Western Dress,1,3XL
405-4206801-3595527,Western Dress,1,XS
404-4407753-4529914,kurta,1,3XL
407-6792043-2994746,Set,1,L
403-7500617-0678737,Set,1,S
404-2534303-7993103,Set,1,M
407-6234152-7327560,Western Dress,1,XL
403-4916847-8117917,Western Dress,1,L
404-0564502-7775526,kurta,1,3XL
408-6341492-0042713,Western Dress,1,3XL
405-1896590-8476315,Set,1,XS
402-9370245-9461103,Top,1,M
406-0850541-4390719,Western Dress,1,S
171-3582341-9418710,kurta,1,XXL
171-3582341-9418710,kurta,1,XXL
404-3948563-6186764,Top,1,XXL
408-2248898-5105939,Western Dress,1,3XL
408-2248898-5105939,kurta,1,3XL
402-1263865-4017965,Western Dress,1,XL
407-4762528-2744366,Top,1,L
404-0637271-2795527,Western Dress,1,3XL
406-0459421-8720315,Western Dress,1,3XL
408-5972578-7836356,kurta,1,XXL
408-4544003-2473905,Western Dress,1,L
405-4446111-9413156,kurta,1,XXL
404-9706505-2491526,Set,1,S
407-0807252-9822708,Set,1,L
405-2332336-2758742,kurta,1,S
403-6364030-0679530,Set,1,M
408-7943836-5723556,Top,1,L
403-2113393-1665912,kurta,1,XXL
405-5546132-1589903,kurta,1,3XL
405-5546132-1589903,kurta,1,3XL
405-4331064-3363525,Top,1,3XL
406-3482649-9494730,Set,1,M
407-6523386-9960304,Set,1,3XL
402-2573364-6824368,Set,1,M
171-1765941-3889141,Top,1,S
403-8452679-5014769,Set,1,M
171-6854059-5843535,Western Dress,1,3XL
406-4538142-7331540,kurta,1,XL
408-8951156-7694742,kurta,1,M
406-0531650-9273926,Set,1,M
406-1504178-8179568,Set,1,M
408-3244990-2747506,kurta,1,3XL
408-3244990-2747506,Top,1,3XL
408-3244990-2747506,Set,1,3XL
407-3549914-0233114,Western Dress,1,3XL
404-2572820-3193144,kurta,1,L
404-2572820-3193144,kurta,1,L
404-2572820-3193144,kurta,1,L
171-4014275-1020321,Western Dress,1,L
408-1916169-9397169,Western Dress,1,M
171-6816032-7745920,Bottom,1,L
402-1852515-5811561,Set,1,XS
408-8327772-1139501,Top,1,XL
408-8327772-1139501,Top,1,XXL
402-7001124-6127562,Set,1,XL
406-2270443-7520310,kurta,1,XXL
408-6006585-6027565,kurta,1,XL
404-1822169-3229109,Set,1,3XL
171-0521328-4800340,kurta,1,5XL
171-3464718-0369930,Western Dress,1,XXL
171-5135059-0164324,Set,1,L
405-5655980-6607527,Western Dress,1,3XL
402-8135735-2489107,kurta,1,3XL
408-4978407-3839543,Set,1,M
403-6077312-0524332,kurta,1,5XL
408-9549387-2022735,Western Dress,1,M
403-7788989-2097918,Set,1,L
406-0097544-3048362,kurta,1,XL
404-1645296-5773103,kurta,1,L
404-1645296-5773103,Western Dress,1,L
403-7818641-4995508,Top,1,M
403-3864717-3117161,Set,1,M
171-2246250-0549119,kurta,1,XL
406-4995963-5353102,Western Dress,1,XL
406-4995963-5353102,kurta,1,XL
408-2647474-2701968,Top,1,XL
402-5012979-3004365,kurta,1,3XL
402-3655140-1429105,Set,1,S
408-1802634-6140340,Set,1,XL
408-5972865-3272362,Set,1,3XL
404-2191765-7969120,kurta,1,XL
407-5011174-9104340,Top,1,S
406-4995972-3207562,Top,1,XXL
171-1882313-9816367,Western Dress,1,M
404-7849209-4530702,Set,1,S
404-7849209-4530702,Western Dress,1,S
404-7849209-4530702,Ethnic Dress,1,S
406-2071263-9512366,Top,1,L
405-0325936-9459548,Set,1,M
405-0325936-9459548,Set,1,S
402-2735078-9845945,Top,1,M
402-2735078-9845945,Top,1,L
407-5266112-2369901,Set,1,L
407-0282934-0907531,Western Dress,1,XL
407-0282934-0907531,Western Dress,1,XL
407-8455480-8530766,Set,1,S
403-1641398-7486752,Blouse,1,XXL
405-9886172-2425966,Western Dress,1,M
402-0198815-6432304,kurta,1,XS
406-7500187-0667557,Set,1,XXL
403-2960702-8516356,Blouse,1,Free
403-0398204-4908350,Set,1,XL
406-7586563-7671527,Western Dress,1,XXL
404-7247773-7193945,Western Dress,1,XS
406-9245631-8580308,kurta,1,XL
171-0073950-9917974,Western Dress,1,3XL
406-9529269-2096302,kurta,1,M
403-7120096-4972311,kurta,1,XL
406-8120737-4064316,Top,1,XXL
171-4804547-9073914,Western Dress,1,3XL
171-9713307-8937166,Western Dress,1,XL
406-5833592-4521104,kurta,1,S
408-8051381-4785122,kurta,1,L
406-9931739-7852322,kurta,1,3XL
406-9931739-7852322,kurta,1,3XL
408-0506820-8137921,Set,1,XXL
408-2708557-0772332,Set,1,3XL
405-6948144-5017169,Set,1,M
405-6948144-5017169,Set,1,M
404-7745388-8179505,kurta,1,XXL
402-3250170-5675555,Top,1,3XL
404-3165242-0877119,kurta,1,XXL
407-4960593-9165112,Western Dress,1,L
406-0718224-5704349,Western Dress,1,L
404-6346990-4376355,Set,1,3XL
405-5643256-8898750,Western Dress,1,S
408-0281860-4296351,Top,1,S
405-5896270-9284319,Set,1,XS
404-3453757-3409940,Set,1,XS
404-3453757-3409940,Set,1,S
402-7603194-7433166,Western Dress,1,L
405-9112088-4537955,Set,1,XS
405-9112088-4537955,Set,1,XS
405-9112088-4537955,Set,1,S
406-8031748-5777957,Western Dress,1,M
408-4699197-4721955,Set,1,3XL
407-6220556-4960361,Top,1,XXL
405-0744013-2969916,Western Dress,1,XXL
408-9868265-9373133,Set,1,XL
407-4640524-5921158,Set,1,S
406-0107815-6959571,kurta,1,XL
408-8366460-1641958,Set,1,S
402-8761460-1487516,Set,1,S
408-5489663-1179507,Blouse,1,XXL
406-5021942-9917958,Western Dress,1,S
405-8449047-7909160,Set,1,XXL
407-7889196-3488344,Western Dress,1,XXL
403-2418023-2577927,Top,1,3XL
405-2402005-4774753,kurta,1,XL
407-0012326-3177107,kurta,1,L
171-5683585-3127523,Ethnic Dress,1,XL
403-5099608-6710710,Top,1,L
405-3601112-1279565,kurta,1,L
406-5846297-9286737,Top,1,XL
406-9010653-6354744,Set,1,L
407-4688295-7831541,Western Dress,1,XXL
406-5663653-4657123,Set,1,S
407-6354182-8416323,kurta,1,3XL
407-5506175-8736304,Set,1,M
404-5466716-6891519,kurta,1,L
404-6896740-7465927,Top,1,L
405-2595659-2918707,Set,1,XL
403-9458680-1966704,Set,1,3XL
171-3370216-9485147,Set,1,S
407-8796492-2547562,Set,1,XS
402-9290612-1156332,Set,1,XL
407-1451401-7366729,Western Dress,1,S
403-7514364-6746727,Set,1,M
403-9957527-8983535,Western Dress,1,XL
402-0285672-9381957,kurta,1,S
408-5924443-1016366,Top,1,XXL
405-0058984-5675508,Western Dress,1,M
404-8657420-6667558,Set,1,XS
408-1444219-6465139,Western Dress,1,XL
171-6709150-4069143,kurta,1,XXL
404-0827003-2973148,Western Dress,1,XS
171-7452640-5022767,Top,1,XL
405-3656913-4116305,Western Dress,1,M
403-7889767-3504307,Western Dress,1,M
405-8288313-5173965,Set,1,M
403-4306013-6665103,kurta,1,L
404-7970619-1066721,kurta,1,XL
404-8681896-6182730,kurta,1,XL
407-8770142-4583539,kurta,1,S
171-0436152-2219532,Set,1,XS
402-2695293-9288366,Top,1,M
408-2607419-2692361,Set,1,3XL
405-1789950-5625105,Set,1,M
171-9632227-9900363,Western Dress,1,3XL
408-3495411-7470750,kurta,1,M
403-4202155-8109111,Top,1,L
403-3858306-3163524,Set,1,L
407-5111885-4522730,Set,1,L
402-4010314-2653940,Western Dress,1,L
171-1652401-1800309,Western Dress,1,M
402-2303811-0113942,kurta,1,3XL
407-5197694-5367508,kurta,1,L
404-2183469-8997958,kurta,1,5XL
171-4264737-8691549,Top,1,M
406-8274024-7942715,Set,1,XL
406-8274024-7942715,Set,1,L
402-8727298-1095532,Set,1,3XL
402-8727298-1095532,Set,1,3XL
402-8727298-1095532,kurta,1,3XL
402-8727298-1095532,kurta,1,3XL
402-8727298-1095532,Set,1,3XL
404-1513164-3039515,Set,1,M
407-0430553-5363502,Western Dress,1,XS
403-2893913-0221157,Set,1,XL
407-6017535-6888336,kurta,1,3XL
405-2179797-2073161,kurta,1,XS
403-7559804-3970726,kurta,1,L
403-7559804-3970726,kurta,1,L
403-7559804-3970726,kurta,1,L
403-7559804-3970726,Set,1,L
403-7559804-3970726,Set,1,L
403-7559804-3970726,Set,1,L
406-2861088-6513950,kurta,1,XXL
407-3722755-2665167,Set,1,L
402-1033755-9948336,kurta,1,XXL
171-3215544-8045922,Western Dress,1,3XL
406-5095188-7376325,Western Dress,1,S
408-2985442-7828347,Western Dress,1,M
406-8122749-0661915,kurta,1,M
403-3683975-4980304,Set,1,XL
403-5031561-6146712,Western Dress,1,S
402-6593294-6858759,kurta,1,L
402-6642963-3503538,Western Dress,1,3XL
404-1014737-3325139,kurta,1,3XL
404-3687053-5126763,Set,1,XXL
405-8679860-0253942,Top,1,L
171-6857883-6372301,Western Dress,1,XS
171-3582864-4888320,Western Dress,1,S
408-3869082-6595550,Set,1,L
408-8641450-9868358,Western Dress,1,M
404-2363251-8688329,kurta,1,L
408-5753929-5209916,kurta,1,XL
406-3671456-8369956,Western Dress,1,L
405-6966753-4151509,Set,1,3XL
171-5341282-0565937,Top,1,L
403-9604308-9979516,Western Dress,1,S
407-5768520-6873903,kurta,1,3XL
171-2829726-4497120,Set,1,M
402-5144747-8173120,Top,1,M
406-0057755-8929951,Set,1,M
402-0742811-1601954,Top,1,L
403-9761295-8057159,Western Dress,1,S
407-9906726-6094706,Western Dress,1,L
408-0570008-5846749,kurta,1,L
171-9155123-8120361,kurta,1,XXL
171-9155123-8120361,kurta,1,XXL
403-0290130-2413138,Western Dress,1,M
403-7127273-4482769,Western Dress,1,M
402-1756900-4619541,Set,1,3XL
407-6798116-9181928,Top,1,L
407-6798116-9181928,Set,1,L
402-6146715-6596367,kurta,1,L
404-2256822-1269956,Set,1,L
402-7083881-4441947,Set,1,3XL
405-3502435-9873923,Set,1,M
404-2334439-6312346,kurta,1,XXL
404-8717122-2953948,kurta,1,L
406-7054557-5843509,Western Dress,1,XL
406-8506629-1897944,Set,1,M
408-0201679-1076310,Western Dress,1,M
407-3263587-8745963,Set,1,L
171-7495714-5064350,kurta,1,XL
407-1560090-0013166,Western Dress,1,M
408-7867012-5431553,Top,1,XL
408-0926729-2326756,Bottom,1,3XL
406-6922961-2532362,Top,1,XL
406-0172947-9565960,kurta,1,3XL
405-4738063-8357952,kurta,1,L
406-8834548-0100357,kurta,1,6XL
402-3783211-1421153,kurta,1,S
407-2248931-8269925,Set,1,3XL
403-8884612-8605931,Set,1,3XL
407-4989743-6341103,kurta,1,S
407-4989743-6341103,Set,1,S
407-4989743-6341103,Set,1,S
403-6585991-5412334,kurta,1,XXL
171-7187359-8518712,Top,1,XXL
171-4430083-0245962,Western Dress,1,L
402-6330816-2038749,kurta,1,3XL
402-6330816-2038749,kurta,1,XXL
405-7398156-0029957,Top,1,L
405-7398156-0029957,Top,1,L
405-7398156-0029957,Top,1,L
402-4541595-8588336,Set,1,L
408-4934859-8348364,Western Dress,1,S
406-7634130-8647567,kurta,1,XL
171-2172813-5247504,Set,1,XL
171-0373033-6919551,Western Dress,1,XL
408-3699414-3577155,Set,1,XXL
405-6265569-6197136,Set,1,M
408-7820885-6386746,Set,1,XL
408-6791462-0165946,Set,1,XL
171-5537058-1326740,kurta,1,L
171-2567954-2019562,Bottom,1,M
171-2567954-2019562,Bottom,2,L
171-2567954-2019562,Bottom,1,XL
402-4401667-1920304,Set,1,XL
402-4401667-1920304,Set,1,M
402-9561107-1636337,Set,1,S
403-0632868-8801137,Top,1,3XL
404-1025555-6509137,Bottom,1,L
403-7741536-6785929,Western Dress,1,S
402-6840961-1981129,kurta,1,L
402-4245673-3133133,Set,1,XXL
402-9265619-4934740,Set,1,M
406-1881502-7565961,Top,1,L
171-4672946-7787550,Set,1,L
407-2253749-4181932,Western Dress,1,L
406-3333970-6032315,kurta,1,M
171-6359414-2179569,Western Dress,1,3XL
171-6359414-2179569,Western Dress,1,3XL
171-6359414-2179569,Western Dress,1,3XL
171-6359414-2179569,Western Dress,1,3XL
405-5013871-2063539,Set,1,XS
171-0802217-4845161,Set,1,XXL
171-7610953-6876330,Western Dress,1,XL
408-3076802-4238755,Set,1,M
402-4976617-8421943,Western Dress,1,3XL
403-7860607-6008310,Western Dress,1,XXL
171-1097543-8681900,Western Dress,1,L
403-5547797-1438730,Set,1,XL
407-0628439-0021956,Western Dress,1,XL
406-9367868-6005167,kurta,1,XL
402-4358216-8747526,kurta,1,XXL
405-8736018-0866721,kurta,1,3XL
405-8736018-0866721,kurta,1,L
405-8736018-0866721,Set,1,L
402-1562367-8129909,Set,1,L
171-1839611-7405935,Set,1,S
406-1952276-3793143,kurta,1,M
406-4669504-8209919,Set,1,XS
402-0606610-9399560,Western Dress,1,S
405-8582682-5788358,Set,1,M
171-7097557-5735568,Set,1,S
405-4433225-4784300,Set,1,XL
405-4279934-7721944,Western Dress,1,L
406-7575331-7402765,Western Dress,1,M
408-1504374-4870726,Top,1,XS
171-7637485-4633948,Western Dress,1,S
403-1908252-3566731,Western Dress,1,L
171-7637769-2102735,kurta,1,L
408-4141819-3081945,Set,1,XXL
171-1632588-6415555,Western Dress,1,3XL
407-3990523-8913937,Top,1,XXL
407-3990523-8913937,Top,1,3XL
407-2418175-8177966,kurta,1,S
407-2418175-8177966,kurta,1,S
404-3054429-5115569,kurta,1,XS
404-3054429-5115569,kurta,1,XS
408-0826149-1641141,Set,1,3XL
402-6477547-7699558,Top,1,XXL
408-4036564-0621919,Western Dress,1,M
171-0651536-2390749,Set,1,M
407-7152165-3487534,kurta,1,XL
408-6235839-1354712,Set,1,L
404-5407641-6636316,Set,1,XL
407-2621430-4481919,Set,1,XXL
403-6630081-6457149,Top,1,M
408-3638555-0853121,kurta,1,L
171-3700272-3217916,Set,1,XL
171-8702196-2996314,Western Dress,1,M
408-4494166-5314747,kurta,1,L
404-3770358-6845114,kurta,1,XXL
405-0487708-8495516,kurta,1,5XL
406-0207843-8044301,Set,1,L
407-2300900-5927502,kurta,1,L
402-8396384-4030734,Set,1,3XL
402-8396384-4030734,kurta,1,3XL
407-3053228-9696363,Bottom,1,M
407-2618976-8472303,kurta,1,XL
402-0197910-3986772,Top,1,XL
407-2546779-4722705,Set,1,3XL
403-4037973-9634734,Top,1,XL
407-6655786-1030745,Set,1,XXL
406-6886733-8143503,Top,1,XL
407-7693151-8347546,Set,1,L
407-2506643-2896369,kurta,1,XXL
405-5665094-3437931,Western Dress,1,XL
171-5464966-0552358,kurta,1,S
404-5707718-0601968,Top,1,XL
402-9458102-8161149,Top,1,M
402-7634671-4086702,Set,1,L
171-6520135-9191531,Set,1,XL
404-5717892-0983544,Set,1,L
405-3954510-5012305,Set,1,XL
406-2385216-7951529,Set,1,S
407-6894818-1609954,kurta,1,3XL
407-6894818-1609954,Set,1,3XL
404-6949634-4033169,Western Dress,1,XS
402-8828049-8821935,Ethnic Dress,1,S
403-5217997-5141159,kurta,1,M
407-1742512-5960329,kurta,1,XXL
404-6343144-3685949,kurta,1,XXL
404-8031217-5131522,Set,1,M
404-8031217-5131522,Set,1,M
171-0232998-7541174,Set,1,S
171-2837288-4531524,Set,1,M
403-7572814-9385100,Set,1,L
406-9168509-8793936,Top,1,3XL
171-5348080-7305151,Set,1,XS
405-4178447-1381117,kurta,1,XXL
408-3703154-1836348,Top,1,L
405-9242580-5397944,Western Dress,1,XL
403-0545648-6078701,kurta,1,XL
406-7254826-8190768,Top,1,L
408-1716586-4733135,Western Dress,1,XL
405-3454827-6103506,Set,1,3XL
402-8659059-5457946,Top,1,S
404-0734752-9417905,Top,1,S
406-0824897-4832368,Set,1,M
171-7799645-7020350,Set,1,XS
405-3011955-7241111,Top,1,S
408-1432144-8910739,Top,1,XXL
405-5665900-5058735,kurta,1,6XL
406-5263352-7650719,kurta,1,XXL
402-3873541-7542733,kurta,1,M
404-0203303-4668379,Western Dress,1,L
406-5504314-3601942,kurta,1,3XL
403-2722191-2776362,Set,1,M
406-5071739-5736331,kurta,1,XS
404-0205048-9785176,Western Dress,1,M
404-4329927-3629139,Western Dress,1,M
406-1663813-8304302,Western Dress,1,XL
405-2434485-3960357,Western Dress,1,3XL
404-1777846-8941908,Western Dress,1,L
406-4317448-2200343,kurta,1,3XL
408-2846262-3267507,kurta,1,L
407-4586818-4055564,kurta,1,L
404-6077655-9390752,kurta,1,6XL
403-6271759-3714732,kurta,1,XL
407-0563305-5589140,Top,1,L
402-7630418-8714705,Set,1,3XL
403-3411986-6492357,Set,1,3XL
408-1224228-6743562,kurta,1,XXL
405-6412872-2677100,kurta,1,XS
405-1275412-4433154,kurta,1,M
404-6691103-8901111,kurta,1,L
404-6691103-8901111,kurta,1,L
404-6104653-1413157,Set,1,M
408-6201137-5293108,Western Dress,1,XXL
404-2887804-3682709,Ethnic Dress,1,M
171-4856918-3365116,Top,1,3XL
402-4228464-5812300,Set,1,XXL
171-2469394-7108309,Set,1,3XL
407-9745778-5884368,kurta,1,XXL
403-0841270-6853949,kurta,1,L
402-8434933-3347569,kurta,1,3XL
408-2594081-7592319,kurta,1,XXL
403-0422711-0077960,Set,1,S
406-9916207-1216329,kurta,1,3XL
406-0313283-0001102,Set,1,XL
402-0444131-8313908,Top,1,L
171-1994418-7413907,Western Dress,1,XXL
404-7716401-7992351,Set,1,3XL
404-7716401-7992351,Set,1,3XL
404-7716401-7992351,Set,1,3XL
407-0034955-2954730,Set,1,XL
403-5450061-9227568,kurta,1,XL
404-9742764-6827564,Top,1,L
404-1225007-4983541,Set,1,XS
408-8610532-5414735,Set,1,L
404-0112357-8588364,Western Dress,1,XL
171-6956526-3309152,Set,1,XXL
407-8609212-4784361,Set,1,3XL
407-8609212-4784361,Set,1,3XL
407-1009292-0062702,Western Dress,1,XXL
407-2244383-7893156,Top,1,XXL
402-1068454-6813138,Set,1,3XL
404-2512907-9846760,Western Dress,1,XS
403-4197604-5741932,kurta,1,L
405-0606683-5701933,Set,1,3XL
403-0274090-6113962,Western Dress,1,S
406-4599470-1124369,Western Dress,1,L
403-9302023-0053152,Set,1,3XL
402-5442801-1999537,kurta,1,L
408-5610374-7123560,kurta,1,L
408-3059427-0078732,Western Dress,1,XL
408-3059427-0078732,Western Dress,1,XL
408-3059427-0078732,Western Dress,1,XXL
408-3059427-0078732,Western Dress,2,XL
407-7377617-3372337,kurta,1,XXL
171-8918583-4809137,Set,1,S
408-5733036-5025159,Set,1,L
405-1334716-6495556,Set,1,XL
402-9943721-4016343,Set,1,XL
402-9943721-4016343,Western Dress,1,XL
403-5529645-2352331,Set,1,XL
406-7165848-1417962,kurta,1,XL
403-3917445-3622709,Set,1,XL
406-9329685-7978734,Western Dress,1,M
171-5249390-1024360,Western Dress,1,L
171-1260214-9115513,Western Dress,1,L
404-5228600-6179552,Set,1,XL
171-7199070-3569111,Top,1,L
407-8361255-1921106,Western Dress,1,XL
407-8361255-1921106,Western Dress,1,XL
403-0119053-3794760,Set,1,S
403-1568434-8958715,Western Dress,1,M
403-1568434-8958715,Top,1,M
171-1712844-8701946,Set,1,XL
408-5751768-0277126,Set,1,XL
408-6523420-7946724,Western Dress,1,M
402-4474148-3320312,Set,1,XS
171-6647059-1045953,Western Dress,1,XXL
402-7201064-8545153,kurta,1,L
405-6662502-6990767,kurta,1,XL
403-0690930-3066739,Set,1,S
171-1734373-9717135,kurta,1,XL
407-9146685-8130700,Set,1,M
408-7900986-8776324,kurta,1,XL
403-3821143-0205926,kurta,1,XXL
405-3682863-2488344,Top,1,S
171-4023071-2213922,Set,1,XXL
407-3849337-7559554,Set,1,L
403-3414387-4273969,Set,1,L
171-1728162-7171523,Western Dress,1,3XL
402-9383111-5556349,Top,1,L
403-7347609-9565946,Set,1,M
403-1367931-0497114,kurta,1,L
408-4026041-3163569,Set,1,L
402-1795529-4080333,kurta,1,XL
402-1795529-4080333,kurta,1,XL
402-1795529-4080333,kurta,1,XL
402-1795529-4080333,kurta,1,XL
407-2240921-4747532,Western Dress,1,L
405-0000852-1461915,Set,1,L
402-1176156-3524348,kurta,1,XL
408-6506622-3496317,Set,1,XL
403-0906805-3432304,Set,1,L
407-6342106-1522714,Western Dress,1,L
407-6342106-1522714,Western Dress,1,L
408-0485888-8576356,Top,1,XS
408-7584677-3980321,Top,1,S
406-0262185-3701100,Set,1,XS
402-4380204-5275515,Top,1,XL
404-3823788-7905104,Western Dress,1,XL
171-0517365-3917944,Set,1,M
406-2273480-0577121,Set,1,L
405-7512539-9736318,Western Dress,1,L
408-3068155-3989137,kurta,1,M
408-4066547-3465956,kurta,1,L
408-7272922-9407520,Set,1,S
171-4078034-9694713,Ethnic Dress,1,M
407-1741931-7114733,Set,1,M
403-0442126-6603536,Top,1,S
408-0868442-8285908,Western Dress,1,M
171-1148950-2648366,Western Dress,1,S
403-6437793-2145924,kurta,1,L
408-0311682-7406745,kurta,1,5XL
408-9112108-7803506,kurta,1,XL
402-3140012-5776348,Set,1,M
403-1342327-9797911,Western Dress,1,M
405-5349253-6081937,Set,1,M
403-9069621-4352349,Set,1,XL
407-9914227-6549131,Western Dress,1,L
408-4898634-2227536,Western Dress,1,M
404-1398672-8529962,Set,1,XS
406-3506493-8219506,Set,1,XXL
404-8542398-2769149,Set,1,M
408-3205942-7465125,Western Dress,1,3XL
406-9185920-3638750,Western Dress,1,S
406-4555406-4128361,Set,1,3XL
405-4722688-8051556,Set,1,XS
402-1252545-5725914,kurta,1,M
406-0226274-9417915,Set,1,3XL
406-0226274-9417915,Set,1,3XL
406-0226274-9417915,Set,1,3XL
406-0226274-9417915,Set,1,3XL
403-2054347-3652363,kurta,1,XL
403-0007200-7119505,Western Dress,1,S
171-0238821-7232308,Set,1,L
405-4034410-6005140,Set,1,L
407-1307596-1934728,kurta,1,3XL
407-1307596-1934728,kurta,1,XXL
403-1145384-6289948,kurta,1,XXL
408-3358237-5583561,Set,1,L
407-1148504-2357911,kurta,1,XXL
404-6131211-4795553,Western Dress,1,3XL
171-6571279-4471546,Set,1,XS
171-6571279-4471546,Top,1,XS
171-6571279-4471546,Western Dress,1,XS
403-0646949-6199522,Top,1,XXL
407-5752720-3712304,Set,1,3XL
406-0225984-9912364,Top,1,L
171-0338504-1689149,Set,1,XXL
404-2951757-7167502,Western Dress,1,XXL
405-1633498-5513945,Western Dress,1,L
402-5049384-3598749,Set,1,XL
171-4859478-0839531,Set,1,M
402-8456951-9239521,kurta,1,M
402-8456951-9239521,kurta,1,M
406-3539136-3472323,Top,1,L
405-9492370-6417156,kurta,1,M
405-9201900-9490714,Set,1,XL
404-0413162-6257108,Set,1,XL
403-2002896-2488331,Set,1,M
404-4064164-5703505,Set,1,XL
405-4882409-5248331,Set,1,S
406-7454310-7692353,kurta,1,S
403-8000527-5700365,Top,1,S
404-8737247-6733109,kurta,1,XXL
171-2462167-4725121,Set,1,XL
171-2462167-4725121,Set,1,XL
402-1812485-6545954,Set,1,L
407-4450191-1825109,Set,1,S
407-4450191-1825109,Set,1,M
408-6975604-4627501,Set,1,XS
403-1976653-4201136,Set,1,M
404-9346498-1715519,Set,1,XXL
404-9346498-1715519,Set,1,3XL
408-2440551-4247513,kurta,1,L
406-1496014-6543535,Set,1,3XL
407-6684263-4482720,kurta,1,3XL
171-3236382-3257156,Western Dress,1,L
406-5300245-2001115,Top,1,M
406-0158303-5289934,Blouse,1,L
402-5842208-6917156,kurta,1,L
406-1894304-7451534,Top,1,3XL
405-3193013-3662750,Western Dress,1,M
404-1055676-8030750,Set,1,XL
403-4727449-7803543,kurta,1,XL
407-0277879-6337159,Set,1,S
171-0530394-6397925,Set,1,M
402-5425526-5309147,Set,1,XXL
408-4599180-9535515,Set,1,XL
406-5504229-6501910,Western Dress,1,3XL
406-5384772-8358703,Set,1,XXL
406-5384772-8358703,Set,1,XXL
406-5384772-8358703,Set,1,XXL
171-0506414-7282727,Western Dress,1,L
403-7031550-3225152,kurta,1,3XL
406-5090177-6769946,kurta,1,S
407-5478617-3888334,Top,1,XL
406-2230685-3747531,Ethnic Dress,1,M
403-6344572-9277125,Bottom,1,S
405-8395461-8489151,Set,1,3XL
402-7566409-2693113,kurta,1,XXL
408-5756061-9073159,Western Dress,1,3XL
406-6936774-7141908,Western Dress,1,XL
403-5169795-7862754,Set,1,L
407-4219927-0149101,Set,1,S
171-7375859-9006711,Set,1,XL
406-0408360-8969918,Western Dress,1,3XL
403-5810341-0641130,Western Dress,1,S
405-9382072-4508343,Ethnic Dress,1,M
404-4921760-9028368,Set,1,3XL
407-4100807-2313162,Top,1,S
171-0558090-2860353,Set,1,L
404-2610289-4409150,kurta,1,L
406-5583971-7097917,kurta,1,L
407-2521549-6012332,Top,1,XS
408-7795559-0469933,Western Dress,1,M
171-8403028-6921939,Western Dress,1,3XL
406-6648933-7078707,kurta,1,3XL
403-3644848-0776352,kurta,1,XXL
406-1043915-6465926,Set,1,XXL
171-7923144-9498710,kurta,1,XL
171-7923144-9498710,Western Dress,1,L
407-7314197-4627545,Western Dress,1,L
406-5726590-9089930,Top,1,L
408-6931393-8531537,Set,1,XL
407-4246638-6616320,kurta,1,XL
402-9203211-0246723,Set,1,S
408-1833970-8797936,Top,1,M
408-3611480-6366765,Western Dress,1,XL
407-5854582-5309945,Set,1,3XL
407-5854582-5309945,Set,1,3XL
407-4864583-0456354,kurta,1,M
171-1839724-6968341,Western Dress,1,L
408-8324282-3795568,Set,1,M
408-4223902-9993155,kurta,1,XXL
407-3287756-1169933,kurta,1,4XL
408-6479380-5839512,Top,1,L
171-1354984-5581152,Top,1,3XL
405-6076147-1098717,Saree,2,Free
171-1075202-3194764,Set,1,L
403-2765488-3513153,Set,1,M
405-4461664-9801962,Top,1,XL
405-1021059-9543515,Set,1,L
405-1021059-9543515,Set,1,L
405-1021059-9543515,Set,1,L
171-3541491-4097947,Western Dress,1,XXL
171-3489778-7146759,kurta,1,XL
171-3489778-7146759,Western Dress,1,XL
404-7368166-2714720,Set,1,M
403-5157437-9405952,Top,1,3XL
408-7589794-8522701,Set,1,XL
406-0201748-3765128,Western Dress,1,M
403-2184051-7610736,Set,1,XL
407-3206556-9967531,kurta,1,XL
408-2113439-9861163,kurta,1,XL
408-8396524-5488361,Western Dress,1,M
406-1571812-1901133,Western Dress,1,XS
403-4688550-5247517,Western Dress,1,3XL
408-1929593-5945150,Set,1,XXL
405-6609941-9629927,Western Dress,1,L
408-5390792-6478701,Top,1,XXL
405-6365130-1033928,kurta,1,XL
404-7549925-8566708,Western Dress,1,L
406-6258587-6645924,Set,1,L
408-4289669-5012341,kurta,1,XXL
171-2829772-3870764,Set,1,M
404-6613659-0105159,kurta,1,S
402-5021428-4281127,Set,1,L
407-8257944-9433114,kurta,1,3XL
402-6471898-2301165,kurta,1,L
402-1421544-9325930,Western Dress,1,3XL
405-8298615-3601949,kurta,1,6XL
407-3652628-1429924,Set,1,XL
402-8144447-4969168,Set,1,M
404-5093023-2586739,kurta,1,S
403-8237503-0711506,Western Dress,1,S
171-0764864-3177131,Set,1,M
171-3565809-1403544,kurta,1,L
402-6114305-5421117,kurta,1,M
402-6114305-5421117,kurta,1,M
404-2921989-6729919,kurta,1,L
403-9554479-4789947,kurta,1,L
405-3002343-4785909,kurta,1,L
405-2329564-5861907,Top,1,L
403-1374457-4430765,Set,1,3XL
408-7256076-9417925,kurta,1,3XL
402-0233621-3841124,kurta,1,XL
406-9166173-8977118,Top,1,XS
404-2736312-0463531,kurta,1,XL
406-7147299-7485943,Top,1,XL
406-7147299-7485943,Western Dress,1,L
408-4915581-6019558,Top,1,XL
171-6640757-9162748,Top,1,XXL
171-6640757-9162748,Top,1,XXL
403-8309450-7669161,Set,1,3XL
408-3231745-8149965,Western Dress,1,XS
402-3414719-3446728,Set,1,L
405-4825768-7862730,kurta,1,L
407-9810307-9636322,Set,1,L
406-0369266-6607506,Ethnic Dress,1,L
403-5910313-3070702,Set,1,XL
407-9232769-3046730,Top,1,XXL
407-9721260-7440361,kurta,1,3XL
404-0372461-0945103,Set,1,XL
403-9106408-4345152,Set,1,XL
405-0581078-7308320,Top,1,XXL
407-2227908-7905960,Ethnic Dress,1,L
171-3588183-5476356,Set,1,XS
403-4672918-0549129,Top,1,L
408-6174130-8621900,Set,1,S
402-9025708-6685168,Western Dress,1,3XL
404-1560019-1874708,Western Dress,1,L
408-5820487-3343542,Set,1,XXL
403-3844282-2372305,Western Dress,1,L
405-8658801-7917132,Top,1,XL
405-2605239-8484309,Western Dress,1,XXL
402-9511406-8547509,Set,1,XS
405-0821387-4991508,Western Dress,1,XXL
408-1188767-5721961,Ethnic Dress,1,XXL
403-6249350-4459523,kurta,1,L
408-0695943-6924305,Western Dress,1,XL
402-7281154-6481101,Set,1,XS
407-4129244-0941122,Top,1,S
407-3837415-3820333,Top,1,3XL
403-9938645-6681908,kurta,1,L
407-1653593-3105142,Set,1,S
402-6603987-1185962,Set,1,XL
408-6911775-2602700,kurta,1,M
405-3086583-7803512,Blouse,1,M
405-3086583-7803512,Set,1,L
405-3086583-7803512,Blouse,1,M
403-5690036-8057923,Set,1,M
408-0558342-4517112,Set,1,XL
406-0298771-6630763,Western Dress,1,XL
408-2313258-8991506,Set,1,XL
403-7600455-5424363,Set,1,M
408-7580806-6378748,Set,1,L
407-6356241-3999560,kurta,1,S
408-0083410-4852307,Western Dress,1,S
405-8586524-3590761,Set,1,L
406-4084539-7416306,Set,1,M
408-4415387-2888362,Top,1,3XL
171-9599392-4578760,kurta,1,3XL
407-4519779-8273158,Set,1,XL
406-4265399-2245900,Set,1,S
407-0014159-4042726,kurta,1,XL
405-3280164-3323530,Set,1,M
404-9992323-3767530,Set,1,L
408-7490679-5584341,Set,1,M
406-0282229-1273963,Western Dress,1,L
404-2365131-4993102,Set,1,XXL
404-1348503-5713913,Set,1,3XL
408-9802436-8866747,Set,1,XL
405-8829385-2089914,Top,1,XL
404-6036106-7793125,Set,1,XXL
404-0607798-4455551,kurta,1,XL
407-1552259-8369918,kurta,1,L
408-8255149-6601157,kurta,1,L
171-7043791-9197114,kurta,1,S
404-7384646-2589966,Blouse,1,M
404-0090436-2365163,kurta,1,6XL
408-1006679-3861928,Western Dress,1,L
408-1848355-7701952,Set,1,S
402-3094966-2919557,Blouse,1,L
403-4191295-0025949,Western Dress,1,M
403-4191295-0025949,Western Dress,1,M
408-4610596-5625921,Set,1,XL
408-8166250-4940338,Western Dress,1,XXL
408-8166250-4940338,Set,1,3XL
406-0700551-4460326,Western Dress,1,L
406-5759450-5612303,kurta,1,6XL
404-3808613-1847546,Set,1,XL
406-6488977-6457114,Set,1,M
408-0108518-4472316,kurta,1,3XL
404-6481792-6890719,Top,1,3XL
402-5981139-7693133,Western Dress,1,S
402-5981139-7693133,Western Dress,1,M
402-9662244-4266763,Western Dress,1,L
402-7405683-1017131,Western Dress,1,M
404-2522496-0385924,kurta,1,S
407-5099909-5593953,Set,1,M
408-6260753-7043539,Set,1,S
408-2146434-1705929,Set,1,L
402-2671067-5365932,Western Dress,1,XL
408-2056802-3621901,Western Dress,1,L
404-6027862-0428329,Western Dress,1,L
404-6027862-0428329,Western Dress,1,L
405-1208227-1715525,kurta,1,3XL
408-5017348-5613115,kurta,1,3XL
403-2694547-1414719,Set,1,S
403-5385461-5633120,Western Dress,1,M
403-0751703-1422702,Set,1,XL
408-0757467-6402725,Set,1,XXL
406-2921796-2367509,kurta,1,L
406-2921796-2367509,kurta,1,L
406-0949080-2722741,Set,1,M
403-1325165-1412331,Set,1,L
171-3819957-1430719,Set,1,M
402-9176762-3535507,kurta,1,L
171-2204161-3549912,Set,1,XXL
404-9935262-3562700,Top,1,M
404-4681834-9105957,Set,1,S
402-4762183-4371542,Western Dress,1,L
404-4374173-0053135,kurta,1,3XL
402-3234530-6546720,Set,1,XXL
407-9603669-5504311,Set,1,3XL
403-9698166-7229920,kurta,1,L
403-1057138-9142703,kurta,1,S
403-3185516-0197104,Set,1,L
408-0990223-7365137,Set,1,XL
407-7965563-0573915,Set,1,S
402-7446239-2400333,Set,1,XL
406-0164398-4205125,Top,1,L
171-7304785-3093903,Set,1,L
402-6841791-1266720,Set,1,L
402-6841791-1266720,Western Dress,1,M
171-7621922-4058723,Set,1,L
402-0644748-1969132,Set,1,XL
404-9447560-0540369,Western Dress,1,S
405-1987144-4901960,Set,1,XL
403-6310123-1693942,Set,1,XL
405-2165120-3947524,Set,1,M
407-4370020-2750753,kurta,1,XXL
408-9952374-7062750,Set,1,3XL
404-9514367-7372338,Western Dress,1,L
408-9768165-7105950,Top,1,XL
403-6497786-9989100,Set,1,XL
403-4760448-4789927,Top,1,3XL
171-9113952-6102721,Set,1,L
403-8416488-9661150,Top,1,M
404-2767237-2451524,Bottom,1,L
405-2866028-0494700,Western Dress,1,L
402-5576935-1361128,Top,1,M
407-1997595-1162709,Western Dress,1,L
404-7578336-5099523,Western Dress,1,XS
171-3210359-3909919,Western Dress,1,XS
403-8744618-4641109,Western Dress,1,L
404-1630054-9792336,Top,1,3XL
404-4332483-4062721,Set,1,XL
171-5868809-5958719,Western Dress,1,XL
407-0195317-7139511,Western Dress,1,XS
405-9567792-6562700,kurta,1,XXL
402-9573728-6177149,Top,1,XL
407-6649146-8687525,Western Dress,1,M
406-8608264-2894765,Western Dress,1,3XL
171-2131016-0093126,Set,1,M
402-7578276-8284329,kurta,1,L
408-6521998-5057943,kurta,1,XS
408-6521998-5057943,kurta,1,XS
408-2478642-3677115,Western Dress,1,3XL
402-4208636-9629100,kurta,1,L
408-1212339-2697950,kurta,1,M
171-2110725-8010704,kurta,1,XL
403-1285504-8605968,Set,1,S
404-3199965-4081909,kurta,1,S
404-7768482-2143536,kurta,1,XL
404-0093647-8009953,Western Dress,1,3XL
406-0509440-3569949,Set,1,S
406-9319301-3595538,kurta,1,M
404-8632312-4209161,Top,2,XL
171-1314962-6833148,kurta,1,S
405-8260270-3441913,kurta,1,L
171-0396849-4708304,kurta,1,XL
171-2223950-1833150,Western Dress,1,S
408-1952147-9228354,Western Dress,1,XXL
408-3105966-1967509,Set,1,S
408-3105966-1967509,Set,1,S
408-2265258-6743533,Western Dress,1,L
406-1546127-1769963,Western Dress,1,XXL
402-4131505-5157152,kurta,1,3XL
402-4131505-5157152,kurta,1,3XL
402-3088691-5277153,Top,1,XL
171-4458829-0703546,Set,1,L
408-3325346-7192363,Set,1,M
408-3892407-1622711,Set,1,3XL
405-6197520-5191545,Set,1,S
403-0678323-5679538,Western Dress,1,M
408-3585205-2793917,kurta,1,XL
404-1220908-0792352,Top,1,M
404-1220908-0792352,Top,1,M
404-1220908-0792352,Top,1,L
404-1220908-0792352,Top,1,M
408-1152408-7871508,Top,1,M
171-8476223-6803526,Western Dress,1,S
406-0182420-4420352,kurta,1,L
405-7942840-7244332,kurta,1,M
404-9796410-9555513,Western Dress,1,M
171-6786787-9333929,Set,1,XL
407-3572389-3483537,Set,1,XL
406-1835041-1381935,Western Dress,1,3XL
406-8735384-2105913,Set,1,L
402-9625262-6121947,Western Dress,1,M
403-0494882-0251543,Set,1,3XL
171-8773094-6077167,Set,1,L
403-6741089-2534710,kurta,1,XL
403-6741089-2534710,Set,1,XL
408-2454586-2161921,Western Dress,1,S
403-2789863-4361161,Western Dress,1,M
402-6688729-0381127,kurta,1,3XL
403-3126229-9350753,Set,1,XL
171-3690161-0889122,Set,1,S
403-8967492-6442724,Top,1,M
408-5525386-6665104,Set,1,S
406-2162131-1832350,Western Dress,1,XS
402-2559627-2326762,Western Dress,1,S
402-6219924-1429159,Set,1,S
171-8808098-5808330,kurta,2,XXL
406-2614216-5305157,Blouse,1,M
402-7263696-3032334,Set,1,XXL
171-0047071-2992309,kurta,1,L
404-2245216-0388322,Bottom,1,XXL
402-9698797-8078738,Western Dress,1,M
405-6064215-8355541,Western Dress,1,M
405-6064215-8355541,Western Dress,1,S
171-8295403-0318765,Set,1,XS
171-8295403-0318765,Set,1,S
407-1301685-5462754,Set,1,XL
408-2452659-3134725,Western Dress,1,S
402-1623493-2520361,Set,1,XL
402-1623493-2520361,Western Dress,1,XL
406-6192294-2497939,Western Dress,1,L
405-6868738-1464302,Set,1,L
404-2664863-0749119,Set,1,M
406-1930306-3209949,kurta,1,M
406-1930306-3209949,kurta,1,M
403-8697567-5115509,Western Dress,1,XS
407-3108866-4317112,Western Dress,1,XL
406-4751180-2587523,Blouse,1,S
406-6958499-6825910,Set,1,L
402-8215463-4106734,kurta,1,M
403-5959382-6546713,Set,1,L
171-2613458-3977918,kurta,1,XXL
408-3403904-2877962,Western Dress,1,XXL
407-3961573-2876341,Top,1,S
405-8322188-6524366,Western Dress,1,L
404-2618178-8373142,kurta,1,3XL
402-1107687-5611529,kurta,1,3XL
408-8159254-2121917,Set,1,S
404-7593138-2786752,Top,1,XL
408-7077571-5613134,Western Dress,1,XL
404-7917833-2837120,Western Dress,1,XXL
406-9542456-5873947,kurta,1,M
405-6213760-6361958,Western Dress,1,M
171-0314493-7055545,Western Dress,1,M
403-8336079-8308364,kurta,1,S
407-3285917-9139511,Ethnic Dress,1,XL
404-3393071-6452366,kurta,1,XL
408-3202983-2245146,Western Dress,1,XL
408-0271971-4224323,Western Dress,1,L
407-3640053-5078708,Set,1,XXL
403-0602325-7050722,Set,1,L
408-8514402-3061107,Western Dress,1,L
171-6254418-6838768,Set,1,M
407-5048555-0254728,Top,1,3XL
402-3509874-5085163,Set,1,3XL
403-7355947-4823559,Top,1,M
402-7484168-2437915,Western Dress,1,L
405-3463475-2030712,kurta,1,M
406-0028038-1341930,Set,1,L
406-3387179-5278763,Set,1,XS
407-0758217-1374703,Western Dress,1,S
171-0668246-9909145,kurta,1,XS
404-7258492-4236346,Western Dress,1,L
406-3153943-1497942,kurta,1,XS
404-7487314-6089953,kurta,1,3XL
406-1762114-2763517,Set,1,S
403-4659180-4414709,Set,1,3XL
403-6701856-7437950,Western Dress,1,L
407-3929859-1164352,Set,1,XL
404-0137187-8261124,kurta,1,M
406-8532058-7080311,Set,1,S
406-8532058-7080311,kurta,1,XL
406-8532058-7080311,kurta,1,S
406-8532058-7080311,kurta,1,S
406-8532058-7080311,kurta,1,S
402-8404238-1243539,kurta,1,M
171-0811591-7732326,Set,1,S
408-7098678-6433906,kurta,1,XL
402-3710277-9342703,kurta,1,XL
408-8976588-3636323,Set,1,XXL
406-9505280-8159508,Bottom,1,L
403-5719880-0813132,Set,1,S
171-8480007-3049151,Top,1,M
405-9460285-9770748,kurta,1,6XL
408-0634880-1359526,kurta,1,L
404-4149127-5969137,kurta,1,L
404-7157317-0467539,Western Dress,1,3XL
404-6181775-4416341,Top,1,XS
407-3467023-8822729,kurta,1,L
408-8124376-3857915,Western Dress,1,XXL
403-0779005-5126764,Western Dress,1,XXL
171-2685478-9690710,Western Dress,1,S
171-9890619-6905137,Western Dress,1,L
402-3099063-3081121,Western Dress,1,S
408-6721268-8798767,Set,1,XL
403-9953956-9625909,Western Dress,1,L
171-4965884-5755542,Top,1,XXL
408-5146191-5185919,kurta,1,M
406-3040747-0165122,Western Dress,1,3XL
402-6529206-7617941,kurta,1,3XL
406-8470853-1619513,Western Dress,1,XL
171-8201867-5112358,Set,1,XL
171-9144291-4274768,Set,1,L
171-9839169-3843513,Set,1,L
404-0135803-5750726,Blouse,1,Free
405-6430907-0756335,kurta,1,L
405-6430907-0756335,kurta,1,L
405-6430907-0756335,Set,1,L
402-7254571-0957161,kurta,1,M
402-7254571-0957161,kurta,1,M
407-5975829-7849934,Set,1,L
405-5838926-7371508,Set,1,XL
407-0922845-2572325,Set,1,XL
408-6837803-1971509,Western Dress,1,L
404-4486288-0232343,Set,1,M
404-0042920-5405159,Set,1,XL
171-5233173-7401962,Western Dress,1,XS
405-4292110-5565108,kurta,1,3XL
407-1393004-5472300,Western Dress,1,M
404-0518946-4020301,kurta,1,L
406-3141877-9675560,Western Dress,1,L
408-4020464-5010724,kurta,1,XS
407-1884531-4677123,Western Dress,1,L
407-1884531-4677123,Western Dress,1,L
407-1884531-4677123,Western Dress,1,L
171-3828640-2357129,Set,1,M
403-6676914-8274740,kurta,1,S
403-1086004-8574761,Set,1,XL
403-0261929-1651545,Top,1,M
406-3040394-1133960,Western Dress,1,3XL
408-9440533-8401109,Western Dress,1,S
404-1304680-8965140,Western Dress,1,XXL
402-6199905-7219552,Western Dress,1,L
405-8717669-7845917,Set,1,3XL
404-9610504-2885147,Western Dress,1,L
408-6182207-3448349,Western Dress,1,L
402-7847725-3081156,Top,1,XL
407-0507500-6673152,kurta,1,3XL
403-9508896-9964354,kurta,1,M
404-5668008-5326730,Western Dress,1,XXL
408-2473079-6808302,kurta,1,XL
403-5899385-8501959,Top,1,XXL
405-5302980-2392341,Western Dress,1,L
406-6530049-4317901,Western Dress,1,L
405-2889569-8350717,kurta,1,XL
406-6376243-9188305,Set,1,3XL
406-6215698-3873937,Western Dress,1,M
402-9150451-9357165,Set,1,M
407-0501650-6459510,Set,1,L
407-0501650-6459510,Set,1,L
407-0501650-6459510,kurta,1,L
403-9547405-1966713,Western Dress,1,L
408-5581693-3107550,Western Dress,1,XL
171-2083090-6259519,Set,1,M
402-3862886-6017955,Western Dress,1,M
407-4898703-5001114,Western Dress,1,XXL
404-1336574-3209905,kurta,1,XL
405-4876732-1063550,kurta,1,M
171-9092914-1589123,Western Dress,1,L
171-9092914-1589123,Western Dress,1,L
171-9092914-1589123,kurta,1,L
407-7913724-0213127,Top,1,3XL
405-9496958-3811504,Western Dress,1,XL
171-9496206-7650756,Set,1,XL
402-0828089-7550769,kurta,1,L
407-1883305-8722702,Set,1,XL
407-2373910-1909924,kurta,1,XS
171-8703238-5574759,Western Dress,1,XL
402-5657486-8288320,Western Dress,1,L
402-3162652-0778755,Set,1,L
171-3490206-2317907,Set,1,3XL
407-6400852-9872341,kurta,1,3XL
402-8605277-4791500,Set,1,S
406-3556218-4477121,Western Dress,1,S
408-8385339-5549934,Western Dress,1,M
404-2237673-3594748,Top,1,XL
406-0456447-5465148,Western Dress,1,M
406-0456447-5465148,Western Dress,1,M
402-5954754-2725134,Western Dress,1,M
402-5954754-2725134,Western Dress,1,L
171-4888723-8198738,Western Dress,1,S
407-2462845-9862745,Western Dress,1,XL
402-0026772-9737934,Western Dress,1,XL
402-5468551-3844300,kurta,1,XL
406-2370842-6327526,Western Dress,1,XS
406-7534706-3527546,kurta,1,XL
405-3337107-1516323,Western Dress,1,M
407-7773065-9937929,Set,1,L
402-6822681-5025159,kurta,1,M
403-2539300-5929158,Western Dress,1,3XL
171-4909234-4937958,Set,1,XL
408-0615908-1895525,Set,1,S
406-2480634-5125146,Western Dress,1,M
404-5062113-9957924,Set,1,M
406-0131777-2549138,Western Dress,1,M
408-6202202-1427548,kurta,1,XL
402-2467637-6665945,Western Dress,1,XL
404-4961739-9185135,Western Dress,1,M
408-7149726-3215547,Set,1,XL
405-5694217-2836356,Western Dress,1,3XL
404-4232290-7041948,Western Dress,1,L
405-4027022-2449926,Set,1,XS
406-0132817-4125142,Western Dress,1,3XL
171-9308686-5040316,Western Dress,1,M
407-4548540-4507563,kurta,1,3XL
404-0630041-9977933,Western Dress,1,XS
405-2196637-0693132,kurta,1,XS
408-8438191-7858713,kurta,1,M
405-2578268-0981913,Western Dress,1,3XL
404-4044352-2363527,Set,1,XS
171-5841247-1233936,kurta,1,XL
407-7429541-5475503,Set,1,XS
408-0428191-5841109,Western Dress,1,M
406-9400779-4128320,Ethnic Dress,2,XXL
406-9400779-4128320,Ethnic Dress,2,L
407-1277020-3089951,kurta,1,XL
408-9905892-7725943,kurta,1,L
408-9393222-4510760,Set,1,XS
405-8253771-4557925,kurta,1,M
171-3673302-3329918,Western Dress,1,S
171-0230233-6960354,Western Dress,1,XXL
408-6528596-0773128,Western Dress,1,L
402-5917698-2974746,kurta,1,XXL
404-1831153-8997149,kurta,1,L
406-0848665-6901909,Set,1,XS
405-9131804-3060351,Western Dress,1,3XL
405-1282343-2368344,Western Dress,1,XS
405-9788409-4446748,kurta,1,XS
402-4905036-2061948,kurta,1,L
402-0749189-3750721,Ethnic Dress,1,XL
404-3315818-9976336,Set,1,XS
403-1143811-5794745,Western Dress,1,M
402-9251089-1513950,Bottom,1,XXL
171-9388566-7320353,Set,1,L
171-2210519-6645153,Western Dress,1,M
402-9608947-4685951,Set,1,XL
406-4511917-5399513,Western Dress,1,XL
402-1746094-9154733,kurta,1,3XL
402-1746094-9154733,kurta,1,3XL
404-3065788-9017918,Set,1,XL
404-3065788-9017918,Set,1,3XL
403-8755454-4276335,kurta,1,XL
403-1252387-8522737,Set,1,XXL
402-0633379-1981136,kurta,1,M
403-7565771-9096312,Set,1,S
403-7145082-6666766,Top,1,XL
405-8843948-1494760,Western Dress,1,S
403-5540952-2415527,kurta,1,XXL
405-0782382-5209152,Western Dress,1,S
403-9723481-0626732,Set,1,M
405-7941730-7723527,kurta,1,XS
404-5387574-7067534,kurta,1,M
402-2938914-6338748,Western Dress,1,S
171-3621808-1777968,Set,1,M
403-6312705-0936329,Set,1,4XL
171-9280661-8712367,kurta,1,S
171-8785331-9503504,Set,1,M
402-5707554-0665933,Set,1,M
405-7206763-3277953,Set,1,L
171-6313345-3585117,Western Dress,1,S
407-6782331-1744334,Western Dress,1,L
402-9995034-8593940,Set,1,L
408-2221542-6895520,Set,1,M
403-9319283-2576311,kurta,1,3XL
403-0753770-4907569,Set,1,XL
406-0862668-4676307,Western Dress,1,M
407-2791674-0053960,Western Dress,1,XXL
403-6440956-8671557,Blouse,1,L
408-4306236-6881966,kurta,1,XXL
171-7896949-5750703,Set,1,M
171-7896949-5750703,Set,1,L
407-1957394-2249139,kurta,1,3XL
407-7704568-8607530,Set,1,XS
408-4028342-6773961,kurta,1,5XL
406-9792759-5935559,Set,1,3XL
404-7706233-2549933,Western Dress,1,XL
407-2935885-1889902,Set,1,XS
402-3047271-1031551,Western Dress,1,XL
402-9628857-8721140,kurta,1,4XL
408-8672529-8493154,Western Dress,1,XXL
408-8672529-8493154,Western Dress,1,3XL
405-7024355-3159536,Western Dress,1,M
407-8444464-0937957,kurta,1,L
402-8446426-9784333,kurta,1,XL
407-7565060-1199519,kurta,1,XXL
407-1843885-6990709,kurta,1,3XL
404-1218926-9757942,Set,1,XS
171-4224689-6650721,kurta,1,S
171-1756211-5227500,Western Dress,1,XS
171-6187674-3241125,Set,1,XL
171-6938538-6605901,Set,1,3XL
408-8127783-6669903,Western Dress,1,M
403-6717786-6945957,Western Dress,1,S
171-7242655-9084338,Set,1,XL
406-0892146-8315542,kurta,1,3XL
407-7132473-6156304,Western Dress,1,M
404-1528361-0595555,Western Dress,1,XXL
406-9176545-0264322,Western Dress,1,S
403-4230617-1961164,Set,1,L
404-5667133-5113913,Set,1,XXL
407-1111192-4673133,Set,1,M
407-1111192-4673133,Set,1,XL
403-4687316-5585915,Set,1,L
171-9944283-4537917,Western Dress,1,XXL
402-0710046-5657945,Set,1,XL
407-5420991-1376303,Top,1,XXL
408-3938538-4562712,Western Dress,1,XL
171-3427993-3382727,Set,1,XS
171-3427993-3382727,Set,1,XS
408-2372217-5055544,kurta,1,XL
404-8918024-9645157,Top,1,S
171-9759258-2025952,Set,1,XS
171-9759258-2025952,Western Dress,1,S
405-7159981-5917120,Top,1,XL
171-3089743-4839529,Western Dress,1,3XL
402-9541542-0734715,Set,1,M
408-1626770-1330762,Set,1,XXL
408-0582925-5568301,Ethnic Dress,1,XXL
406-3118609-2925104,kurta,1,S
406-0351924-3921938,kurta,1,3XL
404-9043925-5642765,kurta,1,6XL
408-3277505-2411530,Set,1,XXL
404-3771785-4342722,kurta,1,6XL
404-2185374-1404346,Western Dress,1,L
171-0921542-9617950,Set,1,XL
404-9471848-2769153,kurta,1,XXL
405-5223337-0776319,Top,1,XXL
402-4253605-0629941,Western Dress,1,XL
404-3064283-5993961,Set,1,XXL
403-3563151-7067567,Set,1,M
404-1024918-1752347,kurta,1,3XL
408-6810487-1138743,Western Dress,1,XXL
408-1167130-0558722,Set,1,XXL
405-0595193-9315523,Set,1,M
403-7805767-2933121,Set,1,3XL
171-6549070-3735514,Set,1,XS
406-4963857-0414735,Western Dress,1,XS
407-1841644-8276319,kurta,1,XXL
407-1841644-8276319,kurta,1,XXL
403-3091666-0857920,Top,1,XL
407-5450909-1814701,Western Dress,1,XL
171-6740216-9117949,kurta,1,XL
171-7002996-0201153,Set,1,M
408-0701287-4847538,Top,1,S
404-5108987-2663500,Set,1,XXL
406-9742448-5220333,Western Dress,1,XL
171-6398324-2047558,Western Dress,1,3XL
171-6398324-2047558,kurta,1,XXL
171-3257022-3442767,kurta,1,XS
403-4228461-3393157,Western Dress,1,XL
404-5609289-1370723,Set,1,XXL
404-1512358-6781165,Set,1,XXL
408-2598678-8161909,Set,1,XS
408-9151286-8463521,kurta,1,3XL
405-7706716-4925966,kurta,1,3XL
405-7706716-4925966,kurta,1,3XL
405-2569254-2726765,Set,1,M
171-2353813-6286727,Set,1,XS
406-4699976-4004366,Western Dress,1,S
406-4699976-4004366,Western Dress,1,XS
406-4699976-4004366,Ethnic Dress,1,S
408-0602173-3979553,Set,1,XXL
404-7072876-6027520,kurta,1,3XL
404-7072876-6027520,kurta,1,3XL
408-8623219-2017145,Western Dress,1,S
406-3199301-7878727,Ethnic Dress,1,L
402-0873148-6167545,Western Dress,1,XL
408-3307924-6727512,Set,1,XXL
407-2406633-9977141,kurta,1,XL
408-6349596-1427546,Set,1,M
403-7968183-8976348,Top,1,XXL
403-4262571-8865161,Western Dress,1,M
402-9690500-2705124,kurta,2,XL
402-9690500-2705124,kurta,2,S
406-8853326-9642703,Set,1,XL
407-7240008-6084342,Western Dress,1,M
408-9532377-5548339,Set,1,L
406-4379494-5579511,Western Dress,1,XL
406-1048620-2224342,kurta,1,5XL
408-8610251-0576354,Top,1,S
407-6172876-3593938,Set,1,XL
403-1017957-1342726,Set,1,L
403-1017957-1342726,Set,1,S
408-7173355-7535517,Western Dress,1,XXL
406-3289359-5121126,kurta,1,XL
403-3731270-7660323,kurta,1,M
171-3693130-2384357,kurta,1,S
405-5002489-8637903,Set,1,S
407-3137718-0167530,Set,1,M
403-1853063-8941123,Western Dress,1,XL
408-0223041-1268374,Western Dress,1,XL
402-0462119-6681919,Set,1,XS
407-9286470-4649142,Top,1,XXL
405-7599257-9045964,Set,1,XXL
171-7286181-3353169,Set,1,XS
405-3112503-0655531,kurta,1,S
171-6042733-5822744,Top,1,3XL
402-7687233-4370743,Western Dress,1,S
406-1997397-7555547,kurta,1,M
402-8806044-5556314,kurta,1,L
402-6692217-6806741,Set,1,XXL
406-7474331-0692304,Western Dress,1,XL
406-1237187-6629113,Western Dress,1,3XL
404-1669335-4322741,Western Dress,1,S
407-3126781-5053140,Set,1,3XL
404-6507524-1157908,Western Dress,1,S
406-6595003-5668352,kurta,1,L
402-5985237-9371509,Western Dress,1,XS
404-7028815-7542751,Western Dress,1,M
402-3882979-4180334,Western Dress,1,XXL
407-8591261-8541936,Set,1,XXL
407-2955696-9959501,Top,1,3XL
171-0815756-5418701,Set,1,XL
402-0159930-2825958,kurta,1,M
408-7880329-8049943,Western Dress,1,XL
403-5411512-4538737,Set,1,3XL
408-3638036-0713945,kurta,1,S
402-5781927-9979511,Set,1,XL
402-5781927-9979511,Set,1,XL
403-2727366-8064312,kurta,1,XXL
404-4002390-5464315,Set,1,S
406-4030610-0727512,Top,1,XXL
406-9822730-7302709,Western Dress,1,3XL
403-8703821-4373912,kurta,1,XXL
402-2986694-1124359,kurta,1,6XL
404-4503080-2136348,kurta,1,L
408-5595751-2124347,Set,1,M
405-4699587-2093942,Set,1,XL
408-0364225-6057943,Top,1,L
408-0364225-6057943,Top,1,XL
406-3939245-3074709,kurta,1,L
405-7912727-3415527,Western Dress,1,3XL
402-4339338-7143531,Western Dress,1,L
171-9425990-4829948,kurta,1,XL
405-7306374-1911528,Set,1,M
408-2679338-6028343,Western Dress,1,XXL
406-2312925-6266723,Set,1,XL
404-7264008-6993912,kurta,1,XXL
404-7264008-6993912,Western Dress,1,3XL
402-0709549-6623523,kurta,1,M
171-5654993-3370720,Western Dress,1,XXL
407-1453204-0146733,Set,1,3XL
407-1453204-0146733,Set,1,3XL
171-2962637-5760307,Western Dress,1,S
403-0405725-7338761,Set,1,3XL
404-7584878-1189928,Top,1,L
406-9307740-1804317,Western Dress,1,XL
408-3056937-6517164,Set,1,3XL
408-0607080-5429968,kurta,1,M
404-4008463-3177167,Set,1,XS
171-4466894-2683563,Set,1,M
404-2990918-5865913,Set,1,S
171-4514676-6892340,Western Dress,1,XS
407-3863655-8177923,kurta,1,M
406-3946470-9365149,kurta,1,XL
406-3946470-9365149,kurta,1,XL
408-2596631-2190740,kurta,1,3XL
404-0897414-0432354,Set,1,S
408-8828515-9725167,Set,1,XXL
171-6660546-3573965,Western Dress,1,XL
403-4731054-0784313,kurta,1,3XL
404-0076566-5511567,kurta,1,L
404-0076566-5511567,Western Dress,1,S
406-7801591-8025944,kurta,1,L
403-5116201-2929159,kurta,1,L
408-6486291-3031559,Western Dress,1,L
406-7979803-3722710,Set,1,M
406-1516962-5402724,Set,1,XS
406-1824595-6249144,Set,1,L
408-0846492-5145960,Western Dress,1,M
407-3591586-4982744,Western Dress,1,M
406-2505891-3897925,kurta,1,3XL
406-5861940-9510716,Western Dress,1,XL
171-8468924-6632328,Set,1,XXL
171-6713473-7506707,kurta,1,XXL
406-2917835-4111508,Set,1,M
407-3492855-1401103,Set,1,XXL
405-0323138-1141115,Set,1,S
171-1059891-8800321,Set,1,XL
171-1059891-8800321,Set,1,3XL
403-4806321-0943524,Set,1,S
405-4391556-4992340,Set,1,L
402-1116444-6882728,kurta,1,M
405-3838241-0630749,Set,1,M
407-4471106-2773108,Set,1,S
402-8304283-9398750,Western Dress,1,L
408-2023517-2603565,Western Dress,1,3XL
171-8554357-3830730,kurta,1,XL
407-4873487-9404327,kurta,1,M
406-1770055-8810738,kurta,1,XXL
406-1770055-8810738,kurta,1,XXL
408-0176991-7320338,Western Dress,1,XXL
407-4576441-1741963,Western Dress,1,3XL
404-5638939-9169942,Set,1,3XL
406-0392249-7892323,kurta,1,XL
171-7645755-0677952,Set,1,M
171-2868816-4405129,Set,1,XL
402-1842134-0689936,Set,1,L
405-5243312-5649120,Top,1,L
171-8552971-3518737,Western Dress,1,M
171-9836270-6844301,kurta,1,XXL
407-1141202-0720300,Top,1,XL
407-1141202-0720300,Top,1,XL
402-7379296-5620349,Set,1,M
408-8381783-6757916,Western Dress,1,3XL
406-6254187-7865140,Set,1,L
407-4224673-5416320,Western Dress,1,M
405-6196377-2177922,kurta,1,XS
171-0241538-5161172,Set,1,L
404-4733673-6845926,Set,1,XL
171-6562759-4468325,Western Dress,1,L
405-5596145-5151522,Western Dress,1,S
405-5596145-5151522,kurta,1,S
405-5596145-5151522,kurta,1,S
408-9319408-2730733,Western Dress,1,L
405-8135423-4778725,Set,1,XS
405-3565045-8322733,Western Dress,1,M
404-4869029-2295555,Set,1,XXL
407-3139802-6319544,Western Dress,1,XXL
402-4493683-1269162,kurta,1,L
403-0245680-9365945,Set,1,3XL
171-9563849-8305110,Western Dress,1,M
405-0340746-8021146,Western Dress,1,3XL
408-8927656-8360344,kurta,1,L
171-3313991-1647526,Set,1,M
171-7605234-2616357,Top,1,XXL
406-0362249-3769902,Western Dress,1,M
406-2305302-2472308,Western Dress,1,M
406-6761547-9506743,Set,1,XL
406-6761547-9506743,Set,1,XL
405-9611928-0778751,Western Dress,1,S
404-6855419-5633968,Set,1,M
407-6307776-0645112,Set,1,L
403-1381062-8117158,Top,1,XL
402-3409979-3686701,Western Dress,1,XXL
403-3152186-9749161,kurta,1,L
404-5222243-0609159,Set,1,3XL
402-3766529-0479569,Western Dress,1,XXL
402-3451911-0916365,Top,1,XL
406-5313369-7361135,Set,1,3XL
405-9691523-3185936,kurta,1,L
405-6941037-3923535,Set,1,S
402-0165724-9272309,Western Dress,1,S
408-7469918-8212333,Set,1,XS
405-3627714-9705927,Western Dress,1,L
408-7965139-5811500,Western Dress,1,XL
408-0360760-8611553,Set,1,M
402-4289303-0883530,Top,1,M
402-4693504-8655544,Set,1,M
406-2993364-3493910,Western Dress,1,L
406-4499072-9513946,Set,1,XL
406-4499072-9513946,Set,1,XL
403-1431311-8976333,Western Dress,1,XL
403-1431311-8976333,Western Dress,1,XL
405-7309938-1704340,Western Dress,1,S
403-8245760-3488339,Set,1,3XL
407-6845732-2811548,kurta,1,XL
403-2305500-1987535,Western Dress,1,XL
403-2305500-1987535,Western Dress,1,XL
406-6533947-8379531,Set,1,XL
171-0547664-9399519,Western Dress,1,XXL
408-1060507-8564366,Set,1,XL
402-3321300-6371558,Western Dress,1,M
402-1387386-4408363,Western Dress,1,XL
404-0383314-7065118,Western Dress,1,M
171-2125297-9360328,kurta,1,XL
407-1899169-5729152,Set,1,XL
408-5310777-8334740,Set,1,3XL
406-4248789-0275518,kurta,1,XXL
171-6201831-3925943,Set,1,XL
406-6229189-6697906,Set,1,S
403-9993231-7131537,kurta,1,XL
171-3453290-7127557,Set,1,XS
408-5204312-2869913,Set,1,L
406-8889612-3197901,Western Dress,1,S
408-6306587-6141136,Set,1,S
404-5224429-1546721,kurta,1,XL
405-2863418-3669905,Western Dress,1,S
403-1532691-9561114,Bottom,1,L
403-8639214-6240350,Western Dress,1,M
403-4716863-0201101,Western Dress,1,S
171-9121225-2035509,kurta,1,M
408-6084678-5032333,Set,1,XL
404-2098843-0919525,kurta,1,M
404-2098843-0919525,kurta,1,M
403-7844036-1725918,Western Dress,1,M
403-7647927-1706704,Western Dress,1,M
408-7169909-0417962,Western Dress,1,XXL
402-9717860-1933169,kurta,1,L
402-2613130-5337164,kurta,1,XL
407-2038602-3755523,Western Dress,1,3XL
402-6678870-4426700,Western Dress,1,XL
405-5157218-7300327,Top,1,3XL
405-5157218-7300327,Western Dress,1,XXL
405-5157218-7300327,Top,1,XXL
405-5157218-7300327,Western Dress,1,3XL
404-4013598-6666739,Set,1,S
171-7136480-6516321,Set,1,XS
403-2876929-8438709,kurta,2,XL
403-2876929-8438709,kurta,1,L
408-8760153-8355509,kurta,1,S
403-9534786-1850738,Set,1,M
402-2317555-4819529,Set,1,3XL
171-7523180-2397117,Western Dress,1,3XL
171-7523180-2397117,Western Dress,1,3XL
403-2211725-2338728,Top,1,XXL
405-8373387-0222763,Western Dress,1,3XL
171-0228362-7632306,kurta,1,XXL
171-2038758-7857908,Set,1,S
407-5565642-5101967,Western Dress,1,S
407-3032148-6253931,Western Dress,1,M
407-6889628-8784336,Set,1,M
171-9669743-7021917,Set,1,L
408-5666989-4979507,kurta,1,3XL
407-1512625-6711567,kurta,1,L
407-0321064-0114758,Western Dress,1,S
408-1785577-5677904,kurta,1,XXL
408-1785577-5677904,kurta,1,3XL
171-7213240-9361966,Ethnic Dress,1,L
407-6444646-5026726,Set,1,M
171-9275242-4227537,Western Dress,1,M
406-8462207-8001108,Western Dress,1,XL
405-8394184-2041130,Set,1,S
406-9585706-7137958,Western Dress,1,XXL
404-2318484-7456366,Set,1,XXL
408-9196532-2004307,Western Dress,1,M
171-0971489-3403525,Top,1,XXL
404-6424686-6109921,kurta,1,L
406-9103485-0721117,kurta,1,3XL
405-1983337-6263566,Set,1,3XL
402-8570950-2589916,Western Dress,1,XXL
171-7390533-8802726,kurta,1,L
408-3430013-6526731,Set,1,L
403-6339484-5388354,Top,1,XL
405-7929814-3735517,kurta,1,XXL
171-2645108-1496369,Set,1,L
403-3731502-7857925,Top,1,S
404-3511019-0686701,Top,1,S
403-9406942-7689944,Top,1,XXL
406-2260710-2618722,kurta,1,XL
403-1433664-3885126,kurta,1,M
407-0346443-7013922,Western Dress,1,L
408-3714882-6351514,kurta,1,L
402-5302387-9641120,Set,1,XS
405-7179408-4489137,Set,1,M
404-4702272-9681914,Set,1,S
404-5492376-5851549,Western Dress,1,L
408-7091057-6602702,Set,1,XXL
406-1778116-0488333,Set,1,XS
408-2053576-1097917,Set,1,3XL
402-8259039-0769120,kurta,1,M
403-0313954-5035543,kurta,1,XL
406-5978982-1590741,Set,1,M
405-3440464-2578724,kurta,1,L
171-6903990-6033964,Western Dress,1,XS
405-7235923-6765945,Set,1,M
171-9355576-3981140,Set,1,XXL
171-9355576-3981140,Set,1,XXL
405-4929125-7692311,kurta,1,S
403-3153253-5683551,Set,1,XXL
406-0142755-3386768,Western Dress,1,XXL
408-9411228-4543509,Western Dress,1,M
408-2132537-5297937,kurta,1,M
171-8484982-9864308,Top,1,3XL
407-9687259-6997108,Western Dress,1,3XL
404-9260143-1536319,Set,1,XS
403-7905121-4719525,Blouse,1,M
408-3096238-4155557,Western Dress,1,3XL
171-8624646-7008359,Western Dress,1,XL
405-3415565-8948346,kurta,1,L
408-9209130-8848340,Set,1,XL
404-8350787-3191523,kurta,1,4XL
408-1635718-4084320,kurta,1,XS
404-3880450-5337144,Western Dress,1,S
171-0742259-6996326,Western Dress,1,M
406-9897959-5773903,kurta,1,L
171-2333489-5713108,Western Dress,1,L
404-2979134-3684334,Set,1,S
406-0896415-9394760,Set,1,M
403-2289900-8430768,kurta,1,L
406-6720597-6729142,Top,1,S
171-0860776-7106743,Set,1,M
171-4042937-3794722,Western Dress,1,3XL
408-3831821-0274731,kurta,1,XL
407-3521253-0935516,Set,1,XL
408-6822745-4252355,kurta,1,M
408-7463528-5105131,Set,1,M
408-1175509-3683523,kurta,1,L
408-2316532-8445102,Western Dress,1,M
407-1984714-9172329,kurta,1,3XL
171-9833391-0989957,kurta,1,3XL
406-6904541-4963517,Set,1,3XL
407-8392488-8238734,Western Dress,1,3XL
408-7652792-2757946,kurta,1,4XL
171-0419011-0801162,Set,1,S
406-4151301-0505144,Western Dress,1,3XL
404-8130786-9260350,Western Dress,1,L
408-1470050-0128312,Set,1,XL
402-7841317-8560347,Top,1,L
406-6914441-7867565,Set,1,M
406-4790465-3753108,Set,1,L
402-0220901-3700358,Western Dress,1,XXL
403-0290897-0564373,Top,1,L
406-6964058-5201106,kurta,1,S
407-5406973-9606709,kurta,1,XXL
171-9176439-0628310,Top,1,S
171-2379626-6158768,Set,1,S
171-7912129-7614701,Top,1,M
171-7912129-7614701,Top,1,L
404-2697613-4448336,Set,1,XL
408-4640789-3948341,Western Dress,1,M
402-7356898-9625101,kurta,1,3XL
406-4909679-2679513,kurta,1,XXL
403-1345842-5341930,kurta,1,S
408-0937697-2089946,Set,1,XL
171-6205368-4670730,Top,1,M
408-3932711-3520323,kurta,1,L
408-9365156-9479567,kurta,1,XS
404-3787733-0379546,Set,1,XL
403-3232717-5418715,Top,1,XXL
408-1403038-2692327,Set,1,3XL
402-7757220-7407511,kurta,1,XXL
407-4941929-3113964,kurta,1,XS
407-0795671-4816367,Western Dress,1,XS
405-3147355-3805949,kurta,1,S
405-3147355-3805949,Western Dress,1,S
406-3382146-5267545,kurta,1,3XL
171-7924645-2192322,Set,1,M
171-7924645-2192322,kurta,1,M
171-7924645-2192322,Western Dress,1,M
171-7924645-2192322,Western Dress,1,M
171-7924645-2192322,Western Dress,1,M
408-4818315-0004310,kurta,1,XXL
405-6567039-6568364,kurta,1,3XL
404-4883133-0145905,Set,1,XL
406-7108075-6684347,kurta,1,6XL
406-9130308-8013969,Set,1,S
402-1748595-3113939,Western Dress,1,XS
408-3999612-4635513,Set,1,M
408-3999612-4635513,Set,1,M
171-7833040-1365933,Western Dress,1,M
405-6537624-7633944,Set,1,3XL
171-2479334-9324300,Ethnic Dress,1,XL
403-4843984-2218709,Western Dress,1,3XL
406-6686414-8621958,kurta,1,M
404-8081710-8277964,kurta,1,XL
404-8081710-8277964,kurta,1,XL
403-2306952-3569110,kurta,1,XXL
406-8350172-7121951,Set,1,L
405-2497908-5381953,Set,1,S
406-7483359-5485920,Top,1,S
406-5297418-2211512,Top,1,L
408-9564834-2985133,Set,1,L
402-4894013-4969931,kurta,1,L
408-9971735-3913900,kurta,1,S
406-0096358-9607569,Western Dress,1,3XL
406-9007001-3028325,kurta,1,XL
408-7321738-6177959,Set,1,XS
407-1093502-6410741,Set,1,XXL
405-8703870-6178737,kurta,1,XXL
404-1012553-7215546,Top,1,XL
404-1012553-7215546,Top,1,XL
405-7817741-1731548,kurta,1,XS
407-6675843-0778763,kurta,1,3XL
408-3244521-8488356,Set,1,XXL
403-6701771-4964321,kurta,1,M
408-8049757-2931569,Set,1,XXL
402-1189252-8350759,Top,1,L
402-0789429-2876357,Western Dress,1,XXL
408-4077822-2633908,kurta,1,M
406-6199341-1923535,kurta,1,5XL
404-8967469-7597910,Set,1,3XL
171-7683101-6904318,Set,1,L
406-7686576-6368326,Ethnic Dress,1,L
404-1561246-9154714,Set,1,XL
404-4270318-6745144,Set,1,M
402-6257713-5061166,Set,1,M
407-7942934-0785135,kurta,1,XL
171-0832836-3562767,Western Dress,1,M
407-9813208-8917166,Western Dress,1,3XL
406-1075264-5577932,Set,1,3XL
171-7349692-7933949,Set,1,M
408-8912958-1972337,kurta,1,L
171-2587138-6352357,Western Dress,1,M
404-2557224-3279566,Western Dress,1,M
171-8126843-3540364,Top,1,L
408-1100141-6829914,kurta,1,M
171-2305608-7529967,Top,1,XL
408-8230887-4187566,kurta,1,S
171-0488751-7617102,Set,1,3XL
171-5732400-4922765,kurta,1,L
402-8474352-5141940,kurta,1,XL
402-4602283-5735556,kurta,1,L
404-7709653-4957969,Top,1,3XL
403-0792781-0673101,Western Dress,1,XL
407-7304661-9277144,Top,1,M
406-0579441-9073118,kurta,1,3XL
407-6265277-9897116,Set,1,M
406-8511259-9268363,Western Dress,1,M
408-7079557-4378747,Western Dress,1,M
406-6696095-0645905,kurta,1,XL
171-7053156-8601919,Western Dress,1,M
407-4496553-7193936,kurta,1,XXL
404-1456303-8736324,Set,1,M
171-8851522-5471549,kurta,1,3XL
171-8851522-5471549,kurta,1,3XL
407-6824813-4268335,Set,1,M
405-8592894-9930711,Western Dress,1,XXL
404-5556380-8387541,Set,1,L
408-8983348-1791518,Top,1,M
408-4448488-5996369,Western Dress,1,3XL
408-4448488-5996369,Western Dress,1,3XL
171-4093689-5726722,Blouse,1,XXL
405-8768157-8993950,Western Dress,1,M
403-8272728-6852326,Western Dress,1,M
403-8272728-6852326,Set,1,M
402-0819931-9305161,Western Dress,1,3XL
407-5162078-3445963,Set,1,XL
405-1373310-9142757,Set,1,XL
406-4129164-0364326,kurta,1,XL
403-9765998-8013102,Western Dress,1,XL
403-2734608-1790701,Set,1,XL
405-7349497-7502745,Top,1,M
406-2582099-1375555,Western Dress,1,XXL
407-0621983-1105934,Top,1,M
402-6573917-4242720,Set,1,S
405-3609501-8229122,Set,1,XXL
171-9739413-1961111,kurta,1,S
404-1437503-0119552,Western Dress,1,M
171-4454250-1620332,kurta,1,XXL
405-1356730-8598722,Set,1,XL
408-3749814-9736355,kurta,1,XXL
406-0278264-1784319,Set,1,XL
403-8609767-9622730,kurta,1,L
405-5662696-4278712,Western Dress,1,XL
403-5193563-2386757,Set,1,XXL
408-7304435-2235565,kurta,1,M
408-7304435-2235565,Western Dress,1,M
405-2433399-4973123,kurta,1,M
408-8568784-6452363,Set,1,XL
408-1981112-6565955,kurta,1,L
402-2275592-2967551,Set,1,L
408-7068072-9018764,kurta,1,L
171-0423127-0353967,kurta,1,S
171-7654354-1947557,kurta,1,M
171-0294800-2661943,Set,1,3XL
171-0294800-2661943,Set,1,M
407-7489795-3598732,Top,1,S
405-3293593-5965145,Western Dress,1,XS
406-6895979-2889150,Western Dress,1,L
406-6895979-2889150,Western Dress,1,L
404-6595570-8517939,kurta,1,M
404-6595570-8517939,Set,1,M
402-7615124-9819565,kurta,1,XL
408-8464951-8077142,Top,1,M
406-9034429-5537952,Set,1,XL
404-3660487-7497134,kurta,1,M
171-3572061-3603514,Blouse,1,L
404-5977456-8058729,Set,1,XS
403-5378303-8469158,Set,1,S
403-5378303-8469158,Set,1,S
407-4216113-9400344,kurta,1,M
404-8349945-5849148,kurta,1,3XL
406-7378028-0048328,Top,1,XL
403-5227104-7875556,kurta,1,S
402-1129713-9295508,kurta,1,3XL
408-7697092-7624312,Top,1,M
404-4677915-4449123,Set,1,M
407-7649652-2821118,Top,1,XXL
402-2751345-7487559,Ethnic Dress,1,L
405-8867643-8501136,Top,1,L
407-9457038-0913163,Set,1,XL
408-6260590-3989935,Western Dress,1,XXL
407-9765611-4889108,Set,1,L
402-9959476-4572328,Set,1,S
402-9711656-5238753,Western Dress,1,M
408-5341602-9834754,Blouse,1,S
406-5789305-8762730,Set,1,XXL
405-9021151-3878715,kurta,1,L
403-1151640-4187555,Top,1,L
406-5183297-7801902,Western Dress,1,XL
407-0555360-8361959,Set,1,M
171-2788221-0859549,kurta,1,3XL
407-6488016-0236301,Top,1,XL
406-5365098-2315527,kurta,1,XXL
171-8196693-1900361,Top,1,XXL
171-2395389-5880339,Set,1,L
404-5610075-7879501,Western Dress,1,S
407-9255386-2081922,kurta,1,XS
405-1760150-2633940,Western Dress,1,XXL
407-4015732-6215531,kurta,1,3XL
171-2466720-0865950,Western Dress,1,M
171-2466720-0865950,kurta,1,M
408-7991922-5935517,kurta,1,XXL
404-7221166-3677944,Set,1,XXL
408-3761084-4988332,Western Dress,1,M
402-3037041-8839533,Western Dress,1,XS
408-9946010-4745912,Western Dress,1,3XL
405-9399087-4743569,Ethnic Dress,1,S
405-0998166-1612324,Western Dress,1,3XL
408-0002003-6263560,kurta,1,L
403-0370913-8550743,Ethnic Dress,1,XL
403-6810674-3925969,Set,1,XXL
405-2402262-4161142,Western Dress,1,S
408-4073724-0873115,Set,1,XL
407-6559367-9329953,Set,1,S
407-6559367-9329953,Set,1,S
406-1057701-7761949,Top,1,M
407-4920207-0593169,kurta,1,L
405-7368160-9853943,Top,1,M
171-1778909-9018717,Set,1,S
404-0685041-8985902,Western Dress,1,S
406-3603047-8499533,kurta,1,XXL
403-8687649-8921932,Top,1,XL
405-7852794-8887563,Western Dress,1,3XL
408-5407575-9457955,Western Dress,1,S
403-6435974-3861159,Western Dress,1,L
402-3208134-7240305,Set,1,XS
407-4275378-2261125,Western Dress,1,L
407-0669762-3255564,Set,1,3XL
406-3668722-0249164,Western Dress,1,L
171-2771396-4052369,Set,1,M
407-9300738-2382708,Set,1,XXL
404-5628973-0839505,Set,1,XL
404-5628973-0839505,Set,1,XL
406-0810536-1862715,Western Dress,1,L
408-6912783-6774754,kurta,1,M
408-6912783-6774754,kurta,1,M
408-8898468-5534747,kurta,1,XXL
171-8173681-4867526,Set,1,XL
405-1376920-3101955,Set,1,M
171-4528387-8253103,Set,1,3XL
407-0137012-9047549,Set,1,3XL
408-4500165-8984322,Set,1,L
402-9402968-6450744,kurta,1,3XL
402-9402968-6450744,kurta,1,3XL
408-4007474-0881115,Set,1,L
408-3844242-8166713,Western Dress,1,XXL
406-4814708-2836314,Blouse,1,S
402-0153387-2673931,Set,1,3XL
405-2185085-3247507,Western Dress,1,M
171-2049072-9085101,Set,1,XL
171-0224274-5156300,Western Dress,1,XS
171-0224274-5156300,kurta,1,XS
407-8628064-1862743,Western Dress,1,L
407-8628064-1862743,Western Dress,1,L
408-0492479-4117108,kurta,1,XXL
402-1643852-8002739,Top,1,M
403-1238002-0198721,Top,1,3XL
171-6131378-5889160,Western Dress,1,M
404-9172399-8163530,Set,1,L
404-4541001-2083545,Top,1,S
171-7540912-6623558,Set,1,XS
405-1601592-9679540,kurta,1,L
404-4429581-7897134,kurta,1,XXL
404-6200021-9851509,kurta,1,S
402-6310669-3995540,Top,1,3XL
403-0148148-7389922,kurta,1,S
403-0148148-7389922,kurta,1,S
407-4339924-4985120,kurta,1,L
407-4873199-7229103,Set,1,L
408-7883354-0672324,kurta,1,3XL
171-5502833-0249929,Western Dress,1,XL
405-8740413-1415513,Western Dress,1,XL
404-4649378-5364351,kurta,1,6XL
171-0465911-2263553,Ethnic Dress,1,XL
402-1417058-0813932,Western Dress,1,S
403-0692938-9409153,Top,1,M
408-7399333-6194735,Top,1,L
402-5511195-9852346,Set,1,XL
405-9310637-4113926,kurta,1,3XL
403-4861255-6925956,Set,1,XS
407-4018149-2775533,kurta,1,XL
406-6104167-3179518,Western Dress,1,M
408-1600254-8728320,Set,1,XXL
406-4022953-7257919,kurta,1,4XL
406-2013924-9827564,Set,1,3XL
408-4324865-1447532,Set,1,S
408-8945220-8604331,Set,1,M
408-1160271-7568342,Set,1,XS
404-6473659-6980300,Set,2,XS
407-6334082-5649910,Western Dress,1,L
403-0590338-9656307,Western Dress,1,3XL
403-5003927-6137960,Top,1,L
403-5003927-6137960,Top,1,S
405-6959088-4589911,Western Dress,1,XL
402-9266651-3484315,Western Dress,1,M
404-8674213-2336327,Western Dress,1,XL
407-2801236-3184346,Western Dress,1,S
407-2801236-3184346,Western Dress,1,S
403-8502794-5117140,kurta,1,XXL
405-7421361-8861932,Western Dress,1,L
408-4260900-6474713,kurta,1,M
402-8179963-8817159,Western Dress,1,XL
408-8834522-6901920,Set,1,S
407-2946975-6142759,kurta,1,5XL
404-5850790-5593945,Set,1,S
408-9676850-4957954,Set,1,XL
171-0282790-7382766,kurta,1,S
404-5662556-8889904,Set,1,M
403-9314247-8961152,Western Dress,1,XXL
402-9210026-6913107,Western Dress,1,3XL
405-7949567-4770706,Set,1,S
408-0714361-0922742,Set,1,3XL
404-8852866-9754757,kurta,1,XXL
405-7402774-1005910,Set,1,M
405-3893233-8863546,Set,1,3XL
405-3893233-8863546,Set,1,3XL
403-7451148-3436313,kurta,1,XXL
404-0228403-1766742,Set,1,XS
405-7691855-5259502,Set,1,M
405-1763441-8281938,Set,1,XS
404-8397327-1867552,Western Dress,1,XL
407-7416338-4922733,kurta,1,3XL
405-4562221-6907503,Top,1,L
406-4824803-2449122,kurta,1,3XL
405-9331197-1994729,Western Dress,1,XXL
405-3249649-5199557,Western Dress,1,XXL
405-3249649-5199557,Western Dress,1,XXL
405-7225798-7217101,Set,1,XXL
406-5535997-3465941,Set,1,S
402-8612800-4477166,Set,1,XS
171-7573815-3434720,kurta,1,XXL
403-5350823-7430755,Western Dress,1,M
402-1964376-8971549,Set,1,3XL
405-3227032-4925119,Set,1,M
407-3239327-0282719,Top,1,XL
408-6487855-3841962,kurta,1,XXL
403-4762407-9205964,kurta,1,L
408-2835427-1164351,Western Dress,1,XXL
406-6435818-2805134,Ethnic Dress,1,S
407-4236813-1235533,Set,1,3XL
407-9522496-4713102,Set,1,S
406-7498905-9840323,Western Dress,1,L
171-4278396-6081943,Western Dress,1,XXL
404-1472570-9371503,Western Dress,1,M
404-1439718-8569928,kurta,1,M
406-3097919-4327537,Western Dress,1,XL
404-8841840-6494736,kurta,1,L
407-8417680-5137167,Western Dress,1,M
407-8417680-5137167,Western Dress,1,L
403-4710010-5639518,Set,1,L
405-5547718-5506701,kurta,1,3XL
406-7289459-2530728,Set,1,L
171-0040703-2725934,Western Dress,1,3XL
171-3992326-1386757,Set,1,XXL
403-9487994-0651506,kurta,1,S
402-3597878-0517129,Western Dress,1,3XL
407-3119693-0138737,Top,1,XXL
404-7023637-4059535,Set,1,XS
406-5228899-2932355,Top,1,XXL
404-7103147-3318727,Western Dress,1,XL
408-7966796-5317907,kurta,1,S
171-8782924-5160345,kurta,1,3XL
408-3777910-8498730,kurta,1,S
403-4885380-2139507,Top,1,L
404-8338183-3243569,Set,1,M
405-4013294-1941167,Western Dress,1,XL
405-4013294-1941167,kurta,1,XL
171-4632469-8652308,kurta,1,S
402-6339560-7797115,Set,1,XS
404-4253958-3159569,Set,1,M
402-6637939-7619500,kurta,1,XL
405-2174658-1676321,kurta,1,XXL
408-5398722-9553946,kurta,1,XXL
407-9183733-6192342,Set,1,M
408-7889893-4629907,Western Dress,1,XXL
408-7889893-4629907,kurta,1,XXL
408-7889893-4629907,Set,1,XXL
171-7476256-1103561,Western Dress,1,3XL
406-4633405-5041107,kurta,1,3XL
403-4273393-0073957,Set,1,XXL
403-5239046-6543522,Western Dress,1,S
408-2031520-1324344,kurta,1,S
402-3461505-1527547,Top,1,XXL
408-1780831-0390749,kurta,1,3XL
405-0932332-6652359,Western Dress,1,S
171-2293748-5889132,Set,1,S
171-2293748-5889132,Set,1,S
171-3756733-9017954,Set,1,S
403-4149891-6649145,Western Dress,1,M
403-8238548-3701104,Set,1,S
403-8848493-8673115,Western Dress,1,XXL
404-9342332-9573912,Set,1,M
407-8409312-1585159,Top,1,3XL
171-9258646-0354743,kurta,1,M
406-4189147-6866762,Western Dress,1,L
404-1729264-1782735,Western Dress,1,XS
403-5394295-4669935,Set,1,L
171-7564914-7832337,Western Dress,1,M
404-9050283-0576311,kurta,1,M
403-6867428-2252365,Top,1,S
402-4148500-4341944,Western Dress,1,M
406-4412526-4409935,Set,1,M
407-7535653-1537111,kurta,1,XL
407-8885165-7415544,Set,1,XXL
406-7565201-7926708,kurta,1,3XL
405-5298543-3138733,Set,1,S
403-4458725-7301935,Western Dress,1,3XL
405-3235985-7528348,Western Dress,1,M
402-6186955-7197933,Set,1,L
406-4101771-6819560,Western Dress,1,XXL
403-4913500-7483533,kurta,1,L
405-8764316-5201126,kurta,1,L
408-2566314-8068345,Top,1,XXL
404-1360799-2064360,Set,1,XS
408-3595755-2051513,Western Dress,1,L
408-8695400-8433106,Set,1,3XL
404-6782834-5135552,Top,1,XL
408-7031686-1465943,Set,1,XXL
407-6775337-2965943,kurta,1,3XL
403-5421541-2161162,kurta,1,6XL
403-6089231-3445105,Set,1,L
171-4166266-9382722,kurta,1,S
408-2422167-7156357,kurta,1,XXL
407-8464153-9221157,Western Dress,1,L
171-5591609-4227501,kurta,1,XL
402-2210169-5381127,Blouse,1,Free
405-9386941-0823568,Set,1,L
171-9731148-5807504,Top,1,XXL
404-4357489-7977940,Western Dress,1,3XL
402-6169796-6374719,Set,1,M
171-9314558-4512347,Set,1,M
406-6339614-2300328,kurta,1,M
402-3779034-0893118,Set,1,L
408-7486527-1377110,Set,1,XS
407-9987929-2369958,Western Dress,1,XL
408-2796553-3737150,Western Dress,1,3XL
407-6755231-0470706,Western Dress,1,M
407-6755231-0470706,Western Dress,1,M
402-0716249-2629940,Western Dress,1,XL
402-0716249-2629940,kurta,1,XXL
402-4520594-8591559,Western Dress,1,M
407-6072101-2174734,kurta,1,XL
406-0551028-2361901,kurta,1,XXL
406-5092763-1817944,Western Dress,1,S
406-6884193-8162738,kurta,1,3XL
402-6276842-1409131,Bottom,1,L
402-9342874-4065166,Set,1,3XL
402-6268066-5725120,Set,1,XXL
403-0900614-9226702,Western Dress,1,S
404-4646601-1550739,Western Dress,1,L
403-4706464-2011532,Top,1,3XL
406-2479819-8125104,Set,1,3XL
402-5092442-1101927,Blouse,1,Free
406-8297296-5259551,kurta,1,3XL
406-5513640-9317163,Set,1,XS
404-7765178-7104353,Set,1,XS
406-3915406-9265126,Top,1,XXL
405-5266554-7591521,Set,1,M
407-9829945-1693925,Set,1,XS
407-1884414-5513119,Set,1,3XL
407-3335536-7287551,kurta,1,XL
408-9734090-6637909,Western Dress,1,XXL
404-2013002-4312352,Set,1,3XL
403-2894081-8567515,Western Dress,1,XL
407-0718190-9783522,Top,1,L
404-6549846-8584346,Set,1,3XL
405-6436216-9357151,Set,1,S
404-6869770-7201143,Western Dress,1,S
171-3768925-0675503,kurta,1,XS
403-4882263-6918760,Western Dress,1,M
404-4548692-0760338,kurta,1,XL
406-0779911-2707531,kurta,1,XL
405-6524642-4463564,Set,1,S
408-9929975-2118741,Set,1,3XL
408-9929975-2118741,Set,1,3XL
404-7264374-5490750,Western Dress,1,M
408-4781051-5673114,Set,1,XXL
402-3117530-9702739,Western Dress,1,3XL
402-4416964-6755536,Western Dress,1,3XL
171-4059404-4288319,kurta,1,XXL
408-7089528-8168341,Western Dress,1,L
171-3482753-7531560,Western Dress,1,3XL
171-3249021-6069159,Western Dress,1,3XL
171-3249021-6069159,kurta,1,3XL
402-3305472-4819556,Set,1,M
403-7869125-5194767,Western Dress,1,XXL
403-7869125-5194767,kurta,1,XXL
408-7053934-6044345,Set,1,XS
405-8750617-2586725,Western Dress,1,M
405-6748000-8455508,Set,1,L
405-8721497-9040343,Western Dress,1,XS
407-8574511-8151509,kurta,1,XS
171-2463199-1920369,kurta,1,XXL
406-1167716-5833138,Set,1,L
403-6727532-0313117,Western Dress,1,XL
406-4355989-7083559,kurta,1,S
406-4571730-1401915,Top,1,XXL
407-7109569-5647525,Western Dress,1,L
404-5136093-3217922,Western Dress,1,L
406-7392866-8544303,Set,1,M
171-5838064-7337118,Western Dress,1,3XL
407-1329675-2548354,kurta,1,3XL
407-2406058-6606710,Set,1,3XL
407-2406058-6606710,Set,1,XXL
407-9177800-5077943,Set,1,L
402-1028454-2416357,kurta,1,M
405-6911421-0920329,Set,1,XXL
407-8182568-2914743,Western Dress,1,S
406-7120698-9666733,Set,1,XL
406-5311919-4272342,kurta,1,S
406-5311919-4272342,kurta,1,M
408-0170446-4244305,Western Dress,1,L
407-7099941-0725950,kurta,1,3XL
404-9312902-9313909,kurta,1,XXL
403-1758183-9641143,Ethnic Dress,1,M
403-4555840-1865945,kurta,1,L
402-9812247-8317947,Ethnic Dress,1,L
403-6794998-0514700,kurta,1,3XL
406-7033265-0192363,Western Dress,1,M
407-1677390-6277943,Western Dress,1,M
402-4302561-6547551,Top,1,XL
404-9844571-5772301,kurta,1,L
171-6008485-2256335,kurta,1,XL
408-6176498-5763530,Western Dress,1,L
407-0668761-6179563,Set,1,L
406-2173291-6771562,kurta,1,L
405-3457425-6866753,kurta,1,3XL
404-9568201-6117950,Western Dress,1,L
402-4910342-3367565,Set,1,M
406-6720526-5071526,Western Dress,1,M
407-8818910-4369943,Set,1,S
406-7601872-8731531,Set,1,XL
403-9291487-8172325,Western Dress,1,S
403-3447067-3785157,kurta,1,M
405-6065133-9081149,Set,1,XL
403-0428314-2630729,Top,1,S
403-4792787-3486709,Western Dress,1,XS
403-4792787-3486709,Western Dress,1,XS
403-5765764-3230726,Western Dress,1,M
403-6142476-4831514,kurta,1,L
408-4090167-2429144,Western Dress,1,M
408-1337216-2135548,Western Dress,1,S
408-9438866-4604356,Set,1,L
404-8054612-4720352,Set,1,XS
404-5515092-1959561,Western Dress,1,M
408-5842220-6413961,Set,1,S
408-8306093-6825133,Set,1,XL
403-9067125-7726740,Western Dress,1,XXL
408-9272740-2020363,kurta,1,L
407-6756642-1934735,kurta,1,XXL
403-2099686-4609915,Set,1,L
404-9764691-4274768,Western Dress,1,M
404-6716310-3556302,Set,1,M
404-2538219-3097143,Western Dress,1,XXL
406-7870008-5794702,Western Dress,1,XL
407-8349129-1206720,kurta,1,M
171-1133544-9051522,Western Dress,1,M
407-0961284-6584304,kurta,1,L
403-6277923-0942701,kurta,1,XL
403-6277923-0942701,kurta,1,XL
403-6230735-6731568,Set,1,XL
405-1980051-0373931,Western Dress,1,XXL
407-0023996-7926740,Western Dress,1,3XL
405-1438193-5168324,Set,1,XL
171-5908278-0695504,Set,1,L
407-5009130-3097102,Set,1,L
408-0106883-9317944,Set,1,XS
403-7222830-5678727,Western Dress,1,S
402-0029835-3262778,kurta,1,XL
171-5555988-4050737,Set,1,XL
408-5833275-0393947,kurta,1,S
171-5221998-8235501,Set,1,M
405-3893506-5131543,Western Dress,1,M
406-3324138-4979540,Set,1,L
407-9745762-7590769,kurta,1,S
404-5374190-0617926,Set,1,3XL
405-8461087-0531520,Set,1,L
402-4467591-4939543,Western Dress,1,S
171-4034712-2829115,kurta,1,XL
171-8041361-4809157,Set,1,XXL
171-8041361-4809157,Set,1,XXL
407-0600072-0959549,Western Dress,1,M
405-0583382-4832364,Top,1,M
171-1850325-6841103,Western Dress,1,M
402-7536816-9283526,Set,1,L
408-4631668-7249904,Set,1,L
404-9656686-3364316,Top,1,L
404-7427829-4333130,Set,1,XXL
406-4834095-6056321,kurta,1,M
404-5415214-7526719,Set,1,S
404-3696167-2882702,Set,1,3XL
403-2106752-3128322,Set,1,M
402-4571230-0082738,Set,1,L
408-9021200-1102751,Top,1,XXL
405-8568349-3990744,Set,1,L
404-5900055-5321127,Western Dress,1,XS
171-6035832-0193946,Western Dress,1,L
407-0898660-2665953,Western Dress,1,3XL
407-6801428-2176366,kurta,1,L
408-0750194-6508342,kurta,1,3XL
408-1099068-5253924,Set,1,3XL
171-0152467-5419506,Set,1,XXL
407-7097574-3577900,kurta,1,S
406-1424076-3841157,Western Dress,1,XXL
171-0291924-2984335,kurta,1,XS
404-4127343-5196345,Western Dress,1,3XL
407-1273805-1076313,Set,1,3XL
407-1273805-1076313,Set,1,XXL
403-2338182-1024316,kurta,1,XXL
402-3024374-5033102,Western Dress,1,XL
406-1925195-5315508,Set,1,L
171-8327194-8539562,Set,1,3XL
403-4064708-3722767,kurta,1,XS
408-1822111-7489104,Western Dress,1,M
405-2994007-4625158,Western Dress,1,3XL
405-7760179-2980306,kurta,1,XXL
171-5638388-4779557,Western Dress,1,L
171-5638388-4779557,Western Dress,1,M
407-2013281-7368322,Ethnic Dress,1,L
406-5461046-1493157,kurta,1,XXL
408-5056760-4209947,Western Dress,1,XXL
408-4393100-2267550,Western Dress,1,L
406-5509725-0959522,Set,1,M
402-6742559-6321144,Set,1,XXL
404-8750494-9315526,Set,1,S
406-4840731-1358745,kurta,1,XL
408-3112379-8705135,kurta,1,XL
404-4959240-4068311,Western Dress,1,XXL
404-4959240-4068311,Western Dress,1,XXL
402-8429866-1002746,Set,1,3XL
171-7594938-2028353,Western Dress,1,XXL
406-5854876-4442729,kurta,1,XL
406-5854876-4442729,kurta,1,XL
403-3917825-5552349,Set,1,XS
406-8279971-8101900,Set,1,L
406-8469077-7545954,Set,1,M
404-1834722-4248320,Western Dress,1,XL
404-1834722-4248320,Western Dress,1,XXL
408-7380700-0029922,Set,1,XL
408-7380700-0029922,Set,0,XL
402-3777248-6996346,kurta,1,3XL
171-3540444-9724362,Set,1,M
171-8367386-7360345,kurta,1,3XL
408-7687484-1703526,Top,1,XL
408-3794341-0275503,Set,1,M
404-2802862-0297962,Top,1,L
403-9712960-1314722,Top,1,M
403-2187192-2697946,kurta,1,XS
405-7575848-0392334,Set,1,L
405-7575848-0392334,Set,1,L
405-1000611-9544306,Western Dress,1,3XL
406-7382019-1430764,Top,1,XL
406-7382019-1430764,Top,1,L
402-6942867-5719513,kurta,1,M
171-8039563-4830746,Set,1,XL
405-4211052-7253966,kurta,1,L
405-0163847-9096344,kurta,1,S
404-7503469-6471553,Set,1,M
403-3728291-5536350,Top,1,M
171-0456042-2117944,kurta,1,XXL
405-2574930-9349101,kurta,1,L
402-7208110-9372340,Set,1,XXL
171-5472987-4856303,Set,1,XXL
171-9205233-8584325,kurta,1,XXL
402-4783644-0053944,Set,1,L
171-3010880-5701127,Set,1,XXL
408-7032335-4241103,kurta,1,M
403-1511454-3817164,Western Dress,1,XL
408-9038650-5639509,Set,1,XL
407-4894814-6385139,Ethnic Dress,1,L
402-4385583-5898758,Set,1,M
406-4221648-5601910,Set,1,S
403-2064486-8327508,Western Dress,1,3XL
405-7547835-6479548,Western Dress,1,XS
404-0015069-2840345,Set,1,M
408-6200365-8185905,Set,1,L
403-8429250-5536301,Set,1,XL
407-8784392-4526712,Top,1,3XL
404-9287764-6550727,kurta,1,XXL
408-5442474-4440363,Top,1,XXL
405-8849996-3842769,Set,1,3XL
406-5953483-0214739,kurta,1,3XL
404-0832633-3319501,Set,1,XXL
406-5389582-2784325,Western Dress,1,S
403-0560239-2619564,Set,1,M
402-3627107-1068347,kurta,1,M
402-3668418-2266759,Bottom,1,XXL
406-6776277-3594758,Western Dress,1,S
407-6874804-4763559,kurta,1,XS
402-9572156-0847543,Set,1,M
405-5450280-9895554,kurta,1,3XL
405-0071850-7233132,kurta,1,S
408-5455332-7555562,Western Dress,1,L
408-8607007-7474718,kurta,1,XXL
404-2390312-8726759,kurta,1,3XL
402-2167488-9837957,Western Dress,1,3XL
402-2873806-3531536,kurta,1,L
404-7709339-9372349,kurta,1,XL
406-1508766-0380352,Set,1,XL
403-6155565-0301133,kurta,1,L
405-5086800-2993917,Top,1,L
405-5086800-2993917,Set,1,XL
402-1611596-9804310,kurta,1,S
402-1611596-9804310,kurta,1,S
403-1284747-7560311,kurta,1,S
405-5619598-7226734,Ethnic Dress,1,M
406-6837499-8568323,Set,1,S
404-3753055-5395540,kurta,1,XXL
408-8519337-9613122,Set,1,XXL
408-8519337-9613122,Set,1,XXL
407-0474114-1614750,Set,1,3XL
405-8427360-6144360,kurta,1,S
406-1114136-1321929,Western Dress,1,XXL
407-3302946-8492352,kurta,1,3XL
408-6164377-5264320,Set,1,L
408-6164377-5264320,Set,1,L
171-6260824-4289966,Ethnic Dress,1,XXL
403-2727648-9501929,Set,1,XL
408-7745713-8345128,Western Dress,1,XXL
408-6078220-3112354,Blouse,1,XL
404-2398832-2704353,Set,1,XXL
406-3947913-9353122,Set,1,M
407-4527397-2173907,Western Dress,1,M
403-5353776-6228324,Top,1,XL
405-1542987-8453124,Set,1,L
406-7843208-1146719,Western Dress,1,XS
408-9115805-0361961,Top,1,L
408-4686513-4382719,Western Dress,1,XXL
171-0503267-1193141,kurta,1,3XL
404-1365804-8028317,Set,1,XS
403-0209118-1189155,Set,1,M
405-0202441-2410734,Set,1,S
407-7549923-1962760,Western Dress,1,XXL
406-4501335-0437139,Set,1,XS
402-2277973-7869119,kurta,1,M
171-3131654-8797142,kurta,1,L
408-4633236-3570704,Set,1,L
408-9219146-9803528,Western Dress,1,L
404-9006143-7117963,kurta,1,5XL
403-7185319-7563531,Set,1,M
402-6312802-1825968,kurta,1,S
405-0084646-8488304,Western Dress,1,S
406-4678848-6361119,kurta,1,M
402-9917803-8014708,kurta,1,M
408-5461755-3328331,kurta,1,XXL
405-3849214-1953940,Set,1,XXL
406-7932023-9733138,Set,1,S
408-9984315-4900355,Set,1,XXL
404-4502869-8223503,kurta,1,XXL
406-6088770-7325169,Top,1,L
406-6088770-7325169,Top,1,L
408-9264956-3342750,kurta,1,M
407-8832746-4814713,Set,1,3XL
171-4913072-8341962,kurta,1,XXL
403-0931103-9047504,Set,1,M
406-3702265-9653938,Set,1,XXL
407-0738518-6101937,kurta,1,XS
407-1253578-5158754,kurta,1,XS
171-7638422-8368303,Set,1,XXL
407-4775472-2011526,kurta,1,S
171-1349298-5970711,Set,1,M
402-9044852-0602701,kurta,1,M
405-8236258-2436301,kurta,1,L
405-6244461-9485127,Set,1,XS
408-7374279-2682759,kurta,1,XL
404-8857285-2345121,Set,1,M
171-8157892-6865141,Set,1,M
408-2275956-7806755,Set,1,XXL
408-2206308-4738732,kurta,1,3XL
408-4362393-3486761,Set,1,XS
171-7429649-1041930,kurta,1,S
408-2196108-0365924,Western Dress,1,L
405-7390734-9768325,Western Dress,1,XL
407-3646861-8989968,Western Dress,1,M
407-3646861-8989968,Western Dress,1,M
408-9334589-0182739,Top,1,XXL
171-6768741-6789916,kurta,1,L
403-4908433-2578704,Western Dress,1,L
406-3887443-5749159,Set,1,L
171-5211190-1657902,Set,1,M
406-7313021-7680321,kurta,1,L
402-9632911-6532337,kurta,1,L
406-6478126-1346764,Set,1,S
403-7195341-5489165,Western Dress,1,XL
408-6499608-7251566,Set,1,L
403-0444071-8214736,Set,1,3XL
402-9533820-2293162,Set,1,3XL
405-4806162-5231533,kurta,1,XL
405-8571710-0420310,Set,1,M
402-5022371-4880337,Set,1,S
407-9482375-7951508,Set,1,XL
407-6987752-0812346,Bottom,1,S
406-6240356-4989127,Western Dress,1,S
405-0410348-7346750,kurta,1,3XL
171-2933503-0181938,Western Dress,1,S
406-0668690-7768359,Set,1,L
171-5359516-5567516,Set,1,XS
408-9819705-7496313,kurta,1,L
407-0129149-8453152,Set,1,L
403-3159513-4078740,kurta,1,S
406-0869065-7020352,Ethnic Dress,1,M
171-5084078-2383526,kurta,1,L
404-5774173-6896311,Set,1,XXL
405-4821253-3207520,kurta,1,XXL
408-5339718-8611562,Western Dress,1,3XL
171-4821129-1315545,Set,1,XL
171-8246887-6111523,Set,1,M
405-1304304-3349933,Set,1,L
408-1495441-1153129,kurta,1,XL
407-2629661-9195519,kurta,1,M
171-6577176-0910764,Set,1,L
408-8757866-5069168,Top,1,3XL
408-3405542-7434733,kurta,1,3XL
403-7357986-6012363,kurta,1,S
404-0250581-5506753,kurta,1,S
403-7553060-9162703,kurta,1,3XL
403-7553060-9162703,kurta,1,3XL
402-3950160-3035511,Western Dress,1,XL
171-3687359-8022709,Set,1,M
407-7427582-6333940,Set,1,L
402-0181636-2982760,kurta,1,XXL
403-5995803-1764331,Western Dress,1,XL
407-1736313-7319521,Western Dress,1,3XL
403-7158910-8445109,kurta,1,L
403-7158910-8445109,kurta,1,L
404-0554873-8993127,kurta,1,M
403-0631546-6281116,Set,1,M
405-1210263-0076346,Set,1,XS
408-3898259-4979566,Set,1,XS
406-0719567-5674700,Top,1,3XL
408-1881556-5699520,Set,1,S
402-7383774-2604356,Set,1,M
408-0179589-4894757,kurta,1,S
171-2454942-4121116,Set,1,3XL
407-7883244-3525919,kurta,1,S
403-1627818-0669942,Western Dress,1,XL
403-2796430-2040331,Set,1,L
407-1249143-4885958,Set,1,M
407-5230277-9481922,kurta,1,M
171-0999327-2233927,Top,1,M
403-0935072-6941114,kurta,1,L
171-7278056-1245104,Ethnic Dress,1,M
407-3785164-5032300,Western Dress,1,XL
403-1648497-9893945,Western Dress,1,L
404-0987377-4823503,Western Dress,1,XXL
406-9527842-4376308,kurta,1,M
408-1321191-3685164,kurta,1,XXL
408-6712238-1690720,kurta,1,XL
406-0755970-5513921,Set,1,3XL
407-0630605-1117965,kurta,1,XXL
403-4372931-5831540,Set,1,XL
404-6702267-8153935,kurta,1,S
404-6702267-8153935,kurta,1,S
403-5919254-5357943,kurta,1,L
403-9173063-5709114,kurta,1,M
171-4209965-7728356,Top,1,XL
405-0125153-1729931,Set,1,XS
404-1615815-8943508,kurta,1,XL
404-5742636-1373165,Set,1,3XL
404-5742636-1373165,Set,1,3XL
171-8905912-5157933,kurta,1,3XL
402-3776052-4985144,Western Dress,1,3XL
408-2719718-6299509,Set,1,3XL
408-2719718-6299509,Set,1,3XL
405-5747393-5873141,Set,1,M
407-6657336-4161132,kurta,1,XXL
406-3846363-0789121,kurta,1,M
406-3846363-0789121,kurta,1,M
407-3177147-8829968,Western Dress,1,XL
407-3327251-5529919,kurta,1,XL
403-3958393-8638734,Set,1,XXL
407-8283475-6606712,kurta,1,XL
406-4221286-5119564,kurta,1,3XL
404-9582454-7301935,Set,1,3XL
404-9582454-7301935,Set,1,XXL
404-6897657-8985939,Western Dress,1,L
402-2852126-2831504,Blouse,1,M
403-3468035-0792328,Top,1,XL
171-1789470-0509104,Set,1,L
403-5882026-3037909,kurta,1,M
403-7867864-2895563,kurta,1,L
403-7867864-2895563,kurta,1,L
403-9280808-0822765,Western Dress,1,L
406-9072913-5593138,kurta,1,XL
406-9072913-5593138,kurta,1,XL
408-1350351-6072347,kurta,1,M
171-0594228-6649103,Western Dress,1,XS
402-7057123-3360335,Western Dress,1,XS
171-1723948-8693166,Set,1,S
405-6581427-4271527,Set,1,XXL
402-3192620-0275521,Set,1,S
402-6194259-6456314,kurta,1,XXL
408-6709698-8874714,Set,1,XL
408-6648769-0772360,kurta,1,XL
405-2291015-1363548,Set,1,L
171-4244542-6621121,Blouse,1,S
403-6978334-4266730,Blouse,1,M
406-1705535-2593962,Western Dress,1,XL
405-6210579-3378752,Top,1,L
407-4355440-7060332,Set,1,S
407-4355440-7060332,kurta,1,M
171-3338833-8381939,Western Dress,1,XXL
403-6150121-0249956,Set,1,M
405-8559960-9915523,Set,1,S
405-8126275-1380327,kurta,1,XL
405-8126275-1380327,kurta,1,XL
406-7687775-1673125,Western Dress,1,L
404-9136886-2580311,kurta,1,6XL
406-1029079-6853955,kurta,1,3XL
405-9806427-1735519,Set,1,M
171-1028913-9155519,Set,1,S
408-5179122-2081164,kurta,1,L
404-3048539-7113144,Western Dress,1,S
407-1526658-7030762,Set,1,XL
408-5765822-7308333,Western Dress,1,S
406-0758323-7749101,Set,1,L
406-0758323-7749101,Set,1,S
405-6387989-6724343,kurta,1,L
405-6387989-6724343,kurta,1,L
405-0812624-2201111,kurta,1,L
407-4239638-3294716,kurta,1,XXL
171-6488945-6824368,Western Dress,1,XS
408-8046186-1216340,Set,1,M
171-8215922-7344319,Western Dress,1,XS
403-4438603-1230728,kurta,1,3XL
407-8214811-0129111,Set,1,XL
404-4615410-4397149,Set,1,XL
403-3925434-5819567,Western Dress,1,M
406-0560278-1263511,kurta,1,M
404-8523103-9433955,Set,1,S
404-7059954-8414767,kurta,1,XL
403-0089167-2021917,kurta,1,S
403-6812730-6391554,Set,1,S
407-4903730-4441950,Set,1,XL
405-7416365-8529938,Set,1,XL
171-4090536-1858711,Set,1,L
404-9708125-6737113,kurta,1,6XL
408-7158425-6733157,Set,1,XL
407-9476839-9583507,kurta,1,XL
404-6154939-7679526,Set,1,XL
403-4986157-7412352,Set,1,XL
406-5423548-0465145,Western Dress,1,S
404-4363734-4870752,kurta,1,3XL
406-0647374-7102744,Top,1,L
403-2106807-9203501,Set,1,3XL
171-9957915-7299528,Set,1,L
407-8651722-6762701,Top,1,3XL
171-6608809-5861134,kurta,1,M
405-9313492-6442749,Set,1,M
408-3111050-4888303,kurta,1,M
408-0664699-0552367,Set,1,M
405-6803712-3005112,Set,1,XXL
402-5289778-0539532,Top,1,S
402-5289778-0539532,Top,1,S
402-1194946-2929928,kurta,1,M
407-1709042-4101142,Set,1,L
405-1314664-9172309,kurta,1,3XL
405-0428315-0136337,Set,1,M
408-9882989-0054749,kurta,1,XL
171-8485121-9879557,Western Dress,1,L
407-2978120-6398746,Set,1,XXL
408-0188608-2757967,Western Dress,1,XS
404-1849304-7048354,Top,1,XXL
407-4177462-9037109,Set,1,XXL
402-7026032-5518745,Set,1,3XL
404-5599432-9303515,kurta,1,S
407-2605280-0927547,kurta,1,6XL
402-3819021-5569955,kurta,1,XXL
402-2778811-5875501,kurta,1,XL
403-1979238-5589931,kurta,1,XL
402-3566430-8435503,Set,1,M
403-5884138-4861133,Set,1,M
404-5494583-1351555,Set,1,XS
403-1639953-9594717,kurta,1,XXL
406-8895389-3800368,kurta,1,XXL
407-2385271-0829965,kurta,1,XS
406-9531003-8150700,Top,1,M
408-5682052-4505926,Set,1,XL
171-1953609-1779564,Western Dress,1,XS
171-0842869-8251529,Set,1,S
404-8188958-1886735,kurta,1,3XL
405-6206647-4133927,Set,1,XL
171-3634819-9121931,kurta,1,L
405-7948051-9223520,kurta,1,M
407-5961517-7900328,kurta,1,L
402-2497100-0635557,Set,1,M
402-5824818-8598718,Set,1,XL
404-5613147-2843563,kurta,1,XXL
408-7934879-6914721,Set,1,XS
171-4956441-3478729,kurta,1,L
402-4694026-9629929,Set,1,L
404-8396719-2496343,kurta,1,XS
404-9933405-1573135,kurta,1,S
402-8387593-6926725,kurta,1,S
406-3150872-4282742,Western Dress,1,S
171-1209944-9403523,Set,1,3XL
406-2954123-7616319,kurta,1,XXL
408-4680774-5224334,Set,1,L
402-8551319-1961945,kurta,1,M
171-7562383-1525151,kurta,1,XS
405-6989937-2260311,Top,1,XL
404-8588014-4076304,kurta,1,M
402-0025396-5153972,Set,1,M
407-3908102-6661105,kurta,1,XXL
171-2223708-6877938,Set,1,XL
404-4662934-7861106,kurta,1,S
405-7107479-3357902,Set,1,S
404-8948864-1829125,kurta,1,XXL
402-4801940-9293154,Set,1,S
406-1264897-7196363,Western Dress,1,S
407-8951794-2434720,kurta,2,L
407-8951794-2434720,kurta,1,L
406-8334808-7541165,Set,1,XS
171-2929012-0772333,Set,1,M
407-0301985-2045139,Set,1,M
404-0917622-4085146,Set,1,XXL
403-9462133-8401925,Western Dress,1,L
403-3629337-0360318,kurta,1,3XL
408-3907000-7459549,kurta,1,XXL
171-4735971-2957169,kurta,1,L
405-8090238-1503508,kurta,1,XXL
171-7134575-9351569,kurta,1,3XL
408-6891690-1631503,kurta,1,XL
404-9899194-1746767,Set,1,XL
171-9923714-9967529,Set,1,M
402-7533609-3127505,Set,1,XS
404-0459728-8293162,Western Dress,1,3XL
405-0638838-4722743,Set,1,M
406-0084749-3929170,Set,1,M
406-0084749-3929170,Set,1,M
404-3380823-0225106,kurta,1,3XL
402-4021726-0469103,Western Dress,1,M
171-8857463-8758709,Set,1,XL
408-7567758-5420327,kurta,2,XS
402-0388321-7214761,kurta,1,M
404-2660478-9013966,kurta,1,3XL
403-0128079-7418751,kurta,1,M
403-0128079-7418751,kurta,1,M
405-9704353-1851557,Western Dress,1,XXL
404-9754474-1649116,Set,1,L
404-4790083-9882762,kurta,1,XXL
403-9418757-4468325,Set,1,XS
404-1345760-0753108,Set,1,M
405-2347686-5506713,kurta,1,XXL
407-9727834-4416331,Set,1,M
402-5002743-1390732,kurta,1,L
404-7119541-0352346,Set,1,XS
407-5600698-0469949,Western Dress,1,XXL
407-7982328-6426739,kurta,1,M
402-0765795-6106724,Western Dress,1,XL
407-6059495-6905946,Set,1,S
408-4300471-6333112,Set,1,M
402-4744380-9183529,kurta,1,XL
402-4744380-9183529,Set,1,XL
402-4744380-9183529,kurta,1,XL
402-4744380-9183529,kurta,1,XL
408-5624093-5945141,Set,1,M
403-7309856-5348334,Set,1,XS
406-3449675-7222724,kurta,1,XS
171-7970675-1164329,Top,1,3XL
408-4215675-9512343,Set,1,S
171-9831778-0468338,Western Dress,1,S
403-0364447-0009172,Set,1,3XL
405-6748938-8840337,Top,1,XL
402-9252209-2433963,kurta,1,XL
407-2112195-3498733,Set,1,XL
171-7217278-2575523,Western Dress,1,M
171-7217278-2575523,Western Dress,1,M
403-1974820-2349137,kurta,1,L
402-5364528-6705925,kurta,1,M
171-6566123-9097936,kurta,1,XXL
402-6224836-2909165,kurta,2,M
171-6160886-9156358,Top,1,XL
406-8807351-4611567,kurta,1,XL
402-3484107-1577166,kurta,1,XL
403-0799842-3530761,kurta,1,3XL
406-4981238-1745905,Set,1,XL
405-4730377-9589165,Top,1,S
407-7391800-2621945,Set,1,S
402-1727982-3678739,Set,1,XS
408-6866967-9405130,Set,1,3XL
408-4299454-4622723,Western Dress,1,XL
402-1099777-7241923,kurta,1,XXL
404-6699671-8669906,Top,1,L
403-7486300-5050707,Set,1,3XL
171-0686613-3894715,Western Dress,1,XL
407-4710688-1717146,Set,1,XXL
404-0493907-9670706,Set,1,3XL
403-1230741-4043551,kurta,1,M
402-8102792-5906719,kurta,1,XL
402-0122425-8648316,Set,1,M
406-2772131-3748339,kurta,1,L
404-6354385-4014749,Set,1,L
403-0693491-0484313,Set,2,L
402-6809234-2976313,Western Dress,1,L
408-4121947-5325914,Western Dress,1,XS
403-0399619-7657952,Set,1,M
171-0768060-1817139,kurta,1,XL
405-6231028-3819553,kurta,1,XXL
171-1805091-9895543,kurta,1,L
403-9635645-8137127,kurta,1,3XL
408-2606774-0830769,kurta,1,XXL
171-8476780-6898725,Top,1,M
406-6177368-4088326,Set,1,XL
406-6177368-4088326,kurta,1,L
407-1097957-4499539,Western Dress,1,XS
406-5709592-5938750,Set,1,S
403-0913533-0630737,kurta,1,L
404-3149338-7060310,Western Dress,1,XXL
403-0397616-6986756,Top,1,XXL
405-8135797-6337149,Western Dress,1,XL
407-2151962-0059517,kurta,1,XXL
171-0064169-5023569,kurta,1,L
404-8984110-2656329,Set,1,XXL
407-2682419-3444338,Set,1,M
402-9478201-5317922,kurta,1,XL
405-2407124-0393958,Set,1,XL
403-6632963-8958746,kurta,1,XL
171-8030347-6318726,kurta,1,XXL
407-5606404-1775544,kurta,1,XXL
407-2492560-7043526,Western Dress,1,L
407-4043880-1752359,kurta,1,3XL
405-9761143-3296330,Western Dress,1,XL
405-3446695-3389905,kurta,1,XXL
402-0906440-7764324,Western Dress,1,L
403-0551669-1398754,Set,1,3XL
408-1041033-2329167,Top,1,L
408-1502286-3829968,kurta,1,M
403-0141282-3707524,Western Dress,1,M
171-9743854-1607540,Western Dress,1,L
403-4778495-4034745,Western Dress,1,XL
402-4884368-7984351,Set,1,XL
402-4884368-7984351,Set,1,XXL
408-4435454-9819566,Set,1,S
171-5267662-6241162,Set,1,XS
406-5980377-6815546,kurta,1,S
406-5794533-0763512,Set,1,L
408-3499400-1803535,Western Dress,1,XL
403-8869760-5133111,Western Dress,1,S
407-0097826-2881154,kurta,1,XS
407-0097826-2881154,Western Dress,1,XS
405-7013369-9883557,kurta,1,M
405-7962848-5901907,kurta,1,XL
402-5816349-6553122,Set,1,3XL
404-1365829-7641154,kurta,1,5XL
408-0914949-2103564,Set,1,XXL
402-0544150-0781950,Top,1,3XL
407-7649820-8212358,Set,1,3XL
406-3631472-7375503,kurta,1,XXL
402-6598524-6828345,Western Dress,1,3XL
406-1324510-0596345,Bottom,1,XL
407-3279991-0317918,Set,1,XXL
406-1328194-0693900,kurta,1,XL
402-2294089-1132354,kurta,1,4XL
402-3424402-1164334,Western Dress,1,XL
408-7981404-7322730,Top,1,XXL
402-8052402-3673116,Western Dress,1,S
407-6350959-9564302,kurta,1,S
406-1856734-8509925,kurta,1,XL
406-1856734-8509925,Western Dress,1,XL
408-5037989-2187505,kurta,1,3XL
406-4376758-5694719,Western Dress,1,L
405-5555505-1947544,kurta,1,XXL
408-6754944-1729123,Set,1,S
403-6759504-1164325,Western Dress,1,XL
403-6759504-1164325,kurta,1,XXL
403-6759504-1164325,Western Dress,1,XL
403-6759504-1164325,kurta,1,3XL
402-0085490-2482757,Set,1,XL
408-3057519-8264306,Set,1,XS
407-2344676-4092317,Set,1,XXL
407-6684597-6101143,kurta,1,XS
406-8109401-2282746,Western Dress,1,XL
408-7417089-1725946,Top,1,S
402-6169239-0416349,kurta,1,XL
407-0198272-3885132,Western Dress,1,S
408-4993743-3322735,Top,1,3XL
408-2600040-6177110,Ethnic Dress,1,S
407-1586031-4946702,Top,1,3XL
407-1586031-4946702,Top,1,3XL
407-1586031-4946702,Top,1,3XL
405-5007854-7111552,kurta,1,M
406-2888189-4512362,Western Dress,1,3XL
406-2888189-4512362,Western Dress,1,3XL
404-6086597-3430732,kurta,1,L
405-4388212-4582758,kurta,1,M
405-4388212-4582758,Western Dress,1,M
408-6435034-7193937,kurta,1,L
407-6410724-8533161,Set,1,M
405-7532096-7566706,Top,1,XXL
406-5469956-1963552,Set,1,S
408-0650847-0017938,Set,1,L
403-6146233-7422766,Western Dress,1,L
171-8358309-9501155,kurta,1,XXL
171-9076912-4461112,Western Dress,1,XS
171-0256295-2265102,Set,1,M
171-3295126-0146709,Set,1,L
171-3295126-0146709,Set,1,M
171-1123517-5935507,kurta,1,L
408-5011018-8102715,kurta,1,L
408-1877649-8517935,Set,1,XXL
402-8658321-9709956,kurta,1,XXL
407-6524171-3599525,Set,1,XL
407-6524171-3599525,Set,1,L
403-4413738-5461941,Western Dress,1,L
405-0634599-8412346,kurta,1,XS
406-5271841-3363538,Set,1,XL
406-1344754-5548327,kurta,1,3XL
171-0234896-1048335,Set,1,L
407-6735033-2601117,Set,1,3XL
407-2021471-2162762,Top,1,XXL
403-9779685-6436332,Set,1,M
407-1635863-3143559,kurta,1,M
403-0856702-0457121,kurta,1,3XL
408-4287392-7509101,Set,1,XS
407-6107834-3934737,Set,1,XXL
402-6046581-1683524,kurta,1,L
405-8960867-5165948,Top,1,3XL
406-9037618-6515523,Western Dress,1,S
408-4488279-9506748,kurta,1,M
407-0404669-7028364,kurta,1,M
408-5454913-8458766,kurta,1,L
406-2622138-8428313,kurta,1,S
402-7247606-9945956,Top,1,M
405-0814255-7075547,kurta,1,XL
408-2551656-0457943,Set,1,XXL
404-5123318-2151557,kurta,1,XXL
404-7280677-8843508,Set,1,M
404-8371364-2417100,Set,1,L
408-1064139-7316331,kurta,1,3XL
171-0329545-1429955,Top,1,XL
407-8408466-7620317,kurta,1,L
408-9349107-5679520,Set,1,M
171-2194188-7144326,Western Dress,1,XS
404-8862572-2535539,Set,1,3XL
407-8358712-8637162,Western Dress,1,3XL
405-0492920-9745912,kurta,1,3XL
403-7993408-9196320,Western Dress,1,XL
406-4679458-1179546,Set,1,XL
408-6805130-7009931,Western Dress,1,L
408-7344950-2300350,Set,1,L
405-6980391-5709950,Set,1,XL
404-8472429-8830730,Set,1,M
407-8095674-0100359,kurta,1,XXL
171-0602000-8113110,Set,1,XL
171-0602000-8113110,Set,1,XL
405-0312850-7902724,Set,1,S
402-5734431-4849133,Western Dress,1,3XL
403-6665948-9649902,Set,1,XL
403-4387080-9597119,Set,1,L
402-9662293-0261901,kurta,1,L
404-1789834-6553134,Set,1,3XL
403-3477080-3127542,Set,1,L
404-7199603-2662753,Set,1,XXL
405-0148103-6397119,Set,1,M
407-5519530-8943502,kurta,1,XXL
406-1941265-3615508,Western Dress,1,3XL
171-1493786-9655524,Top,1,3XL
404-9877649-2392344,kurta,1,3XL
406-7581975-5202754,kurta,1,S
171-8733203-3515542,kurta,1,3XL
407-4110952-5825903,kurta,1,3XL
403-8884677-7547503,Western Dress,1,XL
171-1865476-8277906,kurta,1,XXL
408-2098874-8097130,Western Dress,1,M
402-4142780-9383501,Set,1,XS
406-3360895-1639546,Set,1,XS
405-2065226-8609112,kurta,3,XXL
405-2065226-8609112,kurta,2,3XL
402-6562606-1616340,kurta,1,M
405-0557639-2595521,Set,1,XL
406-9215432-6746714,kurta,1,M
171-1779028-0413954,Western Dress,1,XL
402-3743082-5029934,Set,1,3XL
406-3619534-9968313,Set,1,M
406-3619534-9968313,Set,1,M
405-5790520-0553126,Top,1,M
404-8737406-8047554,kurta,1,S
171-0933828-6034759,kurta,1,L
171-1222526-4203503,kurta,1,3XL
171-9006108-7430716,Set,1,XL
405-0811956-8537162,kurta,1,M
403-0028011-0932357,Set,1,XS
171-5802744-4140344,Set,1,M
404-5747097-5074706,Set,1,XXL
406-4181361-5502762,kurta,1,L
408-0452041-3721933,kurta,1,3XL
408-0452041-3721933,Western Dress,1,3XL
408-0452041-3721933,kurta,1,3XL
171-6727911-2674712,Top,1,L
408-9623730-7787548,kurta,1,L
403-1058337-2022742,Set,1,3XL
403-1058337-2022742,Set,1,3XL
406-8571830-2172329,Set,1,M
402-3504498-8134716,Western Dress,1,L
402-7569760-9818712,Set,1,3XL
171-8408098-7224320,kurta,1,3XL
402-7724895-8048322,kurta,1,XL
402-4682733-5342700,kurta,1,M
405-4323227-3572306,Western Dress,1,S
405-9664078-8413145,Western Dress,1,XS
405-9664078-8413145,Top,1,S
405-9664078-8413145,Top,1,S
408-7176029-1549119,Set,1,S
403-0811909-6346707,Western Dress,1,XL
171-0985211-3014717,Western Dress,1,XXL
404-0081453-1196325,Set,1,XL
404-0081453-1196325,Set,1,M
406-3173728-8721949,Western Dress,1,XXL
403-0111177-9782729,Set,1,XL
407-3887492-3313122,kurta,1,XXL
407-3887492-3313122,kurta,1,XL
406-8990251-5653139,Top,1,XL
408-0328128-5814774,Saree,1,Free
402-3497385-1489966,Western Dress,1,XS
403-4122170-8881144,kurta,1,L
406-5950918-5662748,Set,1,S
406-2009045-3626709,kurta,1,XL
402-8282454-7938761,Western Dress,1,L
405-2289983-3874766,Set,1,M
407-9806672-8461109,kurta,1,L
406-3142951-7423569,kurta,1,XL
171-7132227-8854756,Western Dress,1,XXL
405-2646347-9809934,kurta,1,M
406-6208759-7136354,Top,1,XL
405-9167570-8528335,Set,1,XL
408-1784472-4289115,Western Dress,1,S
404-6523049-3430703,Set,1,XL
403-1068450-4891514,Set,1,XS
404-6051528-0321104,kurta,1,XS
408-0398992-2545935,Set,1,L
408-0398992-2545935,Set,1,L
403-4971786-2171534,Set,1,3XL
402-2332454-4049969,kurta,1,S
402-3159886-9655546,Western Dress,1,XXL
407-3283122-7381968,Western Dress,1,L
403-5310131-2731552,Top,1,XS
408-9662245-2390741,Top,1,M
408-0127559-6429941,kurta,1,L
407-1446751-0239543,Western Dress,1,XL
403-7123388-7810708,kurta,1,M
408-7503633-2813952,Western Dress,1,XXL
406-7253239-9343554,Set,1,3XL
405-6625007-3565100,Set,1,XL
403-2453103-5093937,kurta,1,L
171-5607063-2472346,Top,1,M
171-5783674-9419522,Set,1,M
402-3589690-7045909,kurta,1,XL
405-4483004-7911509,kurta,1,L
404-4467688-6760339,Top,1,M
407-2162761-5327568,Set,1,3XL
407-9074827-9977166,Set,1,M
171-2583804-6615524,kurta,1,L
171-2583804-6615524,kurta,1,L
404-2648084-3355560,Set,1,L
407-4049206-3273125,Western Dress,1,XXL
408-9085608-2184332,Western Dress,1,M
407-1377195-0946756,kurta,1,3XL
402-4632602-4666712,Top,1,S
171-9108913-4129952,Set,1,3XL
408-3695407-2992302,Set,1,S
402-8005439-9195550,Top,1,XXL
406-1689157-5524329,Set,1,M
171-6524025-8741914,Set,1,XL
406-6416922-3963508,Set,1,3XL
408-8963585-3691560,kurta,1,XL
402-4296402-5130710,Western Dress,1,M
408-3575924-6059531,kurta,1,M
408-1751950-3451562,Western Dress,1,M
404-0955853-2193104,Set,1,XXL
403-9096578-0251546,Western Dress,1,M
408-9250951-5942725,Set,1,L
407-8438218-8183509,kurta,1,S
408-2003235-6037132,Set,1,M
408-5294023-9333927,kurta,1,XL
406-7896438-9384306,kurta,1,S
406-6590992-3202751,kurta,1,L
405-0382448-4850740,kurta,1,XL
407-1517876-6147551,Set,1,M
171-2802534-9962701,Western Dress,1,M
405-7085471-2086756,Set,1,L
171-8219382-0881924,kurta,1,L
406-6810582-3717110,Set,1,M
408-0919245-6297142,kurta,1,XXL
171-6372637-2526758,Top,1,XXL
405-6495448-6510753,Top,1,XL
402-0345525-1913930,kurta,1,3XL
405-8332251-9555520,Set,1,M
402-0355728-2259541,kurta,1,XL
404-5201530-5096355,Set,1,3XL
407-9573933-3787547,Set,1,XL
408-3664077-5741910,kurta,1,XL
407-0407287-6939551,kurta,1,XXL
403-8130207-5628350,Bottom,1,L
405-3352455-7462729,kurta,1,XL
403-2746996-3844359,kurta,1,M
408-8154275-9383546,Western Dress,1,XS
407-6661171-8241114,Western Dress,1,L
406-8417798-5008349,Top,1,XL
406-4743521-5929938,Set,1,XL
171-2837732-0909167,kurta,1,L
404-7802738-5059532,kurta,1,XL
403-9182223-9964323,kurta,1,L
407-3810970-0782747,kurta,1,M
171-4420375-5827551,kurta,1,M
406-7543121-9245918,kurta,1,XL
171-9748434-2989117,Set,1,XL
403-0353384-7924360,Set,1,M
406-5732505-2473923,Set,1,L
402-4880486-9676321,kurta,1,L
403-2095786-1646754,Set,1,3XL
403-2095786-1646754,Western Dress,1,L
402-7429918-8555514,Set,1,XL
403-3782096-9052349,Set,1,L
407-6378249-9341122,Set,1,XL
408-3373942-8537960,Western Dress,1,M
171-9228782-5960315,Set,1,XL
171-2755272-2807566,Set,1,XS
407-6328125-4170745,Western Dress,1,XL
402-8224651-0965913,Western Dress,1,M
403-8751192-3620347,Western Dress,1,3XL
171-1155361-0810722,kurta,1,XS
408-0343457-8432365,Western Dress,1,XL
402-6170932-4560351,Western Dress,1,M
402-2999764-8895500,kurta,1,L
406-5588061-5485967,Set,1,M
402-4369504-2493125,Set,1,XL
405-2375931-7463512,Set,1,M
403-7715289-2947514,Set,1,XL
402-8470609-7153944,Set,1,S
405-1596365-6161967,Western Dress,1,S
405-9189060-1531534,Set,1,3XL
403-8686952-4861107,Western Dress,1,XS
408-7672099-2437915,Set,1,XS
402-1121472-5627527,kurta,1,M
402-1121472-5627527,kurta,1,M
406-2407496-4707566,kurta,1,XXL
407-5055748-4225120,kurta,1,3XL
406-5787665-9881139,Western Dress,1,S
406-0446291-5426752,Set,1,3XL
406-9498675-7793125,kurta,1,L
402-5482246-1238769,Set,1,M
405-2489021-8596325,kurta,1,L
404-5872319-9631555,Set,1,XL
403-3775492-7605962,Set,1,XS
402-9514134-6057951,Western Dress,1,L
404-6503138-9273903,kurta,1,XL
404-6503138-9273903,Set,1,XL
403-3949815-9175557,kurta,1,3XL
405-6828072-1542702,Set,1,S
408-4511015-0637163,kurta,1,3XL
407-7731380-1096348,kurta,1,S
408-0329031-5664309,Western Dress,1,S
171-1541757-2445966,Western Dress,1,XL
405-9437412-8186737,kurta,1,L
407-0749921-9479561,kurta,1,3XL
402-5685735-9313102,Set,1,XL
405-1416575-1238724,Set,1,XS
408-4158988-0605964,Set,1,3XL
408-4158988-0605964,kurta,1,XXL
171-1457152-0311562,Western Dress,1,3XL
408-6797692-9186728,Top,1,L
171-9977712-8865102,Set,1,S
407-4243205-6775537,Set,1,L
405-2266417-4292320,kurta,1,XXL
171-7654122-4009148,Set,1,XS
405-1056837-0070719,Western Dress,1,XL
402-2613019-7558766,Bottom,1,XL
402-2257171-5983539,Set,1,XXL
407-9517683-1749150,kurta,1,S
408-6676412-9857101,Set,1,XS
403-5022153-9318762,kurta,1,3XL
403-5127362-7429127,Set,1,XXL
403-6359033-9853141,Top,1,M
171-4670631-9529903,Bottom,1,M
408-4514260-2157120,kurta,1,L
404-2116666-5761938,kurta,1,M
405-5978055-8691536,Set,1,XXL
405-8394152-5579510,kurta,1,6XL
171-1154367-7946739,Set,1,M
406-0919060-1489101,Set,1,XXL
405-7654776-9419566,Set,1,3XL
408-7680315-2842755,kurta,1,XXL
406-5668278-6724358,Top,1,S
405-7383403-1764312,Western Dress,1,XXL
404-5897737-3918726,kurta,1,L
406-8124843-7147566,kurta,1,XXL
402-3864869-3125130,Western Dress,1,XS
404-3054119-0453954,Set,1,L
171-5682801-3289903,kurta,1,L
407-9495778-6382724,kurta,1,XL
403-8248824-4846709,Top,1,XXL
406-5354366-2720301,Set,1,L
408-4149252-4782755,Set,1,M
407-2705506-2941928,Western Dress,1,L
404-4477548-9636305,Set,1,XL
406-1451920-9620332,Set,1,M
408-0036102-1970761,Set,1,M
171-5223965-9569905,Western Dress,1,S
404-7987619-5645932,Top,1,XXL
403-5997413-8502718,Set,1,L
404-0029288-2134767,Set,1,M
406-8305973-5461965,Set,1,M
404-6486748-5705122,Western Dress,1,L
403-8437892-9556306,Ethnic Dress,1,3XL
404-0239841-6322707,Set,2,M
404-0239841-6322707,Western Dress,1,S
402-9160647-8124325,kurta,1,L
408-6056332-6393130,Western Dress,1,XXL
402-7401546-6170758,Western Dress,1,XXL
407-6722347-5581169,kurta,1,XL
406-4406044-6436301,kurta,1,S
408-6654407-7369913,kurta,1,M
403-6271700-8150756,kurta,1,M
171-4320580-2142752,Ethnic Dress,1,L
171-4320580-2142752,Ethnic Dress,1,L
171-4320580-2142752,Western Dress,1,XL
406-0162713-4298778,Western Dress,1,L
408-7826603-0170747,Set,1,L
171-6214537-5221131,Set,1,XL
171-6214537-5221131,Western Dress,1,XL
171-7159837-5929919,kurta,1,5XL
402-2576126-4229117,Top,1,XS
407-7516288-6649145,Ethnic Dress,1,XXL
407-0255160-3730761,Western Dress,1,XXL
405-7490702-5822701,Set,1,M
406-2953450-3062726,kurta,1,XS
402-3393959-6012320,Set,1,M
402-9164359-7265167,Western Dress,1,3XL
402-9164359-7265167,Western Dress,1,3XL
406-3501260-6481167,Western Dress,1,L
403-5057326-9573911,Set,1,XS
403-5057326-9573911,kurta,1,XS
403-5057326-9573911,kurta,1,L
403-5057326-9573911,Set,1,XS
403-5057326-9573911,kurta,1,XS
406-8867807-4333926,Set,1,XL
406-8623632-0327564,Western Dress,1,M
404-2221169-3370754,Set,1,XS
406-6754358-5303541,kurta,1,L
403-5051672-5620335,Set,1,L
171-6010620-8284319,Set,1,M
407-0454962-6677159,Top,1,M
407-0454962-6677159,Top,1,M
406-3993769-6454762,Set,1,M
406-3724067-5754712,Western Dress,1,XS
407-6783233-4541114,Set,1,XS
407-1788791-1781154,Western Dress,1,XS
405-7593507-1697148,kurta,1,3XL
407-5791471-0818712,Set,1,XL
407-8658127-6181927,kurta,1,L
406-5450956-3313136,Western Dress,1,S
405-5780000-6897926,Set,1,XXL
407-4125510-7389162,Set,1,S
407-3155000-6927541,kurta,1,6XL
407-3155000-6927541,kurta,1,6XL
402-0708268-2981907,Set,1,S
403-1753033-2269907,kurta,1,S
404-8254596-5385944,Ethnic Dress,1,S
171-7606398-8900354,Set,1,3XL
406-6127214-1871514,Western Dress,1,XS
402-7940823-5829133,Set,1,XL
407-1292528-0641163,Top,1,L
407-1292528-0641163,Top,1,L
408-1949878-5915514,Top,1,L
402-0204519-3375574,Western Dress,1,L
171-3028869-3418767,kurta,1,XL
408-8203368-7259515,kurta,1,XXL
402-7588826-4713105,Top,1,XL
408-2208563-5387510,Set,1,XL
407-0001840-2455557,Western Dress,1,XS
171-1392995-8088352,Top,1,L
408-9359690-2997139,kurta,1,S
402-4408411-2566752,Set,1,XS
403-6186345-4681913,Set,1,L
408-5874128-7684342,kurta,1,M
403-7784944-8670709,kurta,1,M
408-6794689-1440356,kurta,1,XS
406-0682966-8694751,Set,1,3XL
408-3174599-3949938,Western Dress,1,3XL
171-9778614-0967507,Set,1,3XL
408-3661673-0621918,Set,1,M
405-9334347-6705101,kurta,1,XS
405-6176907-3736311,Set,1,L
405-4970350-4193954,Set,1,XL
407-2864415-6773931,Set,1,3XL
404-8006012-8486723,Set,1,XXL
407-6737188-0637959,kurta,1,L
405-0369628-6404343,Western Dress,1,M
402-0192045-9076353,Set,1,XL
404-9297843-6088325,Set,1,3XL
407-0002275-8583523,Set,1,M
407-6739760-4998717,Western Dress,1,M
407-6739760-4998717,kurta,1,L
407-6739760-4998717,Western Dress,1,M
407-9481719-2334762,Top,1,XXL
405-1003689-1960321,Top,1,3XL
408-0205237-3660330,Top,1,L
403-1334686-6622752,kurta,1,M
406-7068366-1117901,Western Dress,1,M
404-2409902-7657938,Western Dress,1,S
407-8173762-8153149,Western Dress,1,M
407-8662285-9591551,Top,1,XL
408-0501201-4312307,Set,1,XL
404-0758618-8793160,kurta,1,S
404-7354316-7891503,Set,1,XXL
406-0814398-2868330,Western Dress,1,XL
408-0713029-3186722,Set,1,L
404-3941591-9929162,Set,1,3XL
404-8918261-6185120,kurta,1,3XL
407-8575382-7148359,Top,1,S
405-1010513-5507549,Western Dress,1,3XL
402-1242372-9234735,kurta,1,XXL
171-3698750-1713142,kurta,1,L
405-2753131-5629103,Western Dress,1,XXL
171-2050819-5631528,kurta,1,XXL
406-8539527-9702753,Ethnic Dress,1,XL
171-2922395-1143561,kurta,1,L
171-2463634-0310743,Set,1,M
402-1453934-6601137,Western Dress,1,S
406-2588525-2159550,Western Dress,1,S
171-6043487-9445123,Western Dress,1,XXL
406-3802617-7619536,Set,1,M
406-9184165-4579531,kurta,1,5XL
406-9184165-4579531,kurta,1,5XL
408-9778946-1125945,Set,1,XL
171-6923331-6620328,kurta,1,3XL
404-6787753-7303535,Western Dress,1,XXL
408-7385978-4805931,Blouse,1,XXL
408-3446681-1956322,Top,1,XS
408-8370277-3829959,Set,1,M
408-8370277-3829959,Set,1,M
408-8370277-3829959,kurta,1,M
408-8370277-3829959,kurta,1,M
403-7040452-7211533,kurta,1,S
408-9358706-0622741,kurta,1,M
405-8711723-6416352,kurta,1,L
402-2729626-5076300,kurta,1,XL
404-7038809-2605145,Western Dress,1,S
404-2826234-2815540,Set,1,XXL
403-9277422-7750725,Set,1,L
406-5098785-8713159,kurta,1,XXL
404-5630484-5193104,Set,1,M
403-1115449-9710742,kurta,1,L
171-7729646-1039560,kurta,1,3XL
405-7434115-6131532,Western Dress,1,XL
404-5259076-7111544,Set,1,L
407-3278009-4856357,Western Dress,1,3XL
171-2532248-6149939,Top,1,XXL
405-7139924-9217946,kurta,1,XXL
405-3806694-4734710,Set,1,L
408-7646518-5963503,Set,1,M
408-4523725-8918762,kurta,1,XXL
405-3140660-2733964,Western Dress,1,XXL
405-3140660-2733964,Western Dress,1,3XL
405-2665695-6063511,Set,1,XXL
403-1451964-1673162,Set,1,XS
408-2176793-8076300,kurta,1,L
406-7879620-0254767,kurta,1,XXL
171-2361787-7498720,Western Dress,1,XL
405-2339133-5765949,Western Dress,1,S
406-0425008-4408315,kurta,1,3XL
408-2199833-0353916,Set,1,M
402-8358775-5213124,Western Dress,1,L
405-1494565-1438763,Set,1,XS
408-2136554-2969907,Western Dress,1,XL
406-0995191-2047563,Top,1,S
408-1794818-5442740,kurta,1,L
407-2889206-2571542,kurta,1,XXL
404-1919343-3096314,kurta,1,3XL
406-5742202-2358749,Set,1,3XL
407-2729234-6186730,Set,1,L
407-1809887-5040320,kurta,1,6XL
407-7961360-4509948,Western Dress,1,XXL
407-7961360-4509948,Western Dress,1,XXL
408-5037643-2245916,kurta,1,S
406-1137333-9313911,Set,1,XS
403-4033138-4741932,Set,1,XL
402-2590997-7076347,kurta,1,L
406-6929913-6532326,Western Dress,1,3XL
402-0309908-4101159,Set,1,XL
407-1820209-8725113,Set,1,S
403-6712756-9604361,kurta,1,XL
403-6712756-9604361,kurta,1,XL
405-5269571-9005117,Set,1,XS
404-6986397-1484337,kurta,1,M
404-6986397-1484337,kurta,1,L
171-0335401-2721151,Set,1,L
403-8331438-1817910,kurta,1,L
404-5117291-4265902,kurta,1,XXL
405-4652478-2967553,Set,1,M
406-2879234-9783557,Set,1,3XL
407-6078900-2629132,Western Dress,1,XL
405-2756226-0605965,kurta,1,L
406-1987927-6704310,Set,1,M
408-5891815-7694742,kurta,1,3XL
404-2339367-4429145,Western Dress,1,M
402-4262789-0473139,Set,1,XS
408-8002641-0103541,Set,1,S
407-2730604-3221953,kurta,1,L
408-5557740-2018737,Set,1,XL
408-4922051-7618723,kurta,1,XL
407-1568351-2573103,kurta,1,XXL
402-9404016-7653111,kurta,1,3XL
402-3911780-0371523,Set,1,XS
407-3747061-9828369,Top,1,3XL
405-0451104-6434769,Western Dress,1,XXL
408-6327421-0441949,Set,1,XS
405-6208395-2256300,kurta,1,M
171-0712733-3101921,kurta,1,XL
403-1424326-9865906,Set,1,XS
407-7326999-1000301,Top,1,XXL
405-0916252-1526707,Set,1,S
406-1025000-9633902,Set,1,XS
405-9607322-3035517,Set,1,3XL
405-9607322-3035517,Set,1,3XL
402-6647525-5575542,kurta,1,XXL
406-6760275-4165169,kurta,1,S
406-6760275-4165169,kurta,1,S
405-6572155-3521113,kurta,1,3XL
403-6369245-4463554,kurta,1,S
405-4039106-4402766,kurta,1,XXL
403-6343706-7026724,Top,1,S
406-5328017-2341132,Set,1,XL
402-5419864-6450728,kurta,1,L
408-3861272-1206714,Set,1,M
407-7428650-1524369,Set,1,S
402-5084596-6816328,kurta,1,L
402-5084596-6816328,Set,1,L
171-4596571-2125124,Set,1,M
408-0736692-4487505,Top,1,XL
403-4248475-6792340,kurta,1,3XL
403-4248475-6792340,kurta,1,3XL
403-4248475-6792340,kurta,1,3XL
403-4248475-6792340,kurta,1,3XL
403-4248475-6792340,kurta,1,3XL
403-4510385-7707553,Western Dress,1,L
408-8704338-0288349,Western Dress,1,XS
402-9473989-6743546,kurta,1,XL
171-2691279-5868340,Top,1,XS
171-5252079-1277901,kurta,1,XL
407-2662155-4178711,Ethnic Dress,1,3XL
407-2662155-4178711,Ethnic Dress,1,3XL
407-8664525-3500348,Set,1,XL
402-5592183-9725116,Set,1,XS
171-1411099-7212326,Set,1,XS
408-0731009-2649951,kurta,1,XXL
403-6207338-5870760,kurta,1,XL
408-1591006-4622710,Western Dress,1,XS
171-5598999-4366703,kurta,1,3XL
402-7601559-3796350,Western Dress,1,M
408-7873129-6782709,Set,1,XS
406-4514870-8845909,Western Dress,1,M
407-4994765-8625114,Western Dress,1,M
403-0781058-4841959,Top,1,L
407-8542642-6083536,kurta,1,S
404-3027379-8906710,Set,1,XS
404-0916532-3505927,Western Dress,1,XXL
408-3335393-4560349,kurta,1,M
407-1375383-9691509,Set,1,M
408-3440374-5042768,Set,1,XXL
407-2990941-3134721,Top,1,XXL
408-1953328-7508340,Set,1,4XL
407-8971883-9648353,Set,1,XXL
403-4328676-8501913,Set,1,M
403-0210535-7900352,Set,1,L
407-2077694-1929126,kurta,1,L
403-3244971-9520349,Set,1,L
407-1801444-5338764,Top,1,XL
403-4665888-6505112,kurta,1,M
403-8655052-1319507,Set,1,XXL
406-6849304-2934750,kurta,1,S
407-0370304-9928340,kurta,1,M
403-7872661-3767507,Set,1,M
407-5307562-9897900,Set,1,M
171-3978597-6861967,Set,1,M
171-5508786-1887539,kurta,1,XXL
407-0232306-4222771,kurta,1,L
402-0811130-1234731,kurta,1,L
402-0811130-1234731,kurta,1,L
402-0811130-1234731,kurta,1,L
402-7531834-0115514,Set,1,4XL
402-8888878-6066756,Set,1,XL
403-8428737-0205115,Western Dress,1,L
403-8428737-0205115,kurta,1,L
403-4856205-8338762,kurta,1,XL
404-7392959-9051504,Set,1,L
406-0835342-5822727,kurta,1,M
406-0835342-5822727,Set,1,XXL
406-0835342-5822727,Set,1,XL
406-0835342-5822727,kurta,1,XXL
403-7054000-3459536,Western Dress,1,S
407-2579985-1131559,kurta,1,M
403-7406427-9204349,kurta,1,XS
405-4757670-4028304,kurta,1,L
405-7204972-1752332,Ethnic Dress,1,L
403-2392652-8734756,Set,1,L
405-5900794-0148312,Western Dress,1,S
406-4196169-5724314,Western Dress,1,3XL
405-2187667-2493126,Set,1,M
405-4008111-6667542,Set,1,L
406-7205028-5610708,Western Dress,1,XXL
402-7069315-8334752,Set,1,3XL
402-7069315-8334752,Set,1,3XL
404-5697481-0003537,Set,1,3XL
402-8752891-2130718,Set,1,L
405-8385062-0597116,kurta,1,XXL
408-7644405-9768341,Top,1,M
171-9381957-9834746,kurta,1,M
171-7122860-8678722,kurta,1,XS
171-7122860-8678722,Set,1,XS
405-7938176-8863547,Top,1,M
402-0189678-2186732,kurta,1,XXL
402-0189678-2186732,kurta,1,XXL
407-3129851-3219552,Ethnic Dress,1,XXL
402-8246040-9941937,Set,1,S
408-7706369-0576338,Western Dress,1,L
408-4576432-8005109,kurta,1,6XL
402-1079438-4262704,kurta,1,XL
403-8175261-9981146,Set,1,XL
407-7194377-9176329,Set,1,3XL
405-6326125-7719532,Set,1,M
408-4793241-9677116,kurta,1,L
407-2687802-6666714,Set,1,M
406-9090997-7618740,Top,1,S
405-7102046-4522700,Western Dress,1,S
171-6736321-0501924,kurta,1,3XL
408-8784079-5772335,kurta,1,S
406-4677577-1256326,Western Dress,1,XL
405-9026248-8935550,Western Dress,1,XL
406-8921842-3317903,kurta,1,M
406-9330116-3340309,kurta,1,M
404-2516830-7947536,Set,1,XS
407-0459653-5055508,kurta,1,S
408-2475369-4678742,kurta,1,XS
403-6737916-2953120,Western Dress,1,L
171-0883556-3604326,kurta,1,S
402-9247235-0182726,Set,1,L
408-4521661-0278767,Western Dress,1,XL
408-4521661-0278767,Western Dress,1,XL
405-1679502-0955541,kurta,1,XL
402-7248180-9357914,Set,1,L
404-3490593-3294736,Set,1,M
403-5776979-2675534,kurta,1,XL
407-3800489-8504368,kurta,1,M
404-3580159-8288332,Set,1,XL
403-1497851-8799517,kurta,1,XL
402-5305684-4533105,kurta,1,XXL
408-6218038-5141902,Set,1,S
171-4291240-6162732,Blouse,1,XXL
408-9723015-9369108,kurta,1,M
402-3968580-2201151,kurta,1,M
408-9563056-1297159,kurta,1,XL
405-4949053-6337128,Set,1,3XL
403-1375216-8977921,Western Dress,1,XL
171-3003972-4118749,kurta,1,XL
171-3003972-4118749,kurta,1,L
404-0410027-4243529,Set,1,XL
405-7330045-8993926,Set,1,S
171-1872212-3076363,Set,1,XL
408-4554593-1010730,kurta,1,S
408-2775144-7202742,Set,1,L
408-2775144-7202742,Western Dress,1,M
171-6263958-6105145,kurta,1,XXL
405-5973595-1898763,Top,1,L
407-3985947-1273932,kurta,1,M
408-7081850-4041101,Western Dress,1,M
171-0630281-7729939,kurta,1,M
408-9372786-1186724,Set,1,S
405-3445004-2012362,Set,1,M
405-3445004-2012362,Set,1,M
405-3445004-2012362,Western Dress,1,M
171-7274887-4300325,kurta,1,3XL
405-6842271-1533160,Set,1,L
402-4105607-3908301,kurta,1,M
408-2773821-9501105,Western Dress,1,S
407-5604080-9844342,Western Dress,1,M
407-5604080-9844342,Western Dress,1,S
406-1166011-1510727,Western Dress,1,M
407-0443889-9970765,Set,1,S
408-1898986-0179562,Ethnic Dress,1,S
408-1237537-1820358,Set,1,L
171-8430718-3762700,Blouse,1,Free
171-8430718-3762700,Blouse,1,Free
408-3444772-6557121,Western Dress,1,XL
407-7674414-1710710,Western Dress,1,XL
404-7856654-8623519,Western Dress,1,3XL
407-9400195-8457901,kurta,1,XL
408-7742512-1286735,Set,1,S
404-3135860-0013918,Set,1,S
404-3135860-0013918,kurta,1,S
407-6265625-0789126,Set,1,M
402-2364957-5738753,Saree,1,Free
403-9585924-3522730,Set,1,L
408-6172631-9599510,Set,1,XL
404-5794418-6322741,kurta,1,XXL
408-9124732-5471504,kurta,1,3XL
171-6080130-0918752,Set,1,L
171-8725167-5108345,Top,1,L
402-5590121-8647557,Western Dress,1,S
408-4778580-2750726,kurta,1,M
402-3427760-8629152,Set,1,L
171-0657946-0453144,Western Dress,1,3XL
402-2269956-6497938,Western Dress,1,S
406-3444916-0238745,Set,1,XL
405-6670543-9093943,Western Dress,1,S
405-6323675-3517123,Top,1,XL
403-2798924-0940329,Western Dress,1,XS
171-6592036-3371549,Set,1,XS
405-8863891-9722706,Set,1,XXL
406-3615032-1476305,Set,1,3XL
407-9054311-8294739,Set,1,XXL
405-9204498-5508346,Western Dress,1,XL
405-7879942-6121161,Set,1,S
408-3874340-6698765,Western Dress,1,XL
408-3874340-6698765,Western Dress,1,L
403-9676440-8837900,Set,1,3XL
171-5486228-3130767,Set,1,3XL
408-5749968-1445155,Set,1,3XL
408-5749968-1445155,Set,1,3XL
405-8014393-4021161,Set,1,3XL
406-3086997-2781102,Set,1,3XL
407-0691258-5193932,Set,1,XL
406-9238036-7315531,Set,1,M
407-6927019-2759527,Top,1,XL
407-7257445-5053901,kurta,1,XXL
406-3725423-9499532,Set,1,3XL
406-6292295-2218710,Western Dress,1,S
171-8748273-7791549,kurta,1,XL
171-0668016-9239569,Top,1,M
403-2709895-5948305,kurta,1,L
405-5112617-2308320,Set,1,3XL
408-6324436-3169932,kurta,1,S
404-5592185-1487551,Western Dress,1,S
403-3326265-4344303,Set,1,M
403-2867376-8678747,Western Dress,1,XXL
405-2224525-4092369,Western Dress,1,XL
407-4779472-5153167,Ethnic Dress,1,3XL
406-8222796-7764369,Western Dress,1,XL
406-1134600-2373909,Western Dress,1,XXL
171-0299634-8384330,Top,1,XL
171-0299634-8384330,Top,1,XL
171-0197562-7893122,Western Dress,1,XS
406-5413168-1737148,kurta,1,L
408-6861895-8356323,Western Dress,1,L
171-7687470-7583551,Set,1,L
406-9414300-6403520,kurta,1,XL
406-9414300-6403520,Set,1,XL
407-5658484-8971521,Set,1,3XL
402-7607638-8078742,Top,1,S
171-9616795-0785940,Set,1,XL
405-1685673-1189124,kurta,1,XL
403-8566765-0808321,Set,1,XXL
403-8566765-0808321,Top,1,XXL
402-4238067-3466759,Set,1,XXL
405-7483866-5784367,kurta,1,M
408-7586897-1340319,kurta,1,5XL
171-0798207-9285954,Top,1,XXL
408-2691494-2685139,kurta,1,L
403-7422839-1496350,Set,1,L
405-4761744-3280336,Set,1,XL
402-3032521-2181161,Western Dress,1,3XL
404-6941482-8857961,Set,1,M
171-9905716-7057150,Set,1,XL
403-6348428-2324312,kurta,1,L
405-1115247-5389953,Set,1,XL
408-8274615-2581920,Set,1,XXL
408-5159247-6169123,Set,1,M
408-8882220-7988343,Set,1,L
404-2133926-4081154,Set,1,XS
408-4889802-8593930,kurta,1,L
171-7443325-7518731,Set,1,XXL
403-2439603-8859565,kurta,1,XXL
406-7156805-9445910,Set,1,XS
402-6895993-7806705,Set,1,M
171-2686746-4722748,Set,1,M
171-2686746-4722748,Set,1,M
171-2686746-4722748,Set,1,M
171-2686746-4722748,Set,1,M
403-4624023-8409941,Set,1,M
402-6738533-3117943,Top,1,M
404-8608040-9317954,Western Dress,1,L
407-1429977-5448332,kurta,1,XL
402-3913704-1667524,kurta,1,5XL
403-3800614-4237159,kurta,1,S
403-5913454-1912326,Top,1,XL
407-8041693-8093941,Set,1,S
407-0597159-4421147,Western Dress,1,XL
405-5593233-5382718,Set,1,M
404-3658949-7077150,Western Dress,1,L
171-4048936-1409906,kurta,1,XL
408-3362245-5943546,kurta,1,3XL
404-1636677-7556355,kurta,1,XXL
403-7000629-6657906,Set,1,XL
405-7618537-0339527,Western Dress,1,XXL
406-4861817-9833954,Set,1,M
171-5855784-3245151,Ethnic Dress,1,L
402-3814686-7634712,Set,1,M
404-9863457-8489138,kurta,1,3XL
407-3678301-4561101,Western Dress,1,L
403-7629214-0004307,kurta,1,M
171-0426440-1485161,Western Dress,1,L
405-1424586-2945153,kurta,1,XXL
407-0451135-6674700,kurta,1,L
406-3833721-3089940,kurta,1,XXL
406-0218427-4190716,Set,1,M
403-6407873-5521954,Top,1,M
171-2945562-6028342,kurta,1,L
405-4505523-5309916,kurta,1,XXL
402-3015991-4567536,Western Dress,1,XL
407-8154708-0421934,Western Dress,1,S
171-6232494-9676304,kurta,1,XXL
406-4545500-0941107,Set,1,M
404-8771227-8702729,kurta,1,L
408-2415790-4516315,Set,1,S
402-7344465-5869140,Set,1,S
402-5509658-0871536,Set,1,M
402-6344088-2250746,Set,1,L
403-5574800-9065931,Set,1,XL
406-6646299-4329169,kurta,1,XL
407-0893471-3921131,Set,1,L
402-3692553-5332346,kurta,1,L
404-1128179-9059540,Western Dress,1,XS
407-6707918-8845941,Western Dress,1,XXL
407-6707918-8845941,Western Dress,1,XXL
402-7318059-7916300,Western Dress,1,XXL
404-5331811-5620365,Set,1,4XL
405-2229499-7796307,Set,1,3XL
171-0171791-3523575,Set,1,L
171-8508063-9433967,kurta,1,L
403-7642034-5134761,Top,1,XS
403-7642034-5134761,kurta,1,XS
403-8951670-3632322,Top,1,XS
408-8748616-2750751,Western Dress,1,XL
406-1954156-6029164,Set,1,M
406-1954156-6029164,Set,1,M
408-1061002-8829912,Set,1,S
408-1061002-8829912,kurta,1,S
408-1061002-8829912,kurta,1,S
405-2568440-5958760,Western Dress,1,L
405-9436043-8589149,kurta,1,3XL
402-0151414-7904319,Set,1,L
403-7449151-0288326,Western Dress,1,S
405-1158591-0602765,kurta,1,3XL
171-7509259-5648310,Western Dress,1,XXL
407-4164423-1997924,Ethnic Dress,1,XXL
407-4164423-1997924,kurta,1,XXL
407-9307603-0874706,Set,1,M
404-8132123-3394769,Set,1,S
171-0630482-4678748,Set,1,3XL
403-2194178-7057901,kurta,1,L
171-1502787-4981164,kurta,1,L
407-4289297-2204366,Set,1,XS
402-3783712-3792355,Western Dress,1,L
408-2707810-2788328,Western Dress,1,XXL
408-4065581-7878715,Top,1,XXL
405-0011746-6294744,Western Dress,1,L
408-5957459-8683500,Western Dress,1,L
407-0912232-4080315,Set,1,XL
405-9625543-6407527,Top,1,XS
408-7398887-5400304,Western Dress,1,S
405-4425771-2604322,Set,1,XS
407-5248681-8505906,Set,1,L
402-4977281-7872338,kurta,1,XL
406-0015326-9596335,Top,1,L
403-2228617-2521131,Western Dress,1,XXL
403-7937484-1821109,kurta,1,M
404-0088720-3505144,Set,1,XL
404-8201122-6263531,kurta,1,XXL
408-3510495-3952329,Set,1,3XL
408-3510495-3952329,Set,1,3XL
407-9004861-6247543,Set,1,M
403-4286035-4903509,Western Dress,1,L
408-1494379-4044350,kurta,1,M
408-1494379-4044350,Top,1,M
404-2732271-6729109,Set,1,L
403-7397596-1686703,Ethnic Dress,1,3XL
406-6766556-5966702,Set,1,M
404-5570060-5569904,Set,1,XS
408-0507410-7304358,Western Dress,1,3XL
406-1472994-3930742,Set,1,XS
407-3648959-9057123,Set,1,XXL
408-8197098-9331541,Set,1,XS
404-1321567-9073925,Western Dress,1,L
408-0015499-4109158,kurta,1,S
403-8868910-9507513,Western Dress,1,3XL
408-0411143-5115522,Top,1,XXL
403-0520292-5435529,Set,1,M
406-0505814-3967515,Western Dress,1,M
406-0505814-3967515,Western Dress,1,M
171-8610971-1063533,Set,1,S
405-1295805-1242716,Western Dress,1,XL
405-3798707-8897923,Set,1,3XL
404-2708918-6835558,kurta,1,L
403-9243973-4950711,Set,1,S
402-5917659-9442709,Set,1,XS
408-1334175-2290753,Western Dress,1,XL
171-1524237-5105940,Western Dress,1,M
405-5676828-5362754,Set,1,S
405-1577167-4707531,Set,1,XL
403-0948954-6481123,Western Dress,1,S
404-2104898-6870744,kurta,1,S
405-3126080-9635548,Western Dress,1,S
404-2084322-5520343,Set,1,M
402-0428176-8979563,Blouse,1,L
407-2574365-2533913,Set,1,XL
407-2574365-2533913,kurta,1,L
171-0418579-8062707,Set,1,L
171-4691098-8489159,Set,1,M
407-5202669-5149937,kurta,1,3XL
406-3142070-7169155,Top,1,S
406-3142070-7169155,Top,1,S
404-2890351-6625116,kurta,1,S
404-2890351-6625116,kurta,1,S
407-2314304-8166732,Set,1,XXL
407-7721354-1674739,Western Dress,1,M
407-0053910-5216334,Set,1,M
408-7271709-9757939,Western Dress,1,M
408-9048875-5501141,Western Dress,1,L
408-1598653-0285159,Set,1,M
171-0804064-8185952,Set,1,L
403-8321517-3531545,Western Dress,1,M
407-8932481-1691547,kurta,1,L
402-2338655-1515508,Western Dress,1,S
171-8163197-5316358,Set,1,S
171-8163197-5316358,kurta,1,S
407-0169979-8135503,Western Dress,1,M
407-0169979-8135503,Western Dress,1,XL
408-1528910-6453137,Western Dress,1,XXL
408-1528910-6453137,kurta,1,XXL
406-8472663-8117914,Set,1,XXL
171-3626672-4315502,Set,1,S
405-7175787-0896364,Set,1,XS
407-1479662-4701962,Western Dress,1,M
406-8449006-6683508,Top,1,S
407-3727404-9189935,Top,1,XS
405-3822010-3903532,kurta,1,5XL
404-3705161-5593961,Set,1,XS
403-5607940-3808327,kurta,1,XL
407-4021589-1468339,kurta,1,XL
407-9756027-5921142,kurta,1,XXL
404-7661211-7056327,kurta,1,XL
405-6269722-5089950,Set,1,3XL
406-7628896-7321913,Western Dress,1,XL
403-3582606-4616355,Western Dress,1,XXL
402-3113370-1168326,Set,1,M
407-8213213-9181905,Western Dress,1,XXL
408-2505949-1749914,Set,1,L
408-0713470-7346721,Set,1,S
407-1259616-8002748,kurta,1,XL
404-5549087-4549946,kurta,1,3XL
405-1610652-5333101,Western Dress,1,L
408-2340672-1030744,Top,1,XL
404-5314934-8459528,kurta,1,M
402-0847473-5254709,Set,1,XL
407-0037863-9241167,Set,1,XL
407-2822982-5614756,Set,1,M
403-4449580-0883536,Set,1,XS
406-4081609-0600339,Western Dress,1,XXL
405-7850871-5627507,Set,1,M
405-4703761-9065123,Western Dress,1,3XL
405-4703761-9065123,Western Dress,1,3XL
402-9092820-1636324,kurta,1,6XL
402-9092820-1636324,kurta,1,6XL
402-3600366-5868308,Set,1,S
408-5214648-4077162,Western Dress,1,S
402-7949489-9524323,Set,1,S
406-7972337-3959555,kurta,1,3XL
403-2592648-9478756,Western Dress,1,XXL
407-6921333-5429938,Western Dress,1,M
406-0394104-9301168,Western Dress,1,S
171-5182682-6329952,Western Dress,1,3XL
404-9779420-9157938,kurta,1,XXL
404-7677755-8193935,kurta,1,XXL
402-5027988-4948310,Western Dress,1,XL
403-4343551-8573963,Set,1,3XL
408-5834655-3346731,Set,1,XS
406-6817077-6399550,Set,1,S
403-7506730-5685903,kurta,1,XXL
171-0078351-4822722,Western Dress,1,S
405-2085848-4037107,Set,1,3XL
404-6217257-6182715,Top,1,M
403-1566403-9521958,Set,1,M
407-5139351-8273952,Set,1,3XL
404-0237690-5728321,Western Dress,1,3XL
408-2314619-3607534,kurta,1,L
405-9095787-8781909,Set,1,XS
405-7336907-6793938,Set,1,M
403-4165554-3908355,Set,1,XS
404-3636009-9668331,Set,1,M
402-9649495-9645947,Set,1,XXL
407-5978046-1252339,Set,1,L
403-3890562-7454741,Western Dress,1,L
403-9757968-6459532,Western Dress,1,S
405-8880312-2865120,Western Dress,1,XXL
405-1107918-7784305,Set,1,XL
405-1107918-7784305,Set,1,L
403-3505936-0316305,kurta,1,L
408-5909356-9839505,Set,1,XXL
404-4540583-8175555,Set,1,M
406-4747443-5220357,Set,1,S
408-8950471-5205954,Set,1,XS
405-5987672-1755518,Set,1,XXL
408-3617541-6697904,kurta,1,XL
402-0378405-8275517,Top,1,3XL
404-7025915-2229109,Set,1,XXL
405-9178485-8480314,Set,1,3XL
407-0778389-2868319,Top,1,XL
402-3779012-1538745,kurta,1,XXL
404-5358165-2331528,Set,1,3XL
407-3952115-1989919,kurta,1,6XL
171-9875158-5651568,Set,1,S
402-0293505-5422746,Set,1,XL
171-8690542-4357902,Set,1,XS
407-3086884-1159527,Set,1,XXL
406-5286219-0471540,Western Dress,1,XXL
407-6502708-0516367,Set,1,XL
403-9762819-4930763,Western Dress,1,XL
408-7028793-0462726,Set,1,L
408-7028793-0462726,Set,1,L
406-9054467-7883536,Set,1,XS
171-3783940-5921943,Set,1,S
402-6588446-9427557,kurta,1,XL
408-9545609-9228341,kurta,1,S
405-4573592-3609154,Set,1,XL
402-5403434-9329913,Set,1,XL
407-3460656-8845110,Western Dress,1,M
405-7776498-3574748,kurta,1,M
408-8894338-9721900,Set,1,3XL
403-9331461-7409965,kurta,1,L
408-9918562-7140336,kurta,1,S
405-2201511-0296325,kurta,1,XL
408-6665395-5475569,Top,1,S
403-1404586-2145114,Set,1,M
171-3612286-5913918,Set,1,XXL
406-2233634-3729902,Top,1,S
402-4982923-7517150,Set,1,XL
407-2231323-7003566,kurta,1,6XL
406-4347582-6654713,kurta,1,XL
404-2129365-7308368,Set,1,XS
408-7945391-6357920,Set,1,L
404-4084900-9638742,Set,1,XL
404-4084900-9638742,Set,1,XL
403-5572993-5560320,kurta,1,XXL
406-3653513-4311507,Set,1,XXL
404-5567750-0125954,Set,1,S
406-8894405-4219512,Set,1,XL
406-1250329-2648314,kurta,1,L
408-0746547-8018730,kurta,1,S
171-4685139-9181948,Top,1,S
402-3300319-2002747,Set,1,M
403-0896901-6269156,Western Dress,1,XL
408-6854622-2144336,Set,1,3XL
405-5940149-0396342,Set,1,3XL
171-7063664-9062715,Set,1,XL
406-9421722-9233918,kurta,1,M
406-9421722-9233918,kurta,1,L
408-7050599-2788361,Set,1,L
406-0344506-7388360,Set,1,XS
406-2263214-2487567,Western Dress,1,S
406-2263214-2487567,kurta,1,S
406-8562061-5019537,kurta,1,XXL
404-9594478-1857122,kurta,1,S
406-5107060-8957965,Set,1,XL
408-1913263-1429915,kurta,1,XL
408-7001581-1400336,Set,1,XS
408-7001581-1400336,Set,1,S
406-2011656-2352344,kurta,1,3XL
406-2011656-2352344,Western Dress,1,3XL
405-6642403-8431549,Set,1,XL
405-7846993-7588333,kurta,1,M
171-8740944-1939561,Set,1,XL
408-8531643-7873934,kurta,1,3XL
406-0747541-3677115,kurta,1,L
407-8667148-9747530,Western Dress,1,L
171-7640718-7261102,Western Dress,1,L
408-7235858-3692346,Western Dress,1,XXL
404-4745447-6740362,kurta,1,6XL
407-3709511-9897909,Set,1,L
402-8942507-7711563,Set,1,M
406-9348427-1385124,Set,1,S
408-4500980-6937163,kurta,1,L
171-3542669-5676333,Western Dress,1,3XL
407-6176843-6129932,Western Dress,1,3XL
402-6680832-0041110,Set,1,M
171-8356607-0490703,Set,1,M
406-8034687-1395505,Top,1,XXL
171-5140001-8789969,Set,1,L
171-9318875-6700311,kurta,1,L
171-9318875-6700311,kurta,1,M
408-6151878-9983568,Set,1,M
402-1569150-1386739,Set,1,L
402-9345481-6438724,kurta,1,M
402-6204805-8167549,Set,1,XS
407-2425534-0941920,Western Dress,1,XXL
408-4861124-9334738,kurta,1,L
171-9905964-0697951,kurta,1,M
406-5674857-5581948,Set,1,M
402-8743005-5733958,Set,1,M
408-7537568-6190719,Set,1,M
402-4280960-0189112,Set,1,M
405-8854001-9685912,Set,1,M
171-4291912-9817909,Set,1,3XL
406-5449660-1878700,Western Dress,1,M
403-1883516-7238745,kurta,1,S
406-9627954-0384336,kurta,1,M
405-4528632-0297137,Set,1,L
408-2330486-7705133,Set,1,XXL
403-6408075-9372339,Western Dress,1,S
404-3255030-8005924,Western Dress,1,XL
407-3795494-9343536,kurta,1,M
403-6244870-0211545,kurta,1,L
171-7239272-7505963,Set,1,S
406-7041766-3465962,Set,1,XL
171-8339778-1118760,kurta,1,XL
407-7671804-0455517,kurta,1,S
406-3755269-7037912,Top,1,XXL
171-6587044-0571532,Set,1,XL
403-4887416-8847519,Set,1,L
402-1716504-4926720,Set,1,3XL
405-6622228-6961932,Blouse,1,Free
407-6830430-7965107,Set,1,XXL
407-1231923-8474725,Set,1,3XL
406-7415163-0411563,Top,1,L
171-0088041-1405908,Set,1,XL
405-9052158-8179545,Western Dress,1,L
407-8753364-0223513,Set,1,XXL
171-1942295-1997150,kurta,1,XS
403-5561058-1853166,kurta,1,S
408-7741000-2000313,Set,1,S
403-0390612-0088321,kurta,1,3XL
408-3595947-5756313,kurta,1,L
408-3595947-5756313,kurta,1,L
406-3161574-8153901,Top,1,L
406-9710279-3811512,Western Dress,1,3XL
402-6448966-6657932,kurta,1,XL
403-9695900-1194708,kurta,1,M
171-9366750-1830762,Set,1,S
402-5768714-8116318,kurta,1,L
406-9697490-9593154,Western Dress,1,3XL
406-9697490-9593154,Western Dress,1,3XL
406-6011656-7142743,Top,1,3XL
403-2436993-3401114,Set,1,XXL
402-1108319-5079535,Set,1,L
171-7245784-3158729,Set,1,XXL
171-3961903-6726729,kurta,1,L
408-4155723-9098740,Set,1,S
405-6543898-7204304,Set,1,S
407-1713419-1938721,kurta,1,M
405-5291526-7502730,kurta,1,L
406-0280954-0864350,Set,1,L
405-9409875-3410738,Top,1,3XL
402-5155532-9773962,kurta,1,3XL
402-5155532-9773962,kurta,1,3XL
405-2365518-3761122,Set,1,3XL
408-0062908-1533103,Set,1,XXL
408-8526679-2215532,kurta,1,L
402-6047176-9766746,Set,1,XS
407-7645968-0329953,kurta,1,6XL
408-6164684-6375517,Ethnic Dress,1,3XL
405-7505747-4832332,Top,1,M
408-1041300-3261135,Set,1,M
405-6363519-6116312,kurta,1,S
171-5343620-2507510,Ethnic Dress,1,XL
402-5698785-7057917,Western Dress,1,XL
403-1259791-1911564,Western Dress,1,M
406-4428832-6317966,Set,1,XS
405-9553604-9256348,kurta,1,M
403-3061596-3252356,Set,1,XL
404-5202800-6166734,kurta,1,S
402-8699516-5262721,Set,1,XXL
406-2167592-2727502,Western Dress,1,L
408-0318131-4587539,Western Dress,1,XL
403-3027802-6385115,Set,1,M
404-9318904-7580353,Set,1,XL
404-9318904-7580353,Set,1,XL
404-8625194-5054733,Set,1,M
404-8625194-5054733,Set,1,M
405-7751053-1462767,Set,1,XL
404-3587103-2945930,kurta,1,XXL
404-3711124-4781158,kurta,1,M
403-4718894-9527568,Set,1,L
404-7355162-1489908,kurta,1,XL
404-7355162-1489908,kurta,1,XL
405-6894696-3720349,kurta,1,S
405-6894696-3720349,Western Dress,1,S
408-0473111-4852364,Set,1,M
408-0473111-4852364,Set,1,S
405-2443958-8413915,Set,1,S
407-9371023-4662765,Set,1,L
404-2578244-9195558,Set,1,S
171-2681423-3367565,kurta,1,XXL
404-9437988-1438732,Set,1,M
406-7693081-9295538,Western Dress,1,XXL
171-7162474-2949126,kurta,1,XS
171-7162474-2949126,kurta,1,L
405-6336548-9029930,kurta,1,4XL
171-6299664-9769158,Set,1,XL
171-6299664-9769158,Set,1,XL
408-7750427-9537901,kurta,1,XL
406-2266051-9813103,Western Dress,1,L
403-1251689-7813124,Western Dress,1,XXL
408-4371959-5785121,Western Dress,1,XL
407-7638355-2217905,Set,1,L
402-6686774-7439515,Set,1,S
404-3598797-4553948,Set,1,S
407-0058224-5823534,Western Dress,1,L
405-3485350-6303521,Set,1,M
408-7920748-3483510,Western Dress,1,XXL
408-2284631-3352303,Set,1,M
405-0598876-1792316,Western Dress,1,XL
403-9955685-6738738,Western Dress,2,XS
403-8339850-4298725,Set,1,L
408-4285507-5361101,Western Dress,1,3XL
408-4285507-5361101,kurta,1,3XL
405-2932165-8663517,Set,1,XXL
405-8008121-3588314,Set,1,M
405-1451435-4999508,Western Dress,1,XS
403-7444266-1361936,Western Dress,1,3XL
404-8070111-4345117,Set,1,M
408-3534972-0785126,kurta,1,3XL
404-5745139-0286721,Western Dress,1,L
404-5745139-0286721,Western Dress,1,M
404-1335223-4053118,kurta,1,XXL
404-1335223-4053118,kurta,1,XXL
404-1335223-4053118,kurta,1,XXL
407-5563005-2801955,kurta,1,XXL
408-4413653-6789928,Western Dress,1,L
403-8505064-4399568,kurta,1,XL
408-3857141-3821939,Set,1,XL
408-6991446-5621150,Top,1,S
171-9068034-2331520,kurta,1,XL
406-8419721-7573142,Top,1,S
408-1684902-2393942,Western Dress,1,L
404-2631644-6125140,kurta,1,3XL
403-6548438-8782741,Ethnic Dress,1,XL
403-6548438-8782741,Western Dress,1,XL
402-7197421-0039535,Western Dress,1,3XL
402-3165611-7027559,Western Dress,1,XL
405-7724014-0945946,Set,1,S
407-0811758-3306727,Set,1,XL
407-6544457-3285107,kurta,1,XXL
405-4356440-3194724,Set,1,XL
405-4251466-8460313,kurta,1,XXL
402-6254495-6629917,Set,1,XL
404-5308431-2535552,Set,1,3XL
404-5308431-2535552,Set,1,3XL
403-1876194-5131531,Set,1,M
403-1876194-5131531,Set,1,S
171-3370081-6379549,kurta,1,XXL
407-8445616-0415530,Western Dress,1,L
407-8445616-0415530,kurta,1,XL
405-8166454-1365907,kurta,1,M
171-7073929-9597904,kurta,1,L
403-6373295-2663564,Set,1,XL
406-6415199-8812355,Set,1,M
171-7543313-1324361,Set,1,S
406-1041004-3698708,kurta,1,XL
404-9199536-4257150,Set,1,L
402-7101471-3713969,Set,1,M
407-6890933-6598757,kurta,1,S
402-0069595-4037115,Western Dress,1,L
407-5409136-6914726,Top,1,S
404-1134005-9098717,Set,1,M
403-6402994-4620312,Set,1,XS
407-1070822-4174766,kurta,1,L
403-9221329-9917957,kurta,1,S
402-1343759-7606731,Set,1,M
405-2369821-3563551,kurta,1,XXL
404-9169468-3204359,Western Dress,1,3XL
405-1109712-3613161,kurta,1,XL
407-5677122-5342735,Western Dress,1,M
407-8413908-5457966,kurta,1,XL
405-9157187-2167556,Set,1,S
405-0071015-5874701,Set,1,XL
404-1398890-0933960,Western Dress,1,S
403-8947712-8736364,Set,1,S
405-5409154-1309923,Set,1,S
405-5281226-7839506,kurta,1,XL
403-7329411-8837906,Western Dress,1,XL
403-5653799-4178743,kurta,1,XS
402-0495254-8382765,kurta,1,M
406-4154667-4757930,kurta,1,L
404-6572266-3169119,Set,1,S
403-2900980-1875514,Set,1,3XL
402-6600003-9312344,Top,1,3XL
406-1132958-0100331,kurta,1,M
406-1132958-0100331,kurta,1,M
407-8572513-5381119,kurta,1,S
407-4963319-9665103,Set,1,XL
402-8198768-4997940,Western Dress,1,XL
408-4095455-9266755,Western Dress,1,L
171-0150174-9724324,Western Dress,1,3XL
407-2059534-0887528,kurta,1,XXL
406-1295693-8122707,kurta,1,S
403-5274176-9841924,Set,1,3XL
171-9222314-5240365,kurta,1,M
171-9166911-0541133,kurta,1,S
403-5686190-2187540,Western Dress,1,L
403-3782569-5597969,kurta,1,L
403-0412139-5154749,Western Dress,1,XL
405-0880724-8694703,kurta,1,XL
406-4132646-8942724,Western Dress,1,3XL
408-9586041-8776362,kurta,1,3XL
171-3872120-9027509,Set,1,XXL
408-9124522-7033910,Set,1,XL
408-0929587-6397152,kurta,1,XXL
408-9198619-3977163,kurta,1,S
402-9399820-8384301,Ethnic Dress,1,3XL
402-8175166-8441159,Western Dress,1,L
403-0163305-8337901,kurta,1,L
402-9657270-4782722,kurta,1,3XL
404-8470738-3538765,Western Dress,1,XL
408-7410474-0414719,Top,1,M
406-4276112-6633901,Blouse,1,S
405-6265176-9837926,Top,1,3XL
406-3078682-3752317,Set,1,XXL
407-0755412-7606753,Set,1,XL
408-9509718-2557925,Set,1,S
406-1766988-1024335,Western Dress,1,XL
403-6668589-0531501,kurta,1,S
408-1539870-8998712,Western Dress,1,XL
406-4301216-9245109,Western Dress,1,3XL
405-4764819-7112307,Set,1,M
408-1529343-1441111,kurta,1,L
408-9746055-9350733,kurta,1,M
408-3791220-6949100,kurta,1,3XL
402-1580462-6254751,Top,1,L
406-8747526-8441168,Set,1,XS
171-2834913-4133911,Set,1,XL
407-1681901-9953906,Western Dress,1,XXL
408-6581746-2025115,kurta,1,M
403-3706764-9237908,Western Dress,1,XXL
171-8867724-3221101,Western Dress,1,L
408-8048387-9661122,Top,1,XL
404-7457762-2939536,kurta,1,XXL
403-2126905-5979556,Western Dress,1,3XL
403-4193617-9495508,Set,1,S
408-4896909-3169166,Set,1,XL
402-8347163-9387524,kurta,1,XL
402-6518180-5409942,Set,1,L
408-7057891-6986769,kurta,1,M
408-8633234-2937954,Western Dress,1,S
408-8299284-6646716,Western Dress,1,S
408-8299284-6646716,kurta,1,S
171-6410205-7457903,Set,1,L
407-6269723-2060345,Set,1,M
407-0178865-9265954,Western Dress,1,3XL
406-5229739-2273925,Set,1,L
406-5288634-0885903,kurta,1,S
408-5596788-1536315,kurta,1,3XL
171-2829274-2072369,Set,1,L
404-1904538-1322754,kurta,1,XXL
408-2924403-8914759,Set,1,S
408-4582176-7141103,kurta,1,3XL
402-0889950-8165137,Western Dress,1,3XL
405-9366984-2137142,kurta,1,L
407-6350083-7157959,kurta,1,XL
405-4949869-9217102,kurta,1,XL
403-7435053-2704315,Top,1,M
405-1973944-8816325,kurta,1,M
404-8254588-6086747,kurta,1,XL
402-5428316-9200315,Western Dress,1,L
406-8116400-8760327,Set,1,XL
406-8116400-8760327,kurta,1,XL
405-6416248-8407523,kurta,1,XL
403-0216945-7332354,Top,1,XL
408-5409618-0970703,Top,1,L
171-4070488-7382749,Top,1,M
171-0583316-2406747,Set,1,3XL
405-7414052-9318756,kurta,1,XL
404-9783111-4669929,Western Dress,1,3XL
406-8349146-7463558,Western Dress,1,L
171-0536683-4152366,Set,1,M
408-9925983-0782711,kurta,1,L
404-4467671-3820312,Set,1,XL
406-4466387-2047511,kurta,1,XXL
404-9203572-3012344,Set,1,M
406-1204334-8090752,Set,1,XL
406-1146344-6256313,kurta,1,6XL
403-6837618-2115546,Set,1,L
404-3668130-6131535,Western Dress,1,M
402-6528980-1221140,kurta,1,M
405-9933127-5766728,Set,1,M
402-7957062-7594719,Set,1,XL
408-7983662-9072324,kurta,1,XL
406-8971252-8257907,kurta,1,3XL
405-4599148-3961106,Western Dress,1,XXL
403-0781949-0433145,Set,1,S
403-4545087-3426733,kurta,1,XL
405-0863793-5096316,Western Dress,1,XL
403-6032737-8373148,kurta,1,XS
171-2948566-5383562,Set,1,S
407-2314973-8866747,Western Dress,1,XL
404-1029241-7785969,kurta,1,XS
407-1879807-1975536,kurta,1,L
408-6138932-9408323,Set,1,M
407-0744922-2708331,kurta,1,M
402-0438788-7007545,Set,1,XS
406-3287685-8211512,Top,1,XS
402-2080204-3266719,Set,1,XS
403-0761470-4378741,Set,1,M
404-0968135-5709969,Western Dress,1,M
402-8969925-0233949,kurta,1,6XL
402-2510625-5621921,Set,1,L
404-4419103-2900309,kurta,1,6XL
402-3318120-4717968,Set,1,M
402-3318120-4717968,Set,1,M
171-2257981-2146752,Set,1,XXL
171-5430389-6526739,kurta,1,XL
408-7961634-5146754,Top,1,M
406-7596057-9161162,Set,1,M
408-9618530-9338753,Set,1,M
403-8036940-6800334,kurta,1,XL
403-7810408-8819506,kurta,1,M
407-8377367-6953956,kurta,1,6XL
407-8377367-6953956,kurta,1,6XL
408-8765163-6278703,Western Dress,1,XL
407-6732514-7900305,Set,1,XS
408-5341587-7880357,Western Dress,1,XXL
407-8861599-7481947,kurta,1,XXL
407-0809437-8705924,kurta,1,XXL
407-5594091-6459507,Top,1,L
405-4483547-4797155,kurta,1,3XL
403-6355982-8899564,kurta,1,XL
403-6355982-8899564,kurta,1,XL
406-8593117-5485150,kurta,1,XL
406-7698488-5750703,Top,1,L
402-9191109-4999555,Set,1,S
404-4519896-7628350,Western Dress,1,3XL
403-8409660-6249948,Top,1,3XL
404-6708067-2528319,Ethnic Dress,1,XL
404-6708067-2528319,Western Dress,1,XL
404-6708067-2528319,Western Dress,1,XL
404-8359034-4485145,Western Dress,1,M
407-8190737-8909126,Set,1,S
402-5425678-7821947,kurta,1,XXL
406-8830127-8477917,kurta,1,XL
403-1898090-8245923,Top,1,XS
408-5281117-0842728,kurta,1,M
407-0390961-1727532,kurta,1,XXL
408-8530276-3963551,Set,1,XL
404-9979883-7992311,Set,1,S
407-6936627-6032327,Western Dress,1,XL
403-2848419-6676320,Set,1,XL
402-4006823-6516353,Western Dress,1,XL
407-0797552-4470756,kurta,1,M
407-6787316-0349126,Western Dress,1,XXL
405-4675394-2225150,Set,1,L
402-3342162-8864305,Set,1,XL
402-6864041-6983550,kurta,1,L
407-6006970-5757930,kurta,1,6XL
408-3581836-4678743,Set,1,XL
171-7922005-4813161,kurta,1,3XL
403-4561232-5834708,Western Dress,1,XXL
407-4476703-5575556,Western Dress,1,XL
403-2542211-4764359,kurta,1,M
407-5982094-5152303,kurta,1,M
403-5502321-2385952,Set,1,XL
408-8267756-6788313,Set,1,M
403-8846795-1535552,kurta,1,XL
402-5950465-0531568,Western Dress,1,L
408-8323471-7380311,Set,1,XL
171-6601929-7105148,kurta,1,XL
408-4357245-4134741,Set,1,L
171-2121819-1856330,Set,1,S
171-6754523-5972316,Set,1,XS
402-1105496-8248315,kurta,1,L
404-9884088-0127503,Western Dress,1,L
403-3659883-0353121,Set,1,S
403-2100235-9672338,kurta,1,M
406-5155799-1596349,Set,1,XS
406-3732635-2712366,Set,1,S
171-8332552-7677109,kurta,1,3XL
171-8332552-7677109,Western Dress,1,3XL
403-4264329-2595568,Set,1,XXL
402-4824016-3784313,Set,1,S
404-3777596-2213159,Top,1,XXL
404-3395864-3110738,Set,1,XL
403-4142851-2043569,Western Dress,1,M
403-2618529-9765958,Western Dress,1,XS
407-5895511-4853901,kurta,1,M
407-2787609-9176352,Western Dress,1,S
406-3732336-6137166,Set,1,L
404-1935071-1217127,kurta,1,M
407-4723979-8633154,Set,1,M
407-1633603-6601103,Top,1,XL
406-0490037-4487527,Western Dress,1,XS
403-2758157-4596301,Western Dress,1,XL
405-1518094-8122700,Western Dress,1,XL
405-3136547-0920341,Western Dress,1,M
405-2399377-8604341,kurta,1,XXL
408-8845512-9169932,Set,1,M
407-9016079-0697908,Western Dress,1,M
408-3572173-5299542,Western Dress,1,L
403-8390486-6431524,kurta,1,6XL
406-7408026-5897169,Set,1,L
405-6838562-7008357,Set,1,S
407-5465527-9143532,Set,1,XXL
171-8952464-1745163,Western Dress,1,M
403-9506501-9845957,Set,1,S
402-0415895-5277116,Set,1,S
402-4082543-1959537,Set,1,S
404-6952866-1654763,Top,1,M
407-1836333-2572365,Western Dress,1,3XL
404-4619173-9968343,Top,1,S
403-4909885-0849902,Set,1,XXL
402-3720582-9237912,Western Dress,1,M
405-0606224-3442742,Top,1,L
404-4809383-3363526,Western Dress,1,L
403-1230062-5037959,Set,1,XL
402-4171275-3074766,Set,1,XL
406-2073623-1301920,Set,1,M
407-8675974-4001952,Western Dress,1,XL
171-3651255-1927554,Western Dress,1,L
404-2560040-7841954,kurta,1,XXL
171-8744777-7636320,Set,1,S
403-6668832-6800365,kurta,1,L
406-0318054-5874709,Western Dress,1,XS
402-6122940-0641154,Set,1,XXL
171-1473912-0236308,Set,1,XXL
404-0209045-0802735,Set,1,XL
405-8056294-5467555,Set,1,XS
406-4076957-1518756,Western Dress,1,M
171-5546918-6878716,Western Dress,1,XXL
407-4566477-5665158,kurta,1,XL
405-0152222-5419523,kurta,1,L
406-9427426-9553115,Western Dress,1,L
171-8956716-4108345,kurta,1,XS
407-0441510-4322719,Western Dress,1,3XL
408-4654835-6535543,kurta,1,XL
408-7256543-0733957,Set,1,M
407-5333418-9217143,kurta,1,L
404-3043197-7495543,Set,1,S
408-1514350-4451538,Set,1,XXL
403-8280239-1062750,Western Dress,1,M
403-1370998-2506737,Set,1,M
171-4810981-3759537,Set,1,XL
171-5175611-8452330,kurta,1,S
171-5175611-8452330,kurta,1,S
171-5175611-8452330,kurta,1,S
404-9163529-8392365,kurta,1,M
408-5325072-9781100,Western Dress,1,L
406-1215516-0177110,kurta,1,XL
406-1215516-0177110,kurta,1,XL
406-1215516-0177110,kurta,1,XL
408-0470249-6442742,Set,1,S
402-2408993-6148358,Western Dress,1,XL
405-2138412-1474765,Set,1,M
404-3168145-7007517,Set,1,S
407-4042604-1917966,Set,1,S
404-4987638-8243533,Set,1,S
408-8841163-5237134,kurta,1,XXL
408-8841163-5237134,kurta,1,XXL
406-2810837-0862735,kurta,1,XL
408-8112364-3748327,Western Dress,1,M
403-1165523-9793148,Set,1,M
171-0425525-0145906,Set,1,XL
408-2535736-6777127,Western Dress,1,XL
407-4683912-3972337,Blouse,1,Free
406-2205199-2133161,Set,1,XXL
403-5091259-7644343,Top,1,M
405-2679642-7536328,Western Dress,1,M
406-4339672-4371556,Western Dress,1,XL
171-6190511-9789965,Set,1,3XL
405-6906287-5064324,Western Dress,1,L
407-2637799-2040339,Set,1,M
406-5562103-6536341,kurta,1,L
406-5562103-6536341,kurta,1,M
402-3666084-4577100,kurta,1,XL
403-1949990-5609904,Set,1,XS
408-1006876-6460348,Western Dress,1,M
407-8482607-2862726,Top,1,S
405-4964812-6288368,kurta,1,3XL
171-2214980-1354755,Western Dress,1,XL
171-2214980-1354755,Western Dress,1,XL
408-8962420-2343559,kurta,1,XXL
405-8576152-3210703,Western Dress,1,XXL
406-5214183-3001163,Set,1,XXL
404-7998206-8138755,Set,1,XXL
404-3591876-3143547,kurta,1,XXL
406-9731293-1739539,kurta,1,6XL
407-1870168-7520323,Top,1,XL
404-2163770-6657145,Set,1,XS
405-1364508-1266752,Set,1,3XL
402-1709477-2999522,Western Dress,1,L
406-1500526-1153911,Set,1,S
171-9307266-2875533,kurta,1,L
407-8051755-1409948,Western Dress,1,3XL
402-0755100-4613961,Set,1,M
408-8542447-5364310,Top,1,L
408-7711385-6674729,Set,1,XXL
407-2339108-0891508,kurta,1,XXL
171-2534223-0829137,Western Dress,1,XXL
407-7717792-8653901,kurta,1,3XL
405-7843464-1301946,Western Dress,1,M
408-4800722-5438737,Set,1,XXL
402-2808579-1697143,Set,2,L
402-9889233-5200362,kurta,1,XXL
402-6616228-0047554,Western Dress,1,XL
403-0181757-7989160,Set,1,L
403-0038054-3485103,Western Dress,1,S
402-0162834-8613147,Set,1,XS
402-5778849-0250743,Set,1,3XL
407-4911733-6911555,Set,1,S
171-3545408-5059506,Set,1,L
407-9779396-8321916,kurta,1,XXL
407-6007708-4343520,Top,1,S
171-8124560-0169943,kurta,1,XL
407-2601824-0968303,Western Dress,1,L
171-6639554-3789917,kurta,1,L
404-8474409-6147506,Set,1,XL
408-4344837-0061124,kurta,1,S
404-1251784-5753907,Set,1,M
408-0581578-9289160,Top,1,L
407-0111102-1829176,Top,1,L
407-1811991-0392355,Set,1,XS
404-8790590-8605952,kurta,1,3XL
407-1789284-5376328,Set,1,S
408-9490830-1478735,kurta,1,XS
403-7284635-7904340,Western Dress,1,M
408-8460080-5137124,Western Dress,1,M
171-8952114-4898735,Western Dress,1,XXL
171-8952114-4898735,Western Dress,1,3XL
402-2941221-2336328,kurta,1,S
402-1161790-9045120,kurta,1,M
406-0616704-1196331,Set,1,XL
404-3057029-2093100,Set,1,S
407-5266186-3391566,Set,1,XL
405-2148703-6053109,kurta,1,3XL
404-6971834-7277146,Top,1,L
171-6892351-9992300,kurta,1,6XL
405-1716649-9620300,Set,1,XS
405-4378244-6958726,kurta,1,XL
405-7514363-7601947,Top,1,XXL
402-3108926-0632310,Western Dress,1,M
405-5238670-1098760,kurta,1,4XL
404-7185977-4837111,kurta,1,3XL
404-7185977-4837111,kurta,1,3XL
404-7877812-6277953,Set,1,XL
408-6252924-6311523,Set,1,M
402-1985223-9531563,kurta,1,L
405-1432780-0058702,Western Dress,1,L
406-1233604-7852313,Set,1,S
406-0563916-3057960,Set,1,S
404-4055487-8125105,Western Dress,1,XL
406-9436365-9624358,Set,1,L
406-7472340-5981936,Set,1,S
171-4354767-1850714,kurta,1,XXL
171-0042571-2926720,kurta,1,3XL
403-5313231-9077926,Set,1,M
405-2896580-8554718,Set,1,S
404-5044634-3312315,kurta,1,XXL
402-6996976-6943535,Set,1,XXL
408-8548935-9668369,kurta,1,M
406-6569970-3841144,kurta,1,M
405-9639620-9201122,Set,1,XXL
402-3385242-7628351,Set,1,S
408-8158548-1137918,Western Dress,1,M
403-1670128-7873132,Set,1,3XL
408-0773300-5800315,Western Dress,1,L
402-9138504-1996319,Set,1,M
402-9138504-1996319,Set,1,M
405-8750729-9639562,Ethnic Dress,1,L
402-0616139-3201965,Set,1,L
404-9351234-4254720,Top,1,XL
402-8717665-7766710,kurta,1,XXL
406-0847289-2733107,Top,1,L
406-0126156-9692319,Western Dress,1,L
404-3352793-6603523,kurta,1,L
171-1307713-0575526,Bottom,1,3XL
171-0091987-0137115,Set,1,S
408-5127445-7996310,Set,1,M
406-2708624-7155558,Set,1,L
171-3562279-4815527,Set,1,L
171-2844996-8938758,kurta,1,XXL
171-2844996-8938758,kurta,1,XXL
404-5569705-8389967,kurta,1,XXL
407-9807088-4027500,kurta,1,M
407-9807088-4027500,kurta,1,M
404-5904962-2599527,Western Dress,1,XL
171-5420241-5751551,kurta,1,L
408-0691556-8266743,kurta,1,M
407-9209355-8320334,Western Dress,1,L
407-9209355-8320334,Western Dress,1,L
407-9209355-8320334,kurta,1,L
403-1805665-2725106,Western Dress,1,L
402-4832950-3339519,Top,1,S
406-7943404-7769932,kurta,1,XL
403-6749107-4946706,Set,1,M
171-8797602-8270764,Top,1,M
404-8260056-4375558,kurta,1,XXL
402-5271166-1585153,kurta,1,XL
403-9021097-2359516,Top,1,XS
404-9521344-6418722,Set,1,L
405-4907084-7338768,Set,1,XXL
406-5358187-5203558,Set,1,XL
405-5454366-4217942,Blouse,1,S
404-1236715-7424354,kurta,1,XL
402-6596556-2037903,kurta,1,XL
405-0194296-7115550,Set,1,S
405-9176624-0394714,Set,1,XXL
406-8523362-7754760,Western Dress,1,XXL
402-3129518-5333115,Set,1,XL
405-6625304-2807547,Set,1,M
403-3857813-3916338,Set,1,XL
408-2704765-2315519,Top,1,XXL
405-4955533-8432368,Set,1,XXL
404-8342795-9295535,Set,1,M
407-2204372-1150711,Set,1,XL
405-4236715-4367554,Set,1,XS
402-8774544-8285961,Set,1,XS
408-0649553-0337144,Western Dress,1,L
402-2254532-6016368,Western Dress,1,XXL
407-0375021-2579515,Western Dress,1,XXL
403-6589561-4048300,Set,1,M
403-6589561-4048300,Set,1,M
402-0060101-7741135,Top,1,XL
403-0434603-8140324,Set,1,XL
406-2325139-2525946,Set,1,XXL
406-2325139-2525946,kurta,1,XXL
171-1099161-3569112,Top,1,M
403-2781946-0273144,Top,1,M
408-5339485-9931554,kurta,1,S
408-0466936-6451527,Set,1,L
171-3246073-0622704,Set,1,S
405-0838493-9413119,Set,1,L
406-0242026-8808368,Set,1,3XL
408-5614983-7990734,kurta,1,XS
402-0636124-9343568,Western Dress,1,3XL
407-7905200-5249917,Set,1,S
403-0577166-0045148,kurta,1,XXL
402-3404108-9553922,kurta,1,M
402-3404108-9553922,kurta,1,L
404-5571888-9049153,Set,1,M
407-7278539-7733104,Western Dress,1,L
402-3179429-1888331,Set,1,M
402-5569398-0813137,kurta,1,XS
403-6430155-8560368,kurta,1,M
407-7358289-3938742,kurta,1,M
404-9195836-0015549,Top,1,S
406-3431656-7093947,Set,1,3XL
408-5645142-2269117,Set,1,XXL
408-6041786-0342756,kurta,1,3XL
403-4047131-7793951,kurta,1,XXL
403-3097889-8685120,kurta,1,M
404-8104908-9125125,Set,1,XXL
404-9367860-6161107,kurta,1,XXL
403-1983599-3851513,kurta,1,M
408-8829955-6131539,Top,1,L
404-1154465-8669166,Bottom,1,XXL
408-1475176-6294720,kurta,1,M
171-2712894-3255513,Set,1,XXL
407-6563145-5748350,kurta,1,3XL
405-3320108-9208301,Set,1,M
402-5590767-4723503,Western Dress,1,XL
171-2558971-0496346,Western Dress,1,XXL
171-7528806-4157131,kurta,1,M
406-7696683-6725127,Set,1,M
403-9098840-9252337,Set,1,3XL
406-6348022-1549168,Top,1,3XL
405-1937903-1236314,Set,1,S
403-6953148-9621136,Western Dress,1,XXL
403-6953148-9621136,Western Dress,1,XXL
407-2124842-4377900,Set,1,S
171-9574580-6136334,Set,1,L
171-9574580-6136334,Set,1,L
407-4224536-7779531,Set,1,S
402-0017577-2749928,Set,1,L
171-4119869-5056329,kurta,1,S
405-0263871-4269140,kurta,1,XL
407-5662591-2251560,kurta,1,3XL
407-4969072-1705134,Set,1,XL
171-5763601-9728309,Western Dress,1,3XL
408-2821102-3013141,Set,1,XXL
403-1098130-5391539,Western Dress,1,L
408-5134517-0154765,Set,1,XXL
408-3405518-8472318,Set,1,XL
408-4807452-1132342,Top,1,XXL
405-5087071-2716316,Set,1,XXL
402-3547820-3608325,Set,1,M
406-5807465-8386701,Western Dress,1,XL
407-5315447-3185165,Western Dress,1,L
402-7797456-4667516,kurta,1,L
402-7797456-4667516,kurta,1,S
405-8121917-2121129,kurta,1,XL
407-4959617-6819542,kurta,1,3XL
406-3433936-4770717,Set,1,XL
408-9321668-9421963,kurta,1,4XL
407-3789334-7761954,Set,1,L
405-6120282-0938712,Set,1,XL
407-9503118-8987560,kurta,1,3XL
404-5109896-0989927,Western Dress,1,XXL
407-8047624-0677143,kurta,1,XL
407-8047624-0677143,Ethnic Dress,1,XL
404-1678189-0732363,kurta,1,S
403-1274730-7573167,Set,1,3XL
405-9765535-1342712,Set,1,3XL
403-9757265-8195504,Western Dress,1,XL
404-1439329-6924329,kurta,1,XL
407-2680985-8921107,Set,1,M
402-2703620-7315553,kurta,1,L
402-2703620-7315553,kurta,1,M
402-2703620-7315553,kurta,1,L
402-2703620-7315553,kurta,1,M
407-4649923-8892327,Set,1,L
406-0502002-4564361,Western Dress,1,L
408-7162207-3293104,Western Dress,1,XL
405-7520086-9941907,Set,1,S
403-2522751-8473940,kurta,1,4XL
402-0125093-5251535,kurta,1,L
404-8283262-9971553,Set,1,S
402-0977614-2144319,kurta,1,M
402-0977614-2144319,Set,1,M
408-5798875-3445922,kurta,1,3XL
408-0986881-6172356,kurta,1,M
403-8881035-4065931,kurta,1,XXL
403-1164690-4386707,kurta,1,3XL
404-4949794-9308330,Set,1,M
171-3999984-1049955,Set,1,XL
402-4627834-2438729,Top,1,M
402-4627834-2438729,Top,1,L
402-2659026-6620356,kurta,1,L
407-1011295-8933955,Set,1,XL
406-1838062-3107526,Set,1,S
405-5642342-4388343,Set,1,3XL
406-8984466-2176327,kurta,1,XL
407-0447657-9930727,Western Dress,1,M
408-2891457-4821944,kurta,1,6XL
405-0349793-0145148,Set,1,M
171-1858819-3513966,Set,1,3XL
402-2079806-9047511,kurta,1,S
402-2079806-9047511,Western Dress,1,S
408-0192065-0250743,kurta,1,XXL
405-5156848-2710743,kurta,1,3XL
403-3238503-6981936,kurta,1,XS
402-0508265-2232352,kurta,1,XXL
404-8670048-2345964,Set,1,XXL
406-5460988-1678765,kurta,1,XXL
405-5890570-0226750,kurta,1,S
402-5213744-0311536,Set,1,XS
407-7014853-7632301,Western Dress,1,XXL
406-7326863-5725164,kurta,1,6XL
407-0010059-8714775,Set,1,XXL
405-1233853-8472361,kurta,1,XL
403-8816387-8531539,Set,1,XL
407-2718202-0567528,Set,1,S
404-8844966-9178729,kurta,1,3XL
407-2424027-9328349,Western Dress,1,L
402-5414966-9392325,kurta,1,XL
407-6324697-1133143,Western Dress,1,3XL
404-6630573-2805138,kurta,1,3XL
408-2758006-9534756,kurta,1,L
402-2914022-4033166,Western Dress,1,XL
407-2414760-0429931,kurta,1,M
407-1738930-7519559,Blouse,1,S
403-5602088-7418733,kurta,1,L
403-5602088-7418733,kurta,1,L
405-2137336-4887519,kurta,1,M
406-0882694-7456321,Western Dress,1,L
404-4150270-1662764,Set,1,L
403-4920310-4195551,Set,1,S
408-8331798-8326768,kurta,1,XXL
171-8116473-8703521,Set,1,L
406-5178157-5109110,kurta,1,XXL
404-0602227-4349112,kurta,1,4XL
408-1699140-0443529,Set,1,M
171-5105300-5558720,kurta,1,3XL
403-2120557-0085940,Set,1,L
171-2881576-9834713,kurta,1,XXL
403-9028998-4903529,kurta,1,L
403-9028998-4903529,Western Dress,1,L
407-2178687-3067563,kurta,1,XXL
408-5542062-6236306,Set,1,S
405-1739522-1967530,Set,1,XL
408-1378601-3061108,Set,1,S
402-6546771-0348331,kurta,1,3XL
171-3349225-0800320,Set,1,S
405-9586490-0376313,Set,1,S
171-0584443-2421949,kurta,1,M
404-7178086-9649140,Western Dress,1,XXL
405-3388491-3141105,kurta,1,XL
171-9238001-8495503,Set,1,3XL
406-9325055-5790753,Set,1,XL
406-0872392-0503525,Western Dress,1,L
405-6111525-3133111,Set,1,3XL
402-8502628-5853165,kurta,1,XS
408-4856785-7344327,kurta,1,L
402-0734355-8941957,Set,1,L
404-5789676-9323568,Set,1,XL
402-9011368-8082751,Set,1,XL
404-3893214-1710761,Top,1,M
404-1216236-4601107,Ethnic Dress,1,L
407-5700221-8065109,kurta,1,L
404-1436916-4813933,kurta,1,XL
403-1831285-5702749,Set,1,S
406-3357233-4893158,Western Dress,1,3XL
406-1532420-2327549,kurta,1,L
406-1532420-2327549,kurta,1,L
402-9168867-7678766,kurta,1,XL
406-9047738-9326716,Set,1,M
403-8649983-9792331,Set,1,XL
404-9938734-6891549,Set,1,3XL
403-5366568-5318731,kurta,1,3XL
408-4043094-0447552,Set,1,XL
408-8587956-4093140,Western Dress,1,3XL
403-8710624-1121934,Top,1,M
405-7128857-7894728,Set,1,XS
403-5452701-7817141,kurta,1,XL
405-4410985-9908326,kurta,1,M
405-4410985-9908326,kurta,1,M
404-6434815-8891551,Set,1,S
407-2883233-2581933,Western Dress,1,XXL
402-0586872-1297915,kurta,1,L
408-5781891-6204329,kurta,1,M
402-2496895-3038734,Set,1,S
171-6539565-5463561,Western Dress,1,XXL
171-7351807-5877144,kurta,1,L
171-7351807-5877144,kurta,1,L
171-7351807-5877144,kurta,1,L
408-9222228-7215523,kurta,1,XL
407-6725041-8575521,Western Dress,1,M
406-2261308-1643556,Top,1,L
405-9598764-6877950,Set,1,M
403-9390921-0845936,Set,1,XL
408-6155228-8973961,Set,1,3XL
406-6920899-8347566,Top,1,XXL
404-6372280-2809161,Set,1,3XL
171-3400038-7425102,Set,1,M
406-5704534-7459561,Top,1,XL
408-2477026-1740311,kurta,1,M
407-2578061-8586742,Set,1,XL
406-2790457-2117114,Western Dress,1,L
405-4263755-8391555,Set,1,3XL
404-4356635-5888369,Set,1,S
405-5550107-5924360,kurta,1,M
402-7255349-3091540,kurta,1,M
171-9219498-8350715,kurta,1,L
404-2782953-5627509,kurta,1,3XL
407-6637689-4187506,Western Dress,1,XL
407-9054817-8751515,Western Dress,1,3XL
171-3354929-8555524,Set,1,M
407-2894041-0617909,Set,1,M
171-6527034-2565928,Set,1,M
402-0356591-1676332,kurta,1,L
403-3027375-7787561,Set,1,XS
406-8015560-0004315,kurta,1,XL
402-3529981-5233162,Set,1,3XL
405-1317566-4510741,Set,1,S
407-3017507-7514715,kurta,1,XXL
405-2348892-6393135,Set,1,XL
402-0947039-8098767,Set,1,M
407-1097341-4743524,Set,1,M
171-7431042-4825125,kurta,1,3XL
405-0230437-1796379,kurta,1,XL
406-2242637-9032311,Western Dress,1,S
402-8089552-7330701,Set,1,XL
403-5847868-0345109,Set,1,S
171-7383023-0528301,kurta,1,L
403-8808226-0287518,Top,1,S
402-7330292-7758749,Top,1,L
407-1136609-3656360,kurta,1,3XL
406-2676371-9573918,Top,1,L
405-6280622-3358732,Top,1,3XL
408-1907876-8719547,kurta,1,5XL
406-5993087-0537907,Western Dress,1,3XL
402-1146130-0895538,kurta,1,XL
402-1146130-0895538,kurta,1,L
403-7256230-9049960,Set,1,3XL
408-8764756-2032319,Set,1,XS
404-1275492-6381107,Set,1,M
403-8637146-2577920,Top,1,3XL
402-7800537-6113112,kurta,1,XS
402-7800537-6113112,kurta,1,XS
406-8559245-5873161,Set,1,M
402-3027398-1764338,kurta,1,XL
405-9649808-2781949,Set,1,M
171-0269051-7909128,kurta,1,XXL
171-0269051-7909128,kurta,1,XXL
408-5807021-0223566,Blouse,1,S
408-7484668-2856314,kurta,1,5XL
402-0527602-0897905,Western Dress,1,L
407-1013617-9269146,Set,1,3XL
407-1013617-9269146,Set,1,3XL
407-0445011-5159528,Set,1,M
402-8877345-7725928,Set,1,M
171-7013842-4369136,Set,1,M
404-1596677-8661935,Set,1,XL
402-9491683-4085909,Western Dress,1,L
403-7906055-3949969,Set,1,S
406-9306166-5533123,Western Dress,1,L
171-5868305-9545902,kurta,1,XS
405-4413483-8166762,kurta,1,XL
171-2206522-6500362,kurta,1,3XL
405-7721773-7963543,Top,1,XL
403-7289192-6287567,Top,1,XL
407-8024667-0946722,kurta,1,3XL
403-3020212-0662757,Western Dress,1,M
405-3150754-8526728,Top,1,XXL
404-0409110-7120366,kurta,1,M
404-9546719-1868314,Top,1,XL
407-9703888-2634723,kurta,1,XL
405-5291030-2080307,kurta,1,M
405-5291030-2080307,Set,1,M
171-5500680-3661125,Western Dress,1,L
408-2937012-9887522,Set,1,M
406-8565860-5865936,Set,1,S
408-1112842-3581145,Western Dress,1,XXL
404-6210589-9331523,Top,1,XL
404-7283762-3678708,kurta,1,6XL
405-0138843-8145106,Set,1,XS
402-3478454-8690703,Western Dress,1,XS
408-5312609-8985123,Top,1,S
408-7338293-9101140,Western Dress,1,XL
171-0144277-9139545,Western Dress,1,M
404-3828255-4895567,Western Dress,1,XXL
404-1961327-4866714,Set,1,XL
171-1579769-1152313,Western Dress,1,S
404-1446455-7251524,kurta,1,6XL
404-1532985-9987560,kurta,1,L
404-9349210-9061922,kurta,1,XL
404-9349210-9061922,Western Dress,1,XL
405-7833392-7798742,Set,1,XS
171-7256138-3558707,Set,1,XL
171-3550414-7631531,Top,1,3XL
402-5216091-4079558,kurta,1,S
171-5770919-5311522,Western Dress,1,M
171-8462729-3588311,Set,1,XL
408-1491960-2928355,Set,1,S
403-7132829-2857162,Western Dress,1,XL
405-0058231-0009951,kurta,1,XXL
404-3199701-0996344,Western Dress,2,L
403-1539849-9521931,Western Dress,1,XL
408-1641403-7417920,Western Dress,1,S
171-5417047-0837945,kurta,1,L
405-8020656-7159555,kurta,1,XS
404-3842578-6877961,Western Dress,1,M
171-8727763-6081159,Western Dress,1,3XL
407-3367020-6277949,kurta,1,XXL
405-3646155-0652307,Set,1,S
404-6383906-7553154,kurta,1,3XL
404-5000235-9904303,kurta,1,3XL
402-9080785-0530758,Set,1,XXL
408-3884762-7031551,Western Dress,1,L
407-7559398-8838724,Set,1,M
404-0046446-7860331,Set,1,XL
408-0476170-2993928,kurta,1,S
404-5512154-4215569,Set,1,3XL
406-3686141-1898758,Set,1,L
408-2109845-3685105,Blouse,1,XXL
404-3261566-3712304,Top,1,M
403-7040265-5811525,Set,1,L
171-7150811-3233909,Set,1,M
406-7253886-7655534,Set,1,XL
402-8222164-6285169,kurta,1,S
171-3354315-6851567,Top,1,XL
407-6427060-8880329,Set,1,S
403-6241879-0300356,kurta,1,XXL
402-4375357-5691533,Set,1,XS
406-9936901-0736368,kurta,1,3XL
406-3574462-2273901,Western Dress,1,M
402-8942599-2434714,Western Dress,1,3XL
406-1430292-8186711,Set,1,XL
402-9765450-1019563,Set,1,XL
404-3285460-2207568,Western Dress,1,M
402-5155109-0162734,kurta,1,XXL
405-0517719-8841957,Set,1,S
404-9028082-2274742,Ethnic Dress,1,M
402-9764780-2245930,Western Dress,1,XL
171-9368643-4137150,Set,1,XS
406-9262399-2891562,Set,1,XS
408-9604475-8505168,kurta,1,S
407-9273415-3847564,Western Dress,1,M
403-7088628-5419505,Western Dress,1,S
171-2011255-6247557,kurta,1,3XL
408-0943806-4586738,Western Dress,1,XXL
406-9613664-8820366,Set,1,XXL
407-6231491-4513161,Set,1,M
407-9437963-3330730,kurta,1,XL
407-6973695-7155506,Set,1,M
171-2211129-9193126,Blouse,1,Free
404-1057265-4579514,Top,1,L
405-4152987-9222765,kurta,1,M
402-6652433-9261162,Western Dress,1,M
171-3053327-9997160,Set,1,XS
406-8702230-0038740,Top,1,S
406-3955867-2137961,Western Dress,1,L
171-3606399-9763560,Set,1,S
404-9245117-9105942,Set,1,XXL
403-0094016-5991574,kurta,1,S
405-7733016-0049944,Western Dress,1,XXL
403-5397179-8995521,Set,1,M
171-9601278-3433920,Top,1,XXL
406-0511143-0279504,Set,1,XL
405-9570632-3973165,kurta,1,3XL
408-6077342-2490732,Western Dress,1,L
408-2727245-2081135,Set,1,3XL
171-9677427-9157918,kurta,1,XL
171-9677427-9157918,kurta,1,XL
408-0563284-5854730,kurta,1,S
406-3983123-8960329,Top,1,S
407-3060755-4114714,Set,1,M
408-1443229-4852327,Top,1,XS
405-9602119-2887552,kurta,1,S
406-9733397-5716366,Set,1,M
407-1915028-9518769,Set,1,XL
402-8749248-2861103,kurta,1,XL
171-1965254-6471545,Western Dress,1,L
405-0188451-9263559,Western Dress,1,S
408-9100805-2486748,kurta,1,L
408-0993388-5523547,Set,1,3XL
402-8839215-4598727,Set,1,XL
404-4225843-9025151,kurta,1,L
402-2140445-9659540,Set,1,L
408-4775968-3920307,Top,1,3XL
404-5708890-4662706,Western Dress,1,XXL
402-9839161-5329945,Set,1,L
403-7710582-2987530,kurta,1,S
403-7710582-2987530,kurta,1,S
404-8565388-9045945,Set,1,M
403-4937003-1417948,Western Dress,1,XL
404-1161663-9071531,kurta,1,XXL
407-2471709-9346730,Set,1,L
403-4610929-9469926,kurta,1,3XL
407-4204372-2573967,kurta,1,L
171-2655239-4921953,Set,1,3XL
408-9378368-3488359,kurta,1,3XL
404-0338616-5244321,kurta,1,S
406-1824062-3464361,Western Dress,1,M
408-3186365-1832354,kurta,1,6XL
405-1837325-8321937,kurta,1,3XL
406-9345295-6918758,Bottom,1,XXL
405-1822460-3397914,Set,1,L
405-3229809-8117954,kurta,1,XS
404-0185464-1514724,kurta,1,6XL
404-0185464-1514724,kurta,1,6XL
171-2182549-6491525,Top,1,XXL
404-1893839-1341112,kurta,1,M
404-1893839-1341112,kurta,1,L
404-1893839-1341112,kurta,1,M
407-4321182-2277923,Top,1,L
404-9379357-7680352,Set,1,L
402-8942452-0675552,Top,1,M
408-0968449-9589914,Western Dress,1,3XL
402-7840778-2771553,Set,1,S
404-1483869-1160358,kurta,1,5XL
407-5612860-4205967,Set,1,XL
408-1821476-2261147,Top,1,3XL
406-7023586-6620310,Western Dress,1,XL
404-5732350-4725930,Set,1,L
404-5732350-4725930,Set,1,L
404-5546320-9651567,kurta,1,XXL
171-7923807-5240332,kurta,1,XL
171-7923807-5240332,kurta,1,XXL
405-4869150-7460333,kurta,1,L
406-4404805-0959511,Set,1,3XL
404-6039091-6200324,Set,1,M
404-6039091-6200324,Set,1,M
408-5427017-7941126,Set,1,S
405-9985172-2387535,Set,1,M
407-1324506-7717915,kurta,1,XL
407-1324506-7717915,kurta,1,XL
171-7268199-5717900,kurta,1,L
171-6010319-1404358,Set,1,L
408-1675974-7563538,kurta,1,M
408-1675974-7563538,kurta,1,M
406-2800939-6210732,kurta,1,4XL
406-7385805-5076352,Set,1,XXL
406-2183667-8445156,Western Dress,1,XL
171-5377173-0689947,kurta,1,XL
406-6361940-3102757,Western Dress,1,XL
408-0851398-4684345,Set,1,M
402-3479498-9953108,Set,1,S
407-4831861-3426757,kurta,1,S
403-1722104-5483520,Set,1,XL
402-1073830-6281134,Top,1,XXL
406-4990719-2752306,Top,1,XL
407-3984560-6911527,Set,1,XS
403-7717251-2138764,Western Dress,1,3XL
404-6727190-4789143,kurta,1,XXL
404-6727190-4789143,kurta,1,3XL
404-6727190-4789143,kurta,1,3XL
406-2054489-4180300,Set,1,XS
405-7487170-2821912,kurta,1,S
407-3617953-4325944,Set,1,XS
406-9057519-9673932,kurta,1,XXL
406-3219749-0035550,Set,1,3XL
405-0027101-4779530,Set,1,XL
402-5413622-0428338,Top,1,L
404-0219586-5667569,kurta,1,6XL
406-8902286-7838712,Set,1,3XL
408-9104567-6407536,Set,1,3XL
408-9104567-6407536,kurta,1,3XL
408-9104567-6407536,kurta,1,3XL
405-2160211-7501924,Western Dress,1,L
405-3981520-0853131,Western Dress,1,L
407-7968965-1184311,Western Dress,1,M
404-0321304-9878707,Set,1,L
408-5797651-2149149,Western Dress,1,S
171-9773358-4882725,Western Dress,1,M
402-5225074-1002704,kurta,1,L
406-1406622-0048363,Set,1,XL
406-2947989-1905143,kurta,1,XXL
406-2947989-1905143,kurta,1,XXL
407-4943443-7823529,kurta,1,XXL
403-5866867-5347515,kurta,1,L
403-5866867-5347515,kurta,1,M
407-7139389-6337140,kurta,1,6XL
402-7469379-4978736,Western Dress,1,M
406-8199891-9052322,kurta,1,3XL
408-6088956-2029143,kurta,1,XL
407-6423780-2059568,kurta,1,3XL
171-4221648-1288319,Set,1,XL
402-9359725-6088342,kurta,1,M
404-2332747-8442728,Western Dress,1,XXL
405-9565820-0735568,Western Dress,1,M
406-7499607-7913100,kurta,1,4XL
408-1018850-0669910,Blouse,1,L
403-4896786-0690720,Set,1,M
407-8859875-3337900,kurta,1,4XL
407-4970309-2266717,Set,1,XL
406-4453522-1103569,kurta,1,L
406-1651198-9069929,Set,1,L
403-6428219-6217916,Set,1,M
171-9577765-3347563,Bottom,1,XXL
404-9185375-2883547,Western Dress,1,XS
406-4955354-9117921,Western Dress,1,M
402-3627982-0805103,kurta,1,S
171-3543552-7227522,Western Dress,1,M
402-0995462-3047565,Set,1,S
407-5772751-7789138,Set,1,M
407-0865327-8628357,kurta,1,M
407-8837084-2057962,Set,1,3XL
407-1730007-9243523,Western Dress,1,M
404-4039840-1952360,Set,1,XXL
406-3347216-9407539,Western Dress,1,L
408-4583428-2162741,kurta,1,M
406-1576990-3577912,kurta,1,XL
403-7879498-2324339,Western Dress,1,XXL
406-8777389-0897134,kurta,1,3XL
403-0220555-2299546,Western Dress,1,XL
403-9670762-5686746,Set,1,S
404-3088216-2054735,Set,1,XS
405-2641656-7937965,Western Dress,1,M
408-5792053-1769927,kurta,1,S
403-0439506-2297152,kurta,1,L
171-1258775-0256327,kurta,1,XXL
408-8560212-7482739,Set,1,L
403-3301692-7200319,Western Dress,1,XL
171-8028246-1503504,kurta,1,XS
405-7321009-2557149,Set,1,S
402-1815297-6047555,Set,1,XL
407-6705463-7475535,Set,1,XL
403-9991849-7044369,Set,1,3XL
171-4888743-4705902,Top,1,XL
408-5862776-5808326,kurta,1,M
171-4196241-4467563,kurta,1,XL
407-2375660-1657155,kurta,1,XL
404-1397762-8965938,kurta,1,3XL
404-8724559-7607515,Set,1,XXL
406-7159749-3719511,kurta,1,M
405-9500034-9268333,Western Dress,1,XXL
406-2684296-2223505,Western Dress,1,XL
402-3699254-1126739,Set,1,L
402-8354421-8870720,kurta,1,M
404-7640725-9123543,Set,1,3XL
171-8192649-3462750,Set,1,XXL
403-3280875-7644346,Western Dress,1,M
404-6408067-5553939,Western Dress,1,XL
405-1350438-5403551,kurta,1,4XL
171-3189477-9069149,kurta,1,XL
405-9406267-2364355,Set,1,L
407-4766783-0742757,Set,1,XS
405-6328532-7488341,kurta,1,M
408-5696336-1868340,kurta,1,M
405-6863813-7278711,Set,1,M
403-4105537-9348337,Top,1,L
171-3232705-4998756,kurta,1,L
404-2280473-3510706,Top,1,S
406-5969553-6904321,Set,1,S
404-5201352-2389905,Western Dress,1,M
403-6489147-8037958,Western Dress,1,XS
403-6489147-8037958,Western Dress,1,XS
171-9446317-4592366,Western Dress,1,XXL
404-5229836-5769940,Set,1,XXL
408-6184474-1723540,Ethnic Dress,1,XS
405-4236756-1960328,Western Dress,1,L
405-0738869-1888303,Western Dress,1,XXL
406-3662418-3162737,kurta,1,XL
408-7135192-8828308,Western Dress,1,S
403-1036658-0560336,Western Dress,1,L
407-3093379-9609924,kurta,1,XXL
408-2690466-0848363,Bottom,1,S
405-8663234-4137131,Western Dress,1,S
405-7797652-6349113,Western Dress,1,L
171-7584776-4665103,Top,1,M
402-3412218-3733953,kurta,1,L
402-6519499-7478763,Set,1,M
408-6803765-7004335,Top,1,S
404-7806307-8561157,Set,1,M
403-1913747-4809928,Western Dress,1,M
403-0193408-2371533,Top,1,XXL
408-1959813-4609169,Top,1,XL
408-1959813-4609169,Top,1,L
408-9763071-1853101,Top,1,S
171-0804517-8874767,Set,1,XL
408-8454099-1393934,kurta,1,XL
403-7028296-8913164,Set,1,XS
171-2891280-2697919,Western Dress,1,L
404-1580493-4565149,Western Dress,1,3XL
404-0764576-0455529,kurta,1,3XL
404-3414470-8867529,Western Dress,1,M
405-6503433-6587530,kurta,1,3XL
405-4489745-1103569,Western Dress,1,M
404-6800839-1682744,Set,1,L
406-8620062-1589128,Western Dress,1,XXL
408-6718779-0042755,Set,1,L
402-8254180-3731506,kurta,1,4XL
402-7258970-1385927,kurta,1,L
408-6717582-0400343,Set,1,XL
402-2956333-4191505,kurta,1,3XL
407-2037175-5516323,Western Dress,1,3XL
407-4315122-6413969,kurta,1,XL
408-0841588-3124332,Set,1,XXL
402-2203636-8714756,Western Dress,1,3XL
407-9035070-7988322,kurta,1,M
407-9347955-5859560,kurta,1,M
406-7024289-9654765,kurta,1,3XL
406-0063796-4718761,Set,1,3XL
171-2729694-5817905,kurta,1,XS
171-5294356-3335543,Top,1,S
405-8372669-0435553,Western Dress,1,S
171-7122562-3076303,Western Dress,1,XL
407-4017759-2839533,Western Dress,1,M
404-6081960-1633905,Western Dress,1,M
408-2883305-2880322,kurta,1,XL
171-6612796-6982738,Blouse,1,XL
405-8010866-2195550,Set,1,XS
171-2138812-5473930,kurta,1,XXL
171-2582820-2671510,kurta,1,L
408-4754347-8518742,kurta,1,XL
408-7157624-8865920,Set,1,M
171-1500649-2989103,Set,1,XS
406-4976560-3675560,kurta,1,XXL
405-2926876-9808318,Western Dress,1,M
407-2547212-6017958,Set,1,S
406-6224322-2049157,kurta,1,3XL
402-2422420-2410707,kurta,1,3XL
404-8606504-8859534,Set,1,3XL
404-8606504-8859534,Set,1,3XL
407-4204454-1433137,Western Dress,1,S
405-8095076-6603521,Set,1,3XL
402-3630727-2694765,Set,1,L
171-3771749-0559551,Set,1,M
404-5682661-2382762,kurta,1,S
171-8009798-7330730,Western Dress,1,XL
407-4298798-4457932,kurta,1,M
405-3610680-8843549,Western Dress,1,XL
403-7597979-5150715,kurta,1,XL
404-8435441-4385913,kurta,1,M
407-8064282-1003519,kurta,1,S
407-1259453-3200300,Top,1,L
407-9710966-4985948,Set,1,3XL
407-9710966-4985948,Set,1,3XL
408-0664820-3634703,Set,1,S
406-1055701-8661127,Set,1,XS
404-6703026-0217128,Set,1,M
402-7572338-0769149,Western Dress,1,XS
404-5884733-3854714,Western Dress,1,3XL
405-0962575-1307539,kurta,1,S
403-3762662-7309133,Top,1,XL
404-0902189-5449944,Set,1,XL
404-0902189-5449944,Set,1,XXL
407-3716844-2697969,Set,1,XL
407-3716844-2697969,Set,1,L
407-3716844-2697969,Set,1,XL
404-4874925-1740367,kurta,1,3XL
408-4957480-1067565,Set,1,M
406-6781435-4746729,kurta,1,M
403-1238158-8134760,kurta,1,XS
171-1164053-2984344,Western Dress,1,M
408-2156999-8383539,Set,1,XL
405-0033158-4813907,kurta,1,L
171-0984577-6517944,Set,1,XXL
402-2568835-6318758,Set,1,3XL
405-0362667-7602710,kurta,1,3XL
404-7672072-5954713,Western Dress,1,3XL
404-7672072-5954713,Western Dress,1,3XL
407-6963137-4679561,Western Dress,1,XXL
403-3630510-1237139,kurta,1,3XL
405-2610327-5181931,kurta,1,L
171-9489218-3595529,kurta,1,L
405-0533363-7303548,Top,1,XXL
402-5137652-9606758,kurta,1,XXL
408-3174078-2358746,Top,1,3XL
408-3174078-2358746,kurta,1,3XL
171-1338115-5436341,kurta,1,XL
406-6415602-0811507,Set,1,XL
405-1067185-6993946,Set,1,XXL
405-1067185-6993946,kurta,1,XXL
406-1403061-9757105,kurta,1,M
403-2306839-8473108,kurta,1,XXL
407-7355309-9769142,Top,1,XXL
405-9464224-2013962,Top,1,L
406-7958552-9136368,Set,1,XS
407-7434018-2614764,kurta,1,6XL
403-4608904-6139518,kurta,1,XL
404-4117828-2379530,kurta,1,M
405-8855093-4157115,kurta,1,3XL
408-2177727-1613154,Set,1,XL
402-9289095-5625954,kurta,1,L
402-9289095-5625954,kurta,1,XL
407-8967721-3613963,kurta,1,XL
407-8967721-3613963,kurta,1,XL
403-7555959-6278739,Set,1,XL
403-0387916-6414756,kurta,1,XL
405-8947940-2845113,Ethnic Dress,1,3XL
405-8947940-2845113,Ethnic Dress,1,3XL
406-2558937-3460361,kurta,1,L
402-8219660-0033924,Western Dress,1,M
407-4802590-3993140,Set,1,3XL
402-5844002-6016300,Set,1,M
402-5844002-6016300,Set,1,S
171-4705380-5741919,Set,1,S
402-6733804-0146715,kurta,1,XL
404-0689776-9445100,Set,1,3XL
171-4142404-0182710,Western Dress,1,XXL
404-3402146-0153934,kurta,1,XXL
171-3520778-3508322,Top,1,S
171-3962620-2517944,kurta,1,3XL
406-7431013-6606700,Set,1,L
403-1408546-0728361,Set,1,M
407-0605193-7444341,Top,1,XL
171-5397972-9613948,kurta,1,XL
403-4321648-1971551,Set,1,M
402-4835606-0671546,Set,1,M
403-4205464-9846754,kurta,1,M
403-3324326-6622748,Western Dress,1,XXL
403-3784647-9941942,kurta,1,XL
408-4614250-7882754,Bottom,1,3XL
404-0321545-4690754,Set,1,XL
403-5491188-8228334,kurta,1,L
408-9723096-6073963,kurta,1,S
404-6266581-1537925,Western Dress,1,XXL
407-2601251-5499551,kurta,1,XXL
403-6477184-5514704,kurta,1,6XL
171-3900298-2501137,kurta,1,S
403-8634407-4552356,Set,1,S
406-4711789-4132367,kurta,1,S
406-9254944-6880310,kurta,1,XL
171-8046749-5386730,Set,1,M
407-9159797-4898752,kurta,1,3XL
404-6556400-5606727,Set,1,XXL
407-8513840-4537135,Set,1,3XL
408-4676368-9335546,Set,1,L
402-4958103-2231546,kurta,1,XS
403-1023660-5750746,Set,1,XXL
408-9500903-8661112,Set,1,S
403-5333653-4653113,Set,1,L
171-4990165-9536301,kurta,1,XS
402-1519305-2955501,kurta,1,XL
171-2680418-0912314,Blouse,1,Free
171-8651532-3281139,Set,1,XL
171-4919080-3550755,Set,1,L
402-8363899-2333144,kurta,1,L
402-8363899-2333144,kurta,1,L
403-7547915-0706730,Top,1,M
406-7869285-2715534,kurta,1,M
404-6360956-7673965,kurta,1,S
406-1956380-1701945,Top,1,L
404-9999233-8594715,Set,1,XS
404-9999233-8594715,kurta,1,XS
403-5693273-7864315,Set,1,XL
404-5698293-4437969,Western Dress,1,XXL
402-2405343-4469957,kurta,1,3XL
406-8229798-4111556,kurta,1,4XL
406-7295496-0987557,Top,1,M
408-3791327-3033104,Set,1,L
408-4928725-0843557,Set,1,XL
402-9950962-3855551,kurta,1,XXL
402-9950962-3855551,kurta,1,3XL
171-0280354-2806730,kurta,1,L
407-0162651-3660310,kurta,1,XXL
407-0162651-3660310,Western Dress,1,XL
171-8992162-0999510,Set,1,M
171-0277041-7029129,Set,1,3XL
402-4206498-2782707,kurta,1,L
408-5852247-4303556,kurta,1,XL
408-5852247-4303556,kurta,1,L
405-3720963-4857130,Set,1,XL
405-9009633-4122762,Set,1,S
406-7866111-3798727,Set,1,L
405-8770346-9181138,Set,1,XL
408-1292089-3241152,Top,1,XL
406-3803679-4987501,kurta,1,XXL
404-0203922-6285918,kurta,1,XL
406-4322224-1491516,Top,1,L
404-8268273-6473126,Set,1,XXL
408-7467527-3772317,kurta,1,M
408-7467527-3772317,kurta,1,M
408-7467527-3772317,kurta,1,M
407-8638030-8775557,kurta,1,XL
407-8638030-8775557,kurta,1,XL
407-8638030-8775557,kurta,1,XL
407-8638030-8775557,kurta,1,XL
407-8638030-8775557,kurta,1,XL
407-0106748-4012326,kurta,1,XL
405-9377644-3184319,kurta,1,XXL
171-5796120-3512340,kurta,1,XXL
403-1533149-0895536,Top,1,L
402-6147374-0087557,Set,1,M
408-2687385-2862739,kurta,1,XL
403-8867311-8747506,Set,2,3XL
402-2490566-5403543,Set,1,M
404-8805559-6020304,kurta,1,L
403-1056993-1600346,Set,1,M
404-9131335-2242743,Set,1,XS
403-8898278-4615521,kurta,1,XXL
403-0959120-2353131,Set,1,S
403-0959120-2353131,Set,1,S
408-3472440-9825134,Set,1,XL
408-3472440-9825134,Set,1,XL
407-1263970-1869918,kurta,1,M
407-1263970-1869918,Top,1,M
407-1263970-1869918,Set,1,M
171-5885037-7599535,kurta,1,L
407-3165207-8166719,Set,1,S
402-0371123-4207552,kurta,1,S
171-8240300-1857958,Set,1,XL
406-9405257-9625156,Set,1,XL
408-9221528-0097925,Set,1,XL
408-5084524-0745113,Set,1,S
405-5913565-3410751,Western Dress,1,L
405-5913565-3410751,Western Dress,1,L
171-0171858-1117152,Western Dress,1,3XL
171-0171858-1117152,Top,1,3XL
403-7541281-6375510,Set,1,XL
407-8092917-8284343,Set,1,L
408-7687426-8849922,Western Dress,1,M
406-3506932-4253924,kurta,1,L
403-7279810-9041903,Western Dress,1,L
171-5408286-4795549,Set,1,M
403-1575459-5445935,kurta,1,XXL
402-1430271-9738725,Set,1,M
403-8284650-0713141,kurta,1,3XL
407-2478454-8055511,Set,1,S
406-1608096-9223518,Set,1,XXL
404-2619679-3356324,Set,1,XXL
408-0687010-5728311,Set,1,M
405-3923525-1925101,Western Dress,1,M
408-3633226-8277908,Western Dress,1,3XL
408-4481908-3581111,Western Dress,1,XXL
404-7501517-7212364,Set,1,S
171-5853666-6492335,Set,1,M
404-2299845-5968329,kurta,1,L
405-5472626-3197111,kurta,1,XXL
407-1019065-1171544,kurta,1,3XL
407-3359041-6479569,Set,1,M
171-2708957-8472302,Set,1,XL
402-9631769-3243527,kurta,1,L
405-2999829-4363563,Set,1,M
403-3779561-3026749,Set,1,M
403-8017773-6528307,kurta,1,3XL
404-0636915-2190708,Top,1,3XL
171-6864100-3049146,kurta,1,3XL
408-4273047-2137168,kurta,1,L
407-6269939-0843528,kurta,1,S
403-5898827-8458720,Western Dress,1,M
407-4657423-7381154,kurta,2,M
405-6812955-4595510,kurta,1,S
406-1997733-7810711,Top,1,M
407-9477035-5325138,Top,1,XL
171-4989698-1350748,kurta,1,S
404-1572376-7787531,kurta,1,M
402-6453025-4742743,kurta,1,L
404-0464298-5281951,Set,1,M
404-8667093-3217121,kurta,1,M
407-0961430-6328357,kurta,1,5XL
406-3937078-6923567,kurta,1,M
403-8638309-5621963,kurta,1,3XL
404-3527041-8147502,kurta,1,XXL
404-3527041-8147502,Set,1,XXL
408-1216013-6069940,kurta,1,XXL
403-9840013-9584322,Set,1,XXL
403-2135566-5268347,Set,1,M
171-3986075-1744323,kurta,1,XL
171-5676186-1018709,Set,1,XXL
404-9818209-7117951,Set,1,3XL
405-2571171-8866754,kurta,1,L
404-3179352-9549956,Set,1,3XL
406-5671531-9130766,kurta,1,3XL
407-4927300-7798704,Set,1,M
406-4466078-4317155,Set,1,L
403-0329016-2122742,kurta,1,XXL
403-8618225-0745912,Set,1,S
404-5932345-7984308,Set,1,L
408-3769500-3632316,Set,1,M
171-3277231-0452302,kurta,1,M
402-4325693-2900321,Top,1,M
403-9186375-7863528,kurta,1,S
408-2245512-9254755,Set,1,S
408-6228457-1331509,kurta,1,XXL
405-2619082-9756355,kurta,1,S
403-5753005-4329144,kurta,1,XL
408-0136087-8308354,kurta,1,M
408-5821873-5270749,kurta,1,XXL
406-3692986-7257967,Set,1,XL
405-7882526-5245912,kurta,1,3XL
405-2134352-1490761,Set,1,M
171-0446850-7752334,kurta,1,S
402-0966586-4141902,Western Dress,1,3XL
404-6902350-3825145,kurta,1,L
406-9743793-4554724,Top,1,L
406-4864394-4115531,kurta,1,XXL
171-9495289-5353927,kurta,1,3XL
405-8016756-7535527,kurta,1,M
403-7237296-5290768,Top,1,3XL
171-1034109-7859525,kurta,1,XS
404-9040381-2399541,Set,1,M
404-2348987-8305900,kurta,1,S
404-0245084-3124318,Set,1,M
403-6363270-1585125,Top,1,XXL
407-4751753-2795555,kurta,1,M
408-8393349-8007523,kurta,1,3XL
402-1371207-4449916,Top,1,L
403-3732433-4062706,kurta,1,XL
408-0068723-5708306,Top,1,M
404-4919178-1450765,Set,1,3XL
408-1600510-2670757,Blouse,1,Free
171-2610310-6489930,Western Dress,1,XXL
405-3616967-5699507,kurta,1,XL
171-9395615-9518731,kurta,1,3XL
406-8768326-7289109,Set,1,L
406-8768326-7289109,Set,1,L
406-8768326-7289109,Top,1,L
406-3909303-7366757,kurta,1,S
407-8284217-3582747,kurta,1,3XL
406-8541860-3005945,Western Dress,1,XL
405-7110232-3820321,kurta,1,S
408-4575032-6182767,Western Dress,1,M
405-3016230-3609156,Set,1,M
402-7612915-9163508,Western Dress,1,M
408-6822706-5441130,Set,1,S
406-9136021-2453910,Set,1,M
171-0985573-1766713,Western Dress,1,XL
407-2646809-3794708,Set,1,3XL
402-0691690-2880338,kurta,1,XL
404-4799079-2639554,Top,1,XXL
408-8684334-1417158,kurta,1,XL
402-9926947-2413904,Set,1,XS
402-9926947-2413904,Set,1,XS
406-8630180-9747560,Set,1,M
171-4406007-8340322,Set,1,XL
408-9959773-4519561,Set,1,XL
406-2760289-5262751,Ethnic Dress,1,XXL
408-8415331-4933951,kurta,1,3XL
171-7760501-2711540,Set,1,M
171-7760501-2711540,Set,1,M
404-8445088-5087529,kurta,1,XL
404-4488892-9698719,Set,1,M
402-6262398-3461905,kurta,1,L
403-3758345-5577908,Top,1,XL
404-2981256-2083530,Western Dress,1,M
406-5852679-5565102,Set,1,XL
402-7929899-2453964,Western Dress,1,3XL
405-6061275-3253159,Western Dress,1,L
171-3501103-8089121,kurta,1,XL
402-7282311-7396350,Western Dress,1,XXL
405-6955453-5817901,kurta,1,M
405-6955453-5817901,kurta,1,M
405-0673005-7665936,kurta,1,3XL
407-1929177-1609937,kurta,1,M
407-1929177-1609937,kurta,2,L
406-0575663-6929960,Set,1,S
405-4568190-4425905,Top,1,L
407-3728675-7453165,Set,1,XL
406-0624114-4579550,kurta,1,3XL
405-1176039-5859555,kurta,1,M
403-2570355-6063529,Set,1,M
403-2570355-6063529,kurta,1,L
403-4650451-2641169,kurta,1,L
405-8377404-4458710,kurta,1,3XL
404-5909865-3390713,kurta,1,S
408-8159819-7592320,Set,1,XXL
407-7971262-6397112,kurta,1,S
405-0713130-0745909,kurta,1,XXL
408-9244752-7441942,kurta,1,3XL
406-6324980-8312359,Top,1,XXL
404-7078578-4956358,kurta,1,XXL
408-3652502-8682708,kurta,1,XL
408-4249824-7357115,Western Dress,1,M
408-4249824-7357115,Western Dress,1,L
406-3037244-1514768,Set,1,XXL
171-4228232-6307554,kurta,1,M
404-3789959-1027519,Set,1,S
407-1742000-8805130,Western Dress,1,M
406-2928730-9958752,Set,1,XL
407-1794042-9297124,kurta,1,XS
403-0963753-3857121,Blouse,1,S
404-1077272-0404365,kurta,1,M
408-4163697-0616364,kurta,1,L
405-8580380-0872342,Set,1,XL
406-5446619-3681924,Western Dress,1,XL
402-1820980-8080306,kurta,1,XXL
403-6318520-3627565,kurta,1,XL
406-6526653-7776351,Top,1,XXL
405-2861023-9361917,Set,1,M
406-2047586-9518736,kurta,1,XXL
406-3023351-3215544,Top,1,XXL
171-2396565-8627516,kurta,1,M
405-2506007-0997160,Western Dress,1,M
406-9523784-2823513,Top,1,M
171-9793550-5997957,Western Dress,1,XXL
407-8631006-5183553,Set,1,XL
408-2393873-8535561,Set,1,XL
406-6455897-9625142,Set,1,XS
408-0103032-6028344,Western Dress,1,L
408-4052096-8550757,kurta,1,5XL
171-0675114-9585168,Set,1,XL
407-7601580-3710743,Top,1,XL
408-7945089-1517965,Set,1,M
403-5174068-0426718,kurta,1,XL
403-5174068-0426718,kurta,1,L
405-6266372-6830725,kurta,1,L
403-1820252-1549945,kurta,1,XXL
404-0333036-5029921,Set,1,M
402-9727402-3609955,kurta,1,L
402-9413127-0881167,kurta,1,XXL
407-7232347-7093120,Set,1,3XL
406-0974655-7942754,kurta,1,XXL
406-4835174-2115527,Top,1,3XL
171-2010598-6721139,Blouse,1,XL
405-9067934-8305950,Set,1,S
406-2663588-6533137,Top,1,S
408-9426332-0894731,Set,1,S
402-2103395-9261148,Top,1,L
403-1214821-6233108,kurta,1,3XL
408-6543400-5297129,kurta,1,XXL
406-6539668-2634729,Set,1,L
407-2341297-2172342,kurta,1,3XL
407-6397380-1333938,Set,1,S
403-3307748-1392323,kurta,1,XL
408-5326598-5968310,kurta,1,M
402-3684888-8072357,kurta,1,6XL
408-5294031-1233126,kurta,1,M
402-1494085-9151568,Set,1,L
403-1759507-2828330,kurta,1,M
171-6366046-2830721,kurta,1,XS
402-7502781-4982716,Western Dress,1,L
408-7584240-9685917,kurta,1,M
403-1446280-4443528,kurta,1,3XL
405-4623761-4194717,kurta,1,3XL
406-0134560-7514747,Western Dress,1,XXL
403-4208413-7433157,Western Dress,1,3XL
402-1421153-7042740,kurta,1,XS
402-1421153-7042740,kurta,1,XS
402-1421153-7042740,kurta,1,XS
403-2635472-0559548,kurta,1,M
171-6867319-8100352,kurta,1,3XL
403-1937676-4334767,Set,1,3XL
404-8275290-1411547,Set,1,XXL
408-2175569-2705158,kurta,1,XS
171-6866574-7245906,Set,1,M
171-2386565-8012343,Set,1,S
408-4077384-0678711,kurta,1,M
405-2042325-2489944,Set,1,S
404-5567331-0314718,kurta,1,XL
404-7976967-6742765,kurta,1,3XL
403-0901729-1628325,kurta,1,M
408-9541645-7365965,kurta,1,L
404-7876863-9852357,Set,1,XS
404-7876863-9852357,Set,1,XS
402-4029738-2243545,kurta,1,XS
407-2669543-9350740,kurta,1,XL
171-1330011-9206706,kurta,1,L
408-2104304-2841117,kurta,1,L
403-8311610-2122752,Set,1,XS
402-6560166-7413904,Western Dress,1,XL
406-2595355-3937958,Western Dress,1,XXL
408-0744187-9914726,kurta,1,XXL
407-0439051-6864334,kurta,1,M
407-6496834-7457920,Western Dress,1,XL
403-9944181-6837148,kurta,1,XL
404-3654949-5881166,Set,1,3XL
404-7954638-0630722,kurta,1,3XL
408-1327516-4734705,Western Dress,1,L
406-1226580-5541119,Western Dress,1,L
406-0081563-0401954,kurta,1,3XL
403-6283135-8392367,Top,1,L
404-3266360-8623549,kurta,1,S
403-6660357-3552363,Set,1,L
404-7944133-5992302,Western Dress,1,XS
171-1913463-3229101,kurta,1,XXL
402-6875856-2323537,kurta,1,3XL
402-9112048-1685148,Set,1,3XL
408-2402609-9943554,kurta,1,M
405-1008719-0996337,Western Dress,1,M
406-8937720-3881122,kurta,1,3XL
404-2460358-0809930,Set,1,3XL
404-5500403-6645901,kurta,1,3XL
171-6490472-3707506,kurta,1,L
402-4309329-2537912,Western Dress,1,L
171-7666366-9339554,kurta,1,L
171-7666366-9339554,kurta,1,L
171-7666366-9339554,kurta,1,L
405-3372425-7564325,kurta,1,M
407-8414611-4856338,Set,1,M
405-6877567-4421930,Set,1,XS
406-0573548-4495540,Western Dress,1,XL
406-2563150-1641125,kurta,1,S
408-7859387-9324341,kurta,1,S
408-5806862-7982742,Set,1,L
404-8297237-4618714,Bottom,1,M
171-0354543-2995579,kurta,1,L
404-4405314-5334702,Set,1,XXL
404-8690313-2838761,Set,1,M
402-1019022-2581131,Western Dress,1,XS
403-5680989-2860349,Top,1,M
408-9193819-2125951,kurta,1,M
408-9193819-2125951,kurta,1,M
407-0053898-9341947,Set,1,XL
407-5685594-6065915,kurta,1,L
404-0941960-0135531,Set,1,M
171-2754668-7308354,kurta,1,XL
171-2754668-7308354,kurta,1,XL
405-4508006-8019532,kurta,1,XS
406-6867225-3314761,kurta,1,M
406-5003216-4308344,kurta,1,3XL
404-1668529-6945946,Set,1,S
402-3623352-3629966,kurta,1,M
405-5062444-6172337,kurta,1,L
406-2983348-3559520,Western Dress,1,XS
171-4760115-3559512,Set,1,XL
402-6157470-5237103,kurta,1,S
408-2745386-8094720,Set,1,XXL
406-5606057-7212344,kurta,1,M
405-1019015-0931523,kurta,1,XXL
402-6150244-1432307,Top,1,M
405-8039207-7351556,Western Dress,1,S
408-9839921-6777950,Set,1,XL
402-2365203-8776358,kurta,1,M
406-6104191-9719540,Top,1,L
402-8922733-9356365,Set,1,L
171-8107442-1264337,kurta,1,XL
407-9486896-0937110,Ethnic Dress,1,3XL
402-5638742-8272315,kurta,1,XL
402-5474947-0972364,kurta,1,L
406-2803057-8336331,Set,1,S
171-4458849-9479514,Set,1,M
171-3854740-8701902,kurta,1,XL
407-6359371-8155544,Western Dress,1,XS
407-3962126-7646706,kurta,1,XXL
407-9342120-6022704,kurta,1,XL
404-0714558-0321114,kurta,1,L
404-0714558-0321114,kurta,1,L
404-0714558-0321114,kurta,1,L
404-0714558-0321114,kurta,1,L
402-5130139-3477108,kurta,1,L
405-6096721-5285913,kurta,1,XXL
407-9766466-6062708,kurta,1,XXL
171-8380174-8886713,kurta,1,XL
403-8319151-0827544,Western Dress,1,L
171-8566025-5270705,Top,1,XL
406-0357947-8076370,Western Dress,1,3XL
404-1790263-0740315,Western Dress,1,3XL
403-9119150-8790748,Set,1,L
403-2507248-8353125,Set,1,XL
408-8296252-6321916,Set,1,XL
403-7415887-3920343,kurta,1,XL
408-8846932-3022725,Set,1,L
408-3293436-9117143,Western Dress,1,S
403-5867923-1644301,kurta,1,M
402-9114717-9488369,kurta,1,XXL
406-4032241-3457163,Top,1,XXL
408-3551965-7999566,Set,1,XS
171-9334529-4156323,Set,1,3XL
402-3296165-4275557,Set,1,3XL
402-6757170-9785140,Top,1,XXL
402-6681750-6869122,Set,1,XL
408-2065933-5085901,kurta,1,XXL
404-0755914-1378716,kurta,1,XXL
171-0851790-7143554,Western Dress,1,XL
405-4700509-9145146,Top,1,L
406-0903334-1061945,Set,1,L
404-3034160-6680315,Set,1,S
171-5799262-6304328,Top,1,3XL
404-6445642-9929156,kurta,1,L
402-6871689-7876338,Set,1,S
406-3518001-0349924,Set,1,3XL
408-9788568-9087517,Set,1,3XL
171-9636237-0555564,kurta,1,XS
404-7905402-3337932,kurta,1,XL
171-3068671-5036304,kurta,1,3XL
171-3068671-5036304,kurta,1,3XL
404-6093751-1125925,Set,1,XXL
402-9640119-5086748,Set,1,XXL
171-4680691-8599500,Set,1,XL
404-1877541-5221952,Western Dress,1,XL
408-4185547-2473966,Western Dress,1,S
403-0592479-6660365,Set,1,S
408-4346498-5397943,kurta,1,M
403-6058973-2594729,Set,1,S
408-3521730-4070743,Set,1,S
402-3115830-6689961,Western Dress,1,XXL
408-7073069-4606764,kurta,1,XL
171-7787727-0693142,Set,1,XS
404-0477184-5101100,Western Dress,1,S
403-8418811-2010741,kurta,1,3XL
406-1943844-7823521,Top,1,3XL
407-4941779-8953100,kurta,1,M
405-3959736-7567554,Set,1,S
171-6561998-9465105,kurta,1,M
408-4591665-4798739,Western Dress,1,L
402-3891277-3044339,Western Dress,1,3XL
408-6939523-5896332,kurta,1,S
403-6556921-8673948,kurta,1,5XL
408-1928643-8699514,Set,1,XXL
403-2514615-6274721,Set,1,M
406-4583378-6419508,Top,1,XL
408-9767210-5596301,Set,1,XS
406-5392938-4349931,Top,1,3XL
404-5355444-0549931,Set,1,L
404-4885801-6767548,Set,1,M
402-3583344-8701968,Set,1,XXL
171-6271242-8049115,kurta,1,XS
407-7980589-1005159,Set,1,L
408-3467120-9554731,Western Dress,1,3XL
408-3467120-9554731,kurta,1,3XL
402-2626213-3541100,kurta,1,3XL
402-2626213-3541100,kurta,1,3XL
404-9031897-2772338,Set,1,S
402-2474513-2020345,Set,1,L
403-8017159-0109143,Set,1,M
408-6820822-5415513,Set,1,L
171-8927133-9819568,Set,1,M
402-1798463-9906731,Western Dress,1,3XL
405-9860762-5393904,kurta,1,M
405-3032633-6523554,Set,1,XXL
402-9759630-5057920,Set,1,M
405-1545746-9684349,Western Dress,1,S
402-5151789-1561968,kurta,1,XL
171-8938868-0405136,kurta,1,XL
402-1565317-0457127,kurta,1,S
402-1565317-0457127,kurta,1,S
171-8713319-4017124,Western Dress,1,XXL
408-3046863-9385135,Western Dress,1,S
405-3863299-8659545,Set,1,S
404-3214165-7567503,Set,1,M
403-5913234-3815501,kurta,1,6XL
408-1158197-6513131,kurta,1,XL
407-2122415-7361954,kurta,1,L
408-8040294-7125153,kurta,1,XXL
407-9659008-0469123,kurta,1,XXL
403-0538666-8610705,kurta,1,S
407-2879858-7637153,Set,1,L
404-9295723-0915525,kurta,1,S
404-3520091-9423503,Set,1,XL
408-5912034-7397135,kurta,1,S
404-6751165-2481957,kurta,1,XS
407-5602270-0104309,Blouse,1,M
407-5602270-0104309,Set,1,L
403-0776667-2812365,kurta,1,XL
405-3347390-6306702,kurta,1,XXL
408-5402595-3677125,Top,1,XL
403-0017507-2174756,kurta,1,L
403-7429912-6249150,Set,1,L
405-4283177-0244351,kurta,1,M
406-9658031-3717101,kurta,1,XXL
407-6242913-3365914,Western Dress,1,XL
171-1285214-5012339,Western Dress,1,3XL
408-5211750-8369160,Western Dress,1,XL
405-3034665-0888364,Western Dress,1,M
403-6926204-4566723,kurta,1,XS
406-8728090-3696352,kurta,1,3XL
171-7013518-6030714,Western Dress,1,XXL
171-4219262-8509920,kurta,1,3XL
408-5305154-8700359,Western Dress,1,XXL
171-1672950-3730758,kurta,1,XL
404-7913512-1862707,Set,1,XL
404-9951903-2294716,Set,1,XL
404-0402792-5179562,Set,1,M
406-2470119-0699506,Top,1,XXL
405-2900951-4075543,Set,1,XL
402-2947318-0745969,Set,1,M
406-6169407-2224312,kurta,1,M
404-7932600-8825127,kurta,1,M
406-5146594-0023514,Set,1,L
404-5582747-5897117,kurta,1,XXL
404-3713989-3946704,Western Dress,1,M
403-4977599-9521908,Western Dress,1,L
403-0964260-8984331,Set,1,L
403-7478774-2847568,kurta,1,5XL
407-6088410-9749157,Set,1,XXL
406-3997688-3498740,Western Dress,1,XL
402-7451791-0720350,Western Dress,1,XXL
171-7782715-2822742,Set,1,XS
171-9607113-2385107,Set,1,XL
403-2243538-1121119,Western Dress,1,L
403-2243538-1121119,Western Dress,1,L
171-8353118-8999511,Set,1,XXL
408-8042686-3352325,Western Dress,1,XL
171-0045811-5384315,kurta,1,XXL
405-4973664-7281144,Western Dress,1,L
406-0939277-8585106,Western Dress,1,S
402-3864313-4406718,Top,1,S
403-6200235-5808320,Bottom,1,XXL
405-3614223-5477143,Set,1,XL
403-5620715-4685946,Set,1,L
171-9074230-1605907,kurta,1,M
408-3437785-2960360,Western Dress,1,M
403-3256588-1269949,Western Dress,1,M
402-3833258-6591544,Set,1,XXL
403-2971437-4625946,Set,1,M
402-4442312-1805965,Top,1,XXL
405-9220361-2546762,kurta,1,XXL
405-9220361-2546762,Western Dress,1,XXL
405-9220361-2546762,Western Dress,1,XXL
404-7936483-2073942,kurta,1,XXL
406-3772451-0227540,Set,1,XL
402-2049954-7606742,Western Dress,1,XL
171-4885996-0959534,Western Dress,1,L
406-2577266-0964332,Western Dress,1,XXL
407-6579359-1356315,kurta,1,M
171-7365670-2573944,Western Dress,1,3XL
404-6907395-7966740,kurta,1,3XL
407-7648008-7232355,Set,1,XS
171-1581859-7298762,Western Dress,1,XXL
404-1297691-3145917,Set,1,XL
408-0616285-1621103,Set,1,XL
402-5452962-3511530,Set,1,L
171-9201752-7949953,kurta,1,L
408-3427536-9037101,Set,1,L
405-9432734-0199515,Set,1,XS
171-2979452-2814769,Western Dress,1,L
407-4117141-0229158,Western Dress,1,L
408-8654674-0261110,Set,1,XXL
404-3734422-6402758,kurta,1,L
408-7975415-8935519,Western Dress,1,M
408-2120558-8090752,Set,1,L
171-9249130-1665157,Bottom,1,S
407-8444960-7398764,Western Dress,1,S
402-6677149-0577926,kurta,1,M
403-3859282-5957930,Set,1,S
402-7808592-6005107,Set,1,XL
171-1204309-1555543,Set,1,L
405-8823672-6272305,kurta,1,5XL
171-8980496-1705107,Set,1,M
406-6547140-6285900,kurta,1,M
171-7286009-0759535,Set,1,XXL
408-9021732-2005115,Set,1,XS
408-2795717-7869920,kurta,1,S
406-3457431-4353168,Set,1,M
407-2293869-7359510,Set,1,XS
405-7653916-8059507,Set,1,XS
408-0885729-1177906,Western Dress,1,M
403-3455366-7321901,kurta,1,XL
406-9891236-2016335,Set,1,XS
402-8163259-0787511,Set,1,3XL
403-6917856-8989121,Set,1,3XL
403-6015768-9125106,Set,1,S
403-8852552-6622715,Set,1,L
406-8157396-8365955,kurta,1,XXL
407-0249286-5864304,Set,1,M
404-4209552-8818708,Set,1,XL
402-5249570-6389943,Western Dress,1,S
407-3511227-1027565,Set,1,M
405-3173915-8965947,kurta,1,L
403-6132261-0191523,Set,1,XL
402-1736902-8317916,Western Dress,1,XXL
403-5565746-6425919,Set,1,S
408-5019462-2077153,Western Dress,1,XL
408-9235091-1157148,Set,1,3XL
407-1146569-9400365,kurta,1,M
171-2552844-5685145,kurta,1,3XL
407-1170679-4221157,kurta,1,M
403-0079637-8171574,kurta,1,5XL
407-6598947-8547527,Set,1,XXL
408-4063422-9360350,Set,1,S
407-7247620-4913167,kurta,1,6XL
406-5605472-6755523,Western Dress,1,S
405-5261929-5113916,Western Dress,1,XXL
407-7552677-0038702,Western Dress,1,XL
403-6467260-3104328,kurta,1,M
406-8661148-1920369,kurta,1,L
171-3183988-6777157,kurta,1,L
405-7182339-0192363,Set,1,S
408-2805863-0213136,kurta,1,XXL
171-3547014-3274753,Western Dress,1,S
408-0526369-3850756,Western Dress,1,L
408-0843579-9053165,kurta,1,XXL
403-5969219-3215530,Western Dress,1,3XL
402-2358686-3489118,kurta,1,L
403-9850214-6050744,kurta,1,M
402-9493776-4419515,kurta,1,L
171-7796728-9226709,Set,1,L
171-7982273-2269114,Western Dress,1,XL
403-5440804-9775530,Western Dress,1,L
406-2372738-7703568,kurta,1,XXL
406-0269805-3503501,Western Dress,1,XXL
403-8354579-7886708,Western Dress,1,XXL
407-4387173-6295532,kurta,1,3XL
403-0252392-0900335,kurta,1,XL
403-4740439-3204347,Western Dress,1,L
407-2310599-7971558,kurta,1,M
407-2310599-7971558,kurta,1,3XL
406-6861916-7147552,kurta,1,L
406-5197033-8557938,Set,1,L
407-8689232-3366717,Set,1,3XL
404-2110725-6979568,kurta,1,M
407-7889467-6477903,Western Dress,1,S
402-0019994-7589130,kurta,1,L
405-5086602-2003562,Top,1,XXL
403-7731542-3716367,kurta,1,XL
403-7731542-3716367,Set,1,XXL
408-8547880-0289919,Set,1,L
404-6257997-1662712,Western Dress,1,XL
404-7075705-1012317,kurta,1,S
403-8266307-2151539,kurta,1,S
407-6383050-8857107,kurta,1,S
408-7358133-0165934,kurta,1,XL
404-2550923-7420367,Set,1,XXL
403-7486199-7976335,kurta,1,M
404-9250334-8945133,kurta,1,3XL
404-5016138-5066736,Set,1,3XL
404-5016138-5066736,Set,1,3XL
403-9140850-0432357,Top,1,S
402-8577872-0193946,kurta,1,XL
408-5420898-5957963,kurta,1,M
405-8792488-1915548,Western Dress,1,S
404-9148913-9218755,Western Dress,1,S
404-4742341-9777126,kurta,1,M
408-5832888-2953161,Western Dress,1,XXL
402-8817353-8588318,Set,1,M
403-8235968-2614766,kurta,1,3XL
404-3196144-0374741,kurta,1,XS
406-0194541-2090749,Western Dress,1,M
406-7009629-5464313,kurta,1,XXL
408-2976293-8881947,kurta,1,XXL
402-3326565-5969132,Western Dress,1,M
171-1988716-7794701,kurta,1,XXL
171-4925676-3434730,Western Dress,1,L
171-4925676-3434730,Western Dress,1,L
404-7930994-0931522,Western Dress,1,L
407-7063400-6408302,Western Dress,1,3XL
407-0713163-4663553,Set,1,M
404-5846065-3806754,kurta,1,M
406-5308472-3718744,Set,1,M
402-3855184-4273917,Western Dress,1,S
404-8284219-7989119,kurta,1,XL
404-4849484-8950764,Set,1,S
403-1683557-6926730,kurta,1,L
404-9406553-4359551,Western Dress,1,XL
404-9406553-4359551,Western Dress,1,XXL
406-1574749-4180304,Set,1,XXL
403-9941818-5177924,Set,1,L
408-3789911-4279517,Western Dress,1,L
405-7932566-1829904,Bottom,1,M
404-3238285-5237906,Western Dress,1,XL
404-9466437-6369929,Western Dress,1,M
402-5676345-1697907,Western Dress,1,3XL
171-0638908-2434721,Set,1,3XL
171-8436890-5365159,kurta,1,XL
402-0618488-5257148,Set,1,S
404-4257098-2493913,kurta,1,4XL
403-9362075-9062728,Western Dress,1,XS
171-7936829-0656365,kurta,1,M
406-3801003-6798716,kurta,1,XXL
404-3604335-5710746,Western Dress,1,M
408-9256380-5431540,Western Dress,1,L
404-7565383-3644357,kurta,1,XXL
407-4353492-5378718,kurta,1,L
403-7094395-7073959,Western Dress,1,XXL
404-7633715-3165115,Set,1,M
403-9946808-0998742,Set,1,L
405-5305980-7502712,Western Dress,1,M
407-1729142-3741106,Set,1,XL
406-1442073-9513936,kurta,1,3XL
407-8893325-4161913,kurta,1,3XL
407-6322480-8772316,kurta,1,XXL
404-4760784-4044336,kurta,1,M
407-0067911-0900364,Set,1,M
403-1325821-2422751,Top,1,M
171-5962892-3132358,kurta,1,XL
171-5962892-3132358,kurta,1,XL
404-7847387-9705130,kurta,1,L
404-6828325-4329156,Set,1,M
407-7846165-3293953,Western Dress,1,L
404-2096055-8761136,Western Dress,1,3XL
405-0444119-0325901,Set,1,XS
408-6580446-0061138,Western Dress,1,XL
402-5146033-1000339,Top,1,M
402-4046082-0714751,kurta,1,M
402-2375676-7145154,Western Dress,1,XL
403-8782488-0845924,Western Dress,1,XXL
403-5697381-8581103,kurta,1,3XL
171-0938093-0540360,kurta,1,XL
407-3675036-2806734,kurta,1,M
407-3279665-4690754,kurta,1,L
403-0267245-7747526,kurta,1,XS
403-0267245-7747526,kurta,1,XS
402-5793118-7011557,Set,1,M
408-5556131-7681906,Ethnic Dress,1,XS
405-6139230-1631564,kurta,1,M
406-9441773-2459508,Western Dress,1,XXL
403-7864117-8981113,Set,1,XXL
405-5910709-8185163,Set,1,3XL
405-5910709-8185163,Set,1,3XL
171-1723042-5491541,Western Dress,1,S
171-1723042-5491541,Set,1,S
403-0877873-2634732,Set,1,XS
404-6148001-8126714,Set,1,M
171-7911044-9979561,kurta,1,M
402-4265646-8013907,Set,1,XXL
408-1802490-3721111,kurta,1,XS
406-8407681-6382728,Western Dress,1,M
171-8273353-4835528,Set,1,S
171-2935352-9605945,Set,1,S
408-2619449-4251566,Set,1,XS
403-9868277-4509109,Set,1,XL
404-6615432-7162729,Set,1,XL
407-3992442-6928317,Set,1,XL
408-9254714-4403544,kurta,1,XL
406-6971561-9371509,Top,1,S
406-6971561-9371509,Top,1,S
403-9813728-3894738,Western Dress,1,L
402-2362912-2911533,kurta,1,XXL
403-8975869-9521932,Western Dress,1,L
408-4343578-4205156,Set,1,XL
406-8800781-4133967,kurta,1,XXL
405-1012206-5724356,kurta,1,M
408-3339477-9105959,Western Dress,1,XXL
405-1841269-4448309,kurta,1,L
171-2065434-6052302,Western Dress,1,XS
408-7744147-1390729,Western Dress,1,S
171-3880729-0660310,Set,1,XXL
171-2092866-4021938,Set,1,S
408-5775196-2191537,kurta,1,M
408-1701350-9433956,kurta,1,XL
408-1701350-9433956,kurta,1,XL
406-1080602-1017962,Western Dress,1,XL
403-5480410-2670709,Set,1,L
408-9636646-8829954,Western Dress,1,S
405-3275580-1465159,Set,1,L
403-6358584-4911515,Set,1,XL
403-6500193-9281166,Set,1,XXL
402-8543527-7703563,kurta,1,M
402-8543527-7703563,Set,1,M
406-1194257-5129103,Set,1,XXL
405-3947158-0091504,Western Dress,1,L
403-6833770-5412311,Western Dress,1,XL
403-0073294-8677127,kurta,1,L
403-1084451-6552301,Western Dress,1,XXL
406-1108846-1493920,kurta,1,XL
404-5150179-6581142,kurta,1,XL
403-9121919-5419524,Western Dress,1,S
402-8735683-7766708,Set,1,XL
171-5091819-3386733,Western Dress,1,M
405-8908767-9116306,kurta,1,XXL
407-1604759-8193137,kurta,1,S
407-1604759-8193137,Top,1,S
403-8379686-4806764,kurta,1,L
403-2493712-9037144,kurta,1,XXL
403-3247574-8389104,kurta,1,S
405-8546507-1140322,kurta,1,S
402-8818928-2963561,kurta,1,M
408-9741111-0537166,kurta,1,L
405-9412189-2640330,Set,1,M
406-1047953-8654755,Set,1,XL
404-6549793-8041952,Set,1,XS
407-4849235-4964314,Top,1,M
171-2950519-8202745,kurta,1,L
406-1450143-1433902,kurta,1,XL
171-8154497-1889137,kurta,1,L
402-0668507-8025929,Western Dress,1,L
402-0668507-8025929,Western Dress,1,L
405-1477804-1747551,Top,1,L
405-4418482-6670713,Set,1,XL
407-7266706-6379503,Set,1,M
406-2499469-8151536,Set,1,S
407-2825521-3718750,Blouse,1,Free
171-6201438-8481108,kurta,1,M
405-3467012-9691557,Set,1,L
405-3467012-9691557,Set,1,L
403-6233615-2720310,Set,1,XS
403-6273290-2828358,kurta,1,M
407-6463316-9506710,Set,1,L
404-3851539-9903506,Set,1,XXL
407-7752326-8586741,kurta,1,XXL
406-7851565-3005115,Set,1,S
402-5110073-8750728,kurta,1,XXL
408-7362653-5667513,Set,1,XS
407-0493941-3372327,Set,1,L
406-4002535-9667568,kurta,1,XXL
407-9408698-8217946,Set,1,3XL
406-9624209-3017100,Western Dress,1,3XL
408-4285842-9555546,Set,1,L
407-8094349-6065923,kurta,1,XXL
407-8043232-3737909,kurta,1,XL
408-8959823-3157148,Set,1,XXL
407-4095020-9152369,Western Dress,1,L
406-0171465-0289920,Western Dress,1,L
408-4045653-1321901,Set,1,XXL
405-5473932-3866763,kurta,1,XL
404-7311630-9830744,Set,1,XL
406-4969263-9517104,kurta,1,XS
405-1982120-4068342,Western Dress,1,L
402-2590886-0918711,kurta,1,XXL
403-2011027-3277157,Western Dress,1,XXL
407-7784664-5225125,kurta,1,XXL
404-7252996-0305924,Set,1,S
405-9315721-6817106,kurta,1,L
403-1984739-5399527,kurta,1,3XL
405-6814006-9400326,kurta,1,XL
406-9840982-9084357,kurta,1,XXL
404-6437244-5206756,kurta,1,4XL
402-3975070-0793922,Set,1,XXL
171-0560261-2533151,Western Dress,1,XXL
405-2503724-1290759,Set,1,L
408-0438110-5631503,Set,1,S
406-9407563-7377156,kurta,1,XS
402-0476092-8109956,Set,1,M
171-0413992-3241125,Set,1,XS
406-1329642-4077120,Set,1,S
404-5779946-8294705,Set,1,XL
171-3752482-9896368,Western Dress,1,M
404-8795524-7601967,Western Dress,1,M
408-7213165-2686714,Western Dress,1,XS
408-5261651-5813100,Set,1,XS
402-4827976-1789965,kurta,1,L
407-5448255-8209145,Western Dress,1,XS
402-3703147-0573968,Set,1,XL
406-9003981-5529944,Set,1,XXL
171-9120614-4581956,kurta,1,L
171-9120614-4581956,kurta,1,L
408-8963964-0295522,Western Dress,1,M
406-6408199-8644323,Set,1,XXL
403-5745441-9829942,Western Dress,1,3XL
405-9970321-3749913,kurta,1,4XL
408-1676635-9114733,Set,1,L
171-0414597-3811561,Western Dress,1,XXL
407-0741838-5685169,kurta,1,L
171-8113379-8261154,Western Dress,1,S
405-2291561-0292369,Top,1,XXL
171-2226550-7225150,Set,1,XXL
406-8346808-6025961,Top,1,L
171-3834278-0873912,Set,1,XXL
171-4697670-3077120,Western Dress,1,S
402-9673500-4048369,Western Dress,1,XL
406-4935092-2310721,Set,1,XS
404-3311513-5384355,Set,1,S
408-9888319-3338719,Set,1,L
402-0049090-9334728,Top,1,S
404-6236877-6659530,Western Dress,1,XS
171-5404065-6253133,Set,1,M
404-7235745-0273916,kurta,1,L
408-4464757-4405928,kurta,1,XS
407-7371747-6752352,Top,1,L
403-8117422-9205933,Top,1,L
403-8117422-9205933,Top,1,M
403-8117422-9205933,Top,1,L
403-9136799-9071513,Set,1,XS
403-9136799-9071513,Western Dress,1,S
406-0733079-2123505,Western Dress,1,3XL
406-0733079-2123505,Western Dress,1,3XL
406-0733079-2123505,Western Dress,1,XXL
404-4463361-3594718,kurta,1,5XL
406-6507821-5436331,kurta,1,XL
405-3389129-9845127,Western Dress,1,3XL
171-8015944-5860336,Set,1,L
406-1269558-4593137,Western Dress,1,S
405-7255807-7314723,kurta,1,S
403-2193594-9837113,Set,1,XS
408-0183594-3284332,Set,1,L
405-2617684-3433118,Set,1,S
402-6481785-6953924,Set,1,XXL
404-4552818-5973930,Set,1,M
405-4530446-3296334,Set,1,XL
407-1382543-9163535,Set,1,XXL
406-4832106-6166727,Set,1,XL
403-9443604-2274726,kurta,1,L
406-5607981-4493925,Western Dress,1,M
405-2157228-1793928,kurta,1,S
405-2157228-1793928,kurta,1,S
406-7800364-2205943,kurta,1,XS
408-0271666-2035556,Western Dress,1,M
402-7097334-3254722,kurta,1,S
405-7175689-5417107,kurta,1,XXL
402-0493093-7912316,kurta,1,XS
407-6020558-3425129,kurta,1,XXL
403-7563212-5658766,kurta,1,M
171-4303158-2349162,Top,1,XXL
402-1034414-6145919,kurta,1,L
408-8655159-0281154,Set,1,XL
171-4163719-3676325,Set,1,M
407-4069954-1902767,kurta,1,XL
403-0482182-3337933,Set,1,XXL
407-5506227-5861967,kurta,1,L
408-3586716-5893950,Western Dress,1,M
406-4566366-3559538,Western Dress,1,XS
171-9365315-2277107,Western Dress,1,XL
403-2180262-4786728,Set,1,M
406-3268626-9735558,kurta,1,L
403-1140644-9194733,kurta,1,XS
403-1850740-1578715,Set,1,L
402-2762284-2670704,kurta,1,XL
402-5620558-9745166,Western Dress,1,M
408-1731959-4429118,Western Dress,1,L
408-7109764-6837109,kurta,1,XL
404-6555687-0065912,Top,1,XS
406-9964076-6507527,Set,1,3XL
402-7033530-5561135,Top,1,XL
406-6771752-0197968,Set,1,S
404-7432844-2758711,kurta,1,L
406-2501001-9157943,Set,1,M
403-1012368-1358729,Set,1,S
402-4840602-6792311,Set,1,XS
404-4370859-7245103,Western Dress,1,L
408-8165448-1125940,Set,1,L
402-1106053-9773948,Western Dress,1,XL
404-9443733-4066702,Set,1,XXL
402-6665079-3706722,kurta,1,XXL
171-5892812-9936321,kurta,1,3XL
171-5892812-9936321,kurta,1,3XL
404-3314140-4470765,Set,1,L
171-9547354-2059525,Set,1,M
171-9547354-2059525,Set,1,M
408-9279278-3571515,Set,1,L
403-5192854-0416350,kurta,1,XL
408-7137989-1954751,Western Dress,1,L
407-3199594-3884353,Set,1,L
402-1582382-2457907,Western Dress,1,3XL
402-6521648-5139539,Western Dress,1,M
407-6041791-3419545,kurta,1,XXL
406-5622809-3917910,Western Dress,1,XL
171-5846236-4240365,kurta,1,M
402-1537246-1222730,kurta,1,M
406-9549279-9200301,kurta,1,S
171-8055502-7797136,kurta,1,XL
408-6038462-4359501,kurta,1,3XL
406-2455553-2815501,kurta,1,XS
402-8798556-2756314,Western Dress,1,S
408-8211184-2215567,Set,1,3XL
402-0417453-7213908,Set,1,XS
407-9697667-0769158,Set,1,L
402-5791226-3424339,Western Dress,1,XL
405-8653498-3245150,Set,1,M
405-7390787-3532310,kurta,1,XS
405-9681209-8204321,Set,1,L
406-3037399-8413923,Western Dress,1,L
171-5738929-4422732,kurta,1,3XL
405-6621855-8285129,kurta,1,3XL
406-6340114-3614727,kurta,1,XXL
406-2058181-3874723,Set,1,S
407-5900447-7833125,kurta,1,L
403-7501910-5949122,kurta,1,M
171-7886696-6539544,Western Dress,1,M
403-9892914-7816368,Set,1,XS
171-9328390-4751510,kurta,1,XXL
402-1242547-9787523,kurta,1,L
407-5609263-4041108,Set,1,L
171-6789424-6254717,Set,1,XS
404-6447410-2761133,kurta,1,M
403-9796743-0837100,Western Dress,1,L
405-2153597-7721149,Western Dress,1,L
407-1500519-1442755,Set,1,XXL
405-3764412-6461921,Western Dress,1,XS
402-8687145-9010703,Set,1,S
407-5258671-2481954,Set,1,S
406-6849071-4629151,Set,1,XXL
403-7748008-1505921,Western Dress,1,M
406-4405470-0541154,Set,1,XXL
408-0826969-3532334,kurta,1,L
406-6415754-0567542,Set,1,L
403-4405632-4528357,Set,1,M
402-0734588-5405909,Top,1,XXL
171-7270529-8821127,Western Dress,1,XL
404-4305565-2548363,Blouse,1,XXL
405-2002593-7341133,Set,1,XXL
408-0546894-5433927,Western Dress,1,XS
402-5280062-1473166,Set,1,XXL
404-6516897-7017900,Set,1,S
403-6955245-5204307,kurta,1,XL
403-6955245-5204307,kurta,1,XXL
402-6561984-9277107,Western Dress,1,XL
406-1912049-7776307,kurta,1,L
405-5398895-8886756,Top,1,L
408-3683446-5567543,kurta,1,XL
408-9652192-0893109,kurta,1,M
404-7491694-3922701,kurta,1,XL
402-5794302-2157966,Set,1,3XL
404-2705954-5160329,Set,1,XL
408-0919146-0986716,Western Dress,1,M
403-5953571-5929956,Set,1,XS
404-4772401-3043534,Set,1,XL
408-3580032-6029968,Ethnic Dress,1,3XL
402-7974854-7203521,Set,1,3XL
171-0583932-6809141,kurta,1,XXL
406-5698065-1069956,kurta,1,L
406-5698065-1069956,Set,1,L
403-7769377-7365940,Western Dress,1,3XL
405-0011696-2238741,Western Dress,1,XL
171-5026557-1669149,kurta,1,XXL
171-7188918-1361166,Set,1,S
404-8170098-3765927,Western Dress,1,XS
402-9908648-0221148,Set,1,L
171-1622344-9865924,Western Dress,1,M
171-6309862-9041122,Western Dress,1,XXL
171-6309862-9041122,Western Dress,1,XXL
406-7275238-0089117,Set,1,L
402-8254349-2617101,Western Dress,1,M
405-0487456-0297131,Set,1,XL
407-0863351-7784340,Western Dress,1,3XL
407-0863351-7784340,Western Dress,1,3XL
408-1755903-6050754,Western Dress,1,XS
405-4093475-7440339,kurta,1,L
406-0740186-1938720,Western Dress,1,XL
408-4151887-9333113,Set,1,S
403-6735520-5131559,kurta,1,XL
408-3255847-2382727,Set,1,3XL
405-5400043-1680314,kurta,1,5XL
408-6495115-9034767,Ethnic Dress,1,XS
408-6561370-7317938,Top,1,XL
407-0752169-7329106,Set,1,L
171-7356357-1977140,Set,1,XS
171-0452578-4639521,Bottom,1,XXL
171-0452578-4639521,kurta,1,3XL
171-0452578-4639521,Set,1,XXL
171-4377257-6277968,Set,1,S
403-7785461-8578748,kurta,1,L
403-1675230-3168347,Set,1,M
404-9995432-0568368,kurta,1,L
408-9292829-1200314,Set,1,XXL
408-3702392-1605938,Western Dress,1,XS
408-2786444-1171538,Western Dress,1,M
408-2786444-1171538,kurta,1,L
404-6616902-2905101,Set,1,XXL
405-2008934-2640353,Set,1,S
403-7985777-1731522,kurta,1,XL
405-4099387-6368312,Top,1,XXL
408-7918824-7924301,kurta,1,L
404-6213331-1501921,kurta,1,XL
404-8406731-6601123,Set,1,S
405-5497035-3992338,Set,1,3XL
404-9838774-9938752,Set,1,XS
407-3780136-3806728,kurta,1,XXL
404-2065239-9710729,kurta,1,XS
408-1926915-9537103,kurta,1,S
405-1281502-2406708,Set,1,L
408-7689316-8976350,kurta,1,XXL
407-8304546-5811556,kurta,1,M
405-0189350-1044301,kurta,1,L
404-5031156-9566736,kurta,1,XXL
403-5918402-1236316,Set,1,XS
408-2028447-2206715,kurta,1,3XL
405-5127371-1596321,kurta,1,L
407-9224357-8638767,Western Dress,1,XS
406-8608900-5738737,Set,1,M
407-5593370-9836367,Set,1,XL
405-1797493-9968367,kurta,1,L
408-6167132-1925157,Set,1,XS
408-9574227-5687559,kurta,1,L
408-6658656-1193925,kurta,1,3XL
405-0059792-0368333,kurta,1,M
403-5702610-6179509,kurta,1,XL
407-5043643-3941935,Western Dress,1,XL
406-5988815-0713966,Western Dress,1,S
404-9302202-1325111,Western Dress,1,S
406-5295086-3357947,Western Dress,1,M
171-6484582-8605144,Set,1,S
404-4532144-0345145,kurta,1,XS
407-4843822-3528333,Western Dress,1,M
405-8806439-1922765,Set,1,L
408-8391261-0830740,kurta,1,L
407-3929779-0184312,Western Dress,1,XS
402-2197279-3825149,Set,1,XXL
407-5654264-1725168,kurta,1,XL
171-5140994-3661100,kurta,1,3XL
404-3840683-4687526,Set,1,L
406-1511872-9825910,Western Dress,1,XS
171-2087978-5437933,Set,1,XXL
171-8419761-3938705,Top,1,XL
171-8419761-3938705,Top,1,XL
406-0250691-5275502,Western Dress,1,XS
408-7068640-2696350,kurta,1,3XL
402-5761354-9833924,Western Dress,1,M
407-3168604-4716357,kurta,1,XL
405-3844263-1527561,Western Dress,1,M
405-8260164-3594712,Set,1,S
405-2720804-2301122,Set,1,M
407-0377664-8615535,kurta,1,XXL
407-6780475-5432317,Western Dress,1,XXL
407-6780475-5432317,Western Dress,1,XXL
408-9678244-3505141,Western Dress,1,XL
404-3619502-5270762,Western Dress,1,XL
405-9912333-6525941,Set,1,S
407-4304861-7048336,kurta,1,XXL
405-8826065-2552329,Set,1,XS
404-7146422-0982733,Western Dress,1,XXL
403-3555731-8441151,Set,1,L
171-1758081-0585148,Western Dress,1,XS
402-1826657-4494754,kurta,1,3XL
171-5691390-6847510,kurta,1,XL
407-7161845-8488359,Western Dress,1,S
402-2207542-3025902,kurta,1,XL
402-9861099-1136309,kurta,1,XL
403-0448740-3350739,kurta,1,3XL
408-6502489-6125967,Set,1,S
407-2689856-0793107,Top,1,M
405-7267616-0403517,kurta,1,L
405-8879992-9721938,kurta,1,XXL
405-8879992-9721938,Set,1,XXL
403-2245907-1966732,kurta,1,XL
402-3155156-2795506,Western Dress,1,XXL
407-7450074-9594709,kurta,1,XXL
406-4634050-6542758,Set,1,L
406-4634050-6542758,kurta,1,L
406-4634050-6542758,Western Dress,1,L
406-4634050-6542758,Ethnic Dress,1,L
403-3689013-3262735,kurta,1,3XL
404-1528351-0974740,Set,1,3XL
402-6664776-0619517,Set,1,XL
408-5527060-6181926,Set,1,L
408-0505813-7611550,kurta,1,L
406-1898121-8135519,Set,1,S
171-2472530-6024339,Set,1,XL
407-5566241-4115515,Western Dress,1,3XL
404-7656261-5510750,Set,1,XS
404-6436259-8790746,Set,1,M
405-6649390-3587506,kurta,1,S
405-6649390-3587506,kurta,1,S
405-6649390-3587506,kurta,1,L
406-3071966-4061962,Set,1,XL
405-8055841-3119513,kurta,1,L
171-9031206-6103508,kurta,1,M
171-7662887-0352341,kurta,1,XS
403-3271323-9260306,Western Dress,1,S
402-0743977-4435545,Set,1,XL
406-5220630-2389102,kurta,1,L
407-0066877-1889163,Western Dress,1,XS
402-8489697-9004368,kurta,1,3XL
402-8807439-2160350,kurta,1,4XL
407-1877160-6737131,Set,1,S
407-6577472-1934716,kurta,1,L
408-3833449-7559502,Western Dress,1,XL
407-0103553-3265979,Western Dress,1,XS
406-1932099-0183541,kurta,1,3XL
404-3759777-0202744,Top,1,L
408-0273943-4635545,kurta,1,L
406-9834274-3920307,kurta,1,3XL
407-1034877-0312350,kurta,1,S
407-9393397-5379559,kurta,1,XXL
403-2006980-2432348,Top,1,M
407-7245070-1073151,kurta,1,L
404-6975053-3265905,kurta,1,XL
407-7035361-4503534,Western Dress,1,XL
171-6159845-6636316,Western Dress,1,XXL
405-6589082-5393964,Set,1,M
407-3607231-7017910,kurta,1,M
171-9725115-6769928,Set,1,XS
404-4335290-0806730,Set,1,S
405-9815562-0542701,Western Dress,1,XS
406-4828967-2288364,Set,1,M
405-1063785-7933919,Western Dress,1,S
408-0117954-7255503,Set,1,M
408-0117954-7255503,Set,1,M
408-8051501-0097137,Western Dress,1,XL
405-9946057-6973132,Western Dress,1,XL
402-3168459-7134744,Set,1,XL
408-8179697-6941103,Set,1,XL
171-6297448-2084300,Set,1,S
408-8000264-3060320,Set,1,XL
405-1109142-2551503,Set,1,L
408-6268142-2106732,Western Dress,1,M
408-2353374-6052344,kurta,1,XL
405-7487916-8832342,Western Dress,1,L
408-6802840-3834722,Bottom,1,L
403-4140401-4057165,kurta,1,L
402-9589106-6673155,Western Dress,1,S
404-3444080-3341935,kurta,1,XXL
405-7590358-1462766,kurta,1,XL
404-0265910-2741933,Set,1,XL
404-9453331-4518722,kurta,1,XL
406-0586521-0734718,Set,1,3XL
405-2261442-8207555,kurta,1,L
404-6322922-3350749,Set,1,XL
406-8843490-8234710,Set,1,M
402-6286420-2869935,kurta,1,3XL
407-7370626-1240323,kurta,1,6XL
408-7430644-6537908,Set,1,S
408-9197394-0576344,kurta,1,3XL
406-1536671-3737169,Set,1,3XL
405-9925298-0686766,kurta,1,L
171-8636007-2641949,Set,1,S
407-2477413-3431557,kurta,1,3XL
406-4021362-9300337,Set,1,3XL
403-0341329-7603555,kurta,1,XL
404-1414827-1043536,Set,1,XL
402-3749925-5121141,Set,1,M
403-2150639-3823521,Western Dress,1,3XL
407-0107735-6253919,kurta,1,XS
407-0107735-6253919,kurta,1,S
403-6784529-0529967,kurta,1,XL
407-4086018-6903501,Western Dress,1,M
403-3247424-6115552,kurta,1,3XL
405-1047120-6355536,Western Dress,1,S
406-1161762-4772340,Set,1,3XL
406-6290761-4699564,Top,1,XS
404-7184379-3267529,Set,1,3XL
171-7637159-0269162,Western Dress,1,M
171-3859859-6482704,Set,1,3XL
405-1731803-5657102,Western Dress,1,XL
405-9957961-9479520,kurta,1,M
406-4041584-6002768,Top,1,S
408-5473120-0285150,Top,1,XXL
407-0629574-3722742,Set,1,XL
402-8640496-3507511,kurta,1,S
407-9276013-6646730,Set,1,L
407-1150970-0008340,Western Dress,1,XS
407-7449340-9505951,Western Dress,1,S
404-8944622-2903508,Western Dress,1,XL
405-9156064-3131508,Western Dress,1,XL
405-8551680-9472317,Set,1,XL
403-6780929-2786705,Top,1,XXL
403-6780929-2786705,Top,1,XXL
407-2494358-3955561,Western Dress,1,XL
405-1263819-9705142,Top,1,L
405-4040044-6969138,Set,1,XXL
171-0653890-7656342,kurta,1,3XL
403-8876253-0427519,kurta,1,M
403-8876253-0427519,kurta,1,M
407-1939270-8553106,Western Dress,1,3XL
407-6399664-2920339,Set,1,S
407-5601629-5004309,kurta,1,L
408-1631285-4895542,Set,1,3XL
405-4289958-8956305,Set,1,S
171-7628253-6954711,Set,1,M
403-8178982-6691507,Set,1,XXL
406-3194416-0239569,Set,1,L
404-5964953-4609129,Top,1,XL
405-4093941-6301939,Western Dress,1,XL
405-1849933-1861132,kurta,1,S
402-1014242-0942761,Set,1,L
404-9895373-6733146,Western Dress,1,S
402-1910097-6769937,Set,1,M
405-8469106-3972344,kurta,1,M
171-2456757-8737952,Set,1,3XL
405-7646022-5261128,Set,1,L
402-1920727-0725902,kurta,1,XL
406-5178843-4089968,kurta,1,L
403-8363432-5013144,kurta,1,M
404-2773334-2688314,kurta,1,XS
171-8396202-9627501,kurta,1,M
408-1073742-3925129,kurta,1,XXL
171-6220869-5151528,kurta,1,XXL
171-1342902-7704337,kurta,1,M
406-7418652-1289141,Set,1,XL
406-7418652-1289141,Set,1,XL
171-5852813-1190757,Set,1,L
405-5868574-3917920,Western Dress,1,XXL
405-9006492-5962713,kurta,1,L
403-2258957-2469127,kurta,1,L
405-5894928-7942727,kurta,1,XL
408-0619668-0257107,kurta,1,XL
402-1362513-0473911,Set,1,M
403-2977201-9301129,Western Dress,1,S
171-5110969-6640352,Top,1,XL
402-5190191-1941160,Set,1,3XL
171-3314874-6521947,kurta,1,XXL
406-8378835-2549148,kurta,1,XXL
402-0306667-9733965,Set,1,3XL
403-4002073-0129154,Top,1,L
406-3607436-3587522,Set,1,L
171-0473548-8530711,Western Dress,1,XL
404-5929700-5898715,kurta,1,L
408-1877216-4609148,Western Dress,1,XL
403-4597891-5260335,Western Dress,1,L
408-8755669-8057151,kurta,1,M
408-2140134-9349134,kurta,1,M
405-6066251-2801122,Set,1,XL
402-6587703-0633953,kurta,1,XXL
408-9348210-6553905,Western Dress,1,XL
404-9560907-7014712,kurta,1,XL
408-1311624-8785164,kurta,1,XXL
407-8991239-7745136,kurta,1,L
171-0523400-2282734,kurta,1,M
404-6278275-6019556,Western Dress,1,L
403-3480299-6389901,Set,1,S
403-9102128-9893162,Set,1,3XL
171-3513744-6163552,Set,1,M
171-7993989-4549956,Western Dress,1,M
402-4181849-8188332,Set,1,XL
406-6356205-5799555,Set,1,M
404-9462103-6096342,Set,1,S
405-6980675-6210756,Set,1,XL
402-7496623-2933943,kurta,1,4XL
405-1001759-5158702,Top,1,L
408-4695527-1776352,kurta,1,XXL
402-9294381-6383511,Set,1,S
405-6060596-5379504,Western Dress,1,L
407-7498465-5671543,kurta,1,S
408-7872159-2897912,Set,1,XXL
402-3879240-6167539,Set,1,L
171-4340806-2477947,Western Dress,1,XXL
406-8158131-7716324,kurta,1,XXL
405-4031575-3879534,Set,1,M
402-9480874-7586768,Western Dress,1,M
403-2767654-9341936,Western Dress,1,L
407-8375459-9189953,kurta,1,3XL
406-4605269-6856367,Set,1,XL
402-2475148-3781911,Set,1,3XL
405-2428844-6044357,kurta,1,L
408-7042017-1561125,Western Dress,1,XL
407-8533600-2993927,Western Dress,1,XL
404-9953173-3081106,kurta,1,S
405-0412081-9077136,Set,1,XS
405-0412081-9077136,Set,1,XS
404-7462753-1429132,Western Dress,1,XXL
408-7513194-7686718,kurta,1,XXL
408-4427541-3940301,Western Dress,1,L
408-8628210-3112315,Top,1,L
402-1138000-8043567,Set,1,XL
403-6086243-0108328,Set,1,L
406-3913775-5035540,kurta,1,3XL
406-5244975-8697155,kurta,1,XXL
404-3450426-2260366,kurta,1,XL
403-7183435-7094722,kurta,1,XL
405-2061715-4052359,kurta,1,XL
171-7493974-1997144,Western Dress,1,S
406-8015405-0570755,kurta,1,3XL
404-1305406-4142739,kurta,1,4XL
405-8292359-6253144,kurta,1,XXL
405-8292359-6253144,kurta,1,XXL
402-2987164-2266754,Set,1,S
408-4588049-3868330,kurta,1,L
403-7536443-7641125,kurta,1,XS
405-4069079-3815505,kurta,1,XL
405-4069079-3815505,kurta,1,XXL
405-8165950-8684300,kurta,1,L
407-2778934-5031527,Set,1,M
405-6182770-6761133,Set,1,3XL
403-1927113-8775554,kurta,1,XXL
405-8500646-4148332,Set,1,XL
403-4235188-8796339,Set,1,XL
404-5968534-6739535,Set,1,XL
402-0843866-7500340,Set,1,S
408-1003042-0221942,kurta,1,3XL
406-2858667-7600358,Ethnic Dress,1,XL
171-6769243-0097163,Set,1,L
407-8942507-1464369,Western Dress,1,L
403-5425358-9829904,kurta,1,XXL
403-2617099-4875516,kurta,1,XXL
405-5582837-7569929,Top,1,XXL
408-5456691-0526763,kurta,1,M
171-9087848-2099523,kurta,1,S
408-6471608-1241945,kurta,1,3XL
171-7732053-8593966,Western Dress,1,L
408-0481519-3702739,Western Dress,1,XL
407-5972431-4815509,kurta,1,L
404-8875682-8612327,kurta,1,XL
402-5640703-7277118,Set,1,XL
408-4809228-9572306,kurta,1,M
403-4675416-8371545,Set,1,M
407-7008834-1393933,Set,1,M
403-7497954-6801933,Set,1,XXL
408-7122716-2542749,kurta,1,S
404-2607547-0122718,Set,1,M
407-5501658-9475539,Western Dress,1,XXL
404-6541423-0061916,kurta,1,L
407-2316032-4958730,kurta,1,3XL
403-0362317-8629928,kurta,1,3XL
406-8505829-9204331,kurta,1,XXL
403-4377486-4233951,kurta,1,M
407-0870544-7865112,kurta,1,XL
408-5236112-1992334,kurta,1,XL
407-2313140-9975528,kurta,1,XL
403-0739253-1525956,Western Dress,1,XL
406-4999268-4054702,Set,1,S
408-9614063-7545903,Set,1,S
408-4027214-2119547,Set,1,XL
404-2027683-7511554,Set,1,XL
403-7846907-7044343,Western Dress,1,L
406-6941380-8854706,kurta,1,3XL
405-9710103-9845131,Western Dress,1,S
403-9273871-6349109,kurta,1,XXL
404-2571286-1447532,Set,1,XS
405-4161607-8566744,kurta,1,XS
171-7838562-8659514,Western Dress,1,L
171-1358832-4310703,Set,1,3XL
402-6016429-2106731,Western Dress,1,XXL
405-7601655-7049134,Set,1,L
407-6752197-9561949,Set,1,L
405-8225759-6200352,kurta,1,M
405-9114009-1385932,kurta,1,XL
408-0631655-3729910,Western Dress,1,XXL
405-1372599-9849159,Set,1,XL
408-4105180-7820306,kurta,1,XL
407-1626983-5615536,Set,1,L
407-1626983-5615536,kurta,1,L
404-8639026-7588365,Set,1,XS
408-1422072-2165141,Set,1,XL
408-8921879-4401169,Western Dress,1,3XL
171-9304663-3873119,Top,1,S
403-9518119-8343516,Set,1,XL
404-3176832-5707557,Set,1,XS
404-0777587-9205911,Western Dress,1,M
407-5354278-4673159,kurta,1,XXL
404-3912755-9350728,Set,1,XL
404-4730932-3830749,kurta,1,XL
408-2486404-2061168,kurta,1,L
408-9990907-5029106,Set,1,M
404-3958319-2885914,Western Dress,1,L
171-1997814-1766757,kurta,1,XXL
406-8613860-9745100,Western Dress,1,M
404-5297989-5193907,kurta,1,XXL
403-4901033-5743564,kurta,1,XXL
405-1183699-4954719,kurta,1,M
403-7770949-1682718,Set,1,XXL
403-7770949-1682718,Set,1,XL
402-1114501-5836355,Top,1,3XL
171-1916559-6852305,Top,1,M
171-1916559-6852305,Top,1,L
407-9978141-4034730,Set,1,L
405-1505658-9407563,Set,1,L
404-1749889-4060303,kurta,1,3XL
171-0547020-6457112,Set,1,L
406-1585079-0798711,Bottom,1,3XL
406-1585079-0798711,Bottom,1,3XL
407-2184199-2726708,kurta,1,S
405-9542084-5197121,Set,1,S
403-6551256-0363531,kurta,1,XXL
407-5071018-6817137,kurta,1,3XL
403-6120415-6253142,Top,1,M
404-8835901-0625145,Set,1,L
405-6377659-8496353,kurta,1,XXL
402-7802067-2846726,Set,1,XXL
402-3113982-5140304,kurta,1,S
406-0928345-0911561,Set,1,M
408-0785704-8064315,Set,1,M
171-8703833-6373127,kurta,1,XXL
406-4691585-5498735,Set,1,XXL
171-4163252-8407508,Western Dress,1,XXL
402-6955648-5742709,Set,1,L
403-7061794-2168311,Western Dress,1,XL
402-8848961-5895510,Western Dress,1,M
402-5905113-8936337,Western Dress,1,L
408-4343900-7885923,kurta,1,XXL
406-4096665-3957128,kurta,1,XL
404-1497185-4129156,kurta,1,XL
407-7398789-9504324,Set,1,XL
403-4920410-6777934,Set,1,L
403-7132244-7651505,Set,1,XL
403-7132244-7651505,Top,1,XL
407-4757891-1658760,Bottom,1,L
405-3135287-4886760,Western Dress,1,M
402-6615496-7885951,Western Dress,1,XXL
404-3316677-8339520,kurta,1,3XL
403-6423794-3249908,Western Dress,1,XL
171-9558955-1101155,Set,1,S
403-0500459-4508336,Western Dress,1,L
171-6205508-9049912,Set,1,M
171-1462664-9051539,Set,1,M
406-1826811-8274718,kurta,1,6XL
406-1826811-8274718,kurta,1,6XL
402-1455544-0215531,kurta,1,L
403-5781915-7536333,Set,1,XXL
171-4574832-2607555,Western Dress,1,XXL
402-7537787-1175516,kurta,1,L
405-5785052-1218752,Top,1,M
403-8988440-3803569,Set,1,M
407-2567959-8710743,kurta,1,XL
406-2673694-4309928,kurta,1,L
407-3273960-8088328,Set,1,XXL
171-0529328-0129941,kurta,1,XL
171-4563451-5461124,Western Dress,1,XL
402-4606315-8547569,Western Dress,1,XXL
407-5445607-5710711,Set,1,L
408-1394827-9162738,Top,1,XS
406-1145712-1552350,kurta,1,L
408-9304973-8966767,Set,1,S
406-0471899-1212344,kurta,1,3XL
405-5836451-8595516,Ethnic Dress,1,XS
403-2099578-7288343,Ethnic Dress,1,M
171-0194359-7084372,Set,1,3XL
406-2922747-8220335,kurta,1,L
405-1716629-1033959,Western Dress,1,S
404-6202667-8241903,kurta,1,L
406-3136848-4218713,kurta,1,3XL
405-0525160-4649159,Set,1,XXL
407-0961734-2425153,Western Dress,1,XL
402-5472084-1085151,Set,1,M
402-5472084-1085151,Set,1,M
403-1239180-8574731,Set,1,L
406-9482893-4757100,Set,1,S
405-3359349-6774716,Western Dress,1,XL
407-7953921-3149953,kurta,1,M
403-8503540-4392346,Set,1,XS
403-8503540-4392346,Set,1,XS
403-8503540-4392346,Set,1,M
171-7179602-1203537,Set,1,XL
402-9933193-0909137,Set,1,L
403-8264549-5224300,Western Dress,1,XXL
406-2251408-9432341,Western Dress,1,XL
408-7866121-8533105,Set,1,M
171-6066106-9273140,Western Dress,1,M
404-3352266-4981157,Set,1,XXL
406-5098257-3158768,Set,1,S
408-7672575-0281953,Set,1,XXL
408-9469866-8834737,Set,1,XL
407-2904896-8005905,kurta,1,3XL
407-2904896-8005905,kurta,1,3XL
404-4111702-0494702,Set,1,L
406-6359850-6369127,Set,1,M
404-3300388-4840350,kurta,1,L
404-1553566-8830739,kurta,1,5XL
404-8525819-8369900,Set,1,XS
408-6852011-6724350,Western Dress,1,M
171-9831771-9230725,Set,1,M
404-6077005-7061105,Bottom,1,L
402-7486466-3736349,Western Dress,1,XL
171-2580309-1809953,Western Dress,1,3XL
408-9491311-7450736,Western Dress,1,M
171-7831113-8955568,kurta,1,L
404-0913885-6630768,Set,1,S
403-2901321-1719501,Set,1,XL
405-5037513-1259552,Set,1,XXL
403-0050542-4905101,Western Dress,1,S
402-8846215-4181130,Set,1,S
403-7654893-6429906,Western Dress,1,S
171-0722056-4935563,kurta,1,S
402-9268103-8461958,Western Dress,1,XL
406-2587588-0849927,kurta,1,XL
403-3148026-7474712,kurta,1,3XL
402-8813621-1697924,Western Dress,1,XXL
406-0430265-6980325,kurta,1,L
171-3434096-0980314,Set,1,3XL
405-7165239-4383543,Set,1,S
406-0570076-4109132,kurta,1,XL
407-0496429-4118725,Set,1,XXL
406-8252229-2796332,Set,1,XL
171-7600521-6685911,Set,1,M
407-0408673-1297907,Set,1,S
405-1517556-3910720,Western Dress,1,L
402-2199783-6192302,Top,1,S
403-9409547-9336364,Set,1,M
407-4841842-9970709,kurta,1,XL
402-1220911-6477913,Set,1,M
403-5321048-7932357,kurta,1,XL
408-6950608-5153120,kurta,1,XXL
402-0692870-2855551,kurta,1,3XL
403-7335509-7412322,kurta,1,XL
403-9003241-8425928,Set,1,L
407-3170945-7796355,kurta,1,M
407-8794840-5277904,Set,1,M
406-2958287-4428310,Set,1,XXL
405-0088079-3937953,kurta,1,XL
402-5625957-8049958,Bottom,1,XL
171-1387470-9675504,kurta,1,L
405-0927232-7193119,Set,1,3XL
406-2511912-5238732,Set,1,L
408-7497936-5072347,Set,1,3XL
403-1498504-0850761,kurta,1,3XL
403-1498504-0850761,kurta,1,3XL
403-6491630-4065902,kurta,1,XXL
403-6491630-4065902,kurta,1,XXL
402-3994540-2525902,Western Dress,1,XL
403-1790150-6188337,kurta,1,XL
404-6085175-5597150,Top,1,M
403-8793656-9790714,Western Dress,1,M
403-4229338-3936348,kurta,1,XXL
403-6154557-5057101,kurta,1,3XL
403-6154557-5057101,Western Dress,1,3XL
405-4417601-4298740,Western Dress,1,L
171-4773395-6402706,kurta,1,XL
171-4045145-0349128,kurta,1,M
404-6505172-5129119,Set,1,L
404-8025469-0205158,Western Dress,1,XL
404-5748501-8809132,kurta,1,3XL
406-8662679-7622755,kurta,1,3XL
403-0247717-7049978,Western Dress,1,XL
171-4026947-2714728,Set,1,L
406-4986125-9456361,Set,1,XS
171-5010081-9607564,Top,1,XXL
402-5531582-1663569,Western Dress,2,M
406-5707966-5118751,Set,1,L
405-1555940-5343528,Set,1,S
405-4410593-0855509,Set,1,M
406-9407075-7107512,kurta,1,3XL
404-5275650-7423568,Western Dress,1,S
408-1829085-5734717,Set,1,L
408-1829085-5734717,Set,1,M
408-5991995-6249168,Western Dress,1,XL
407-3684857-0697147,kurta,1,L
408-3459142-6717930,Western Dress,1,XS
408-3459142-6717930,Western Dress,1,XS
408-7447427-0950732,kurta,1,XL
406-2200475-2296347,Set,1,S
404-8702991-9301108,Western Dress,1,S
402-0380932-4913923,Set,1,XS
406-8960019-2580321,Set,1,M
171-7734273-7665127,Top,1,XXL
408-7684932-4724342,kurta,1,XXL
402-9905096-7491527,Top,1,XXL
403-3065404-0711515,Set,1,M
403-0710422-8181144,Set,1,XL
404-7456884-8112364,Set,1,XXL
171-0028052-5114773,Set,1,M
403-3738434-5041142,Set,1,M
402-1325112-1322768,Set,1,XS
407-8054116-4378714,Top,1,XXL
403-6572399-5043526,Set,1,S
405-3830633-1141952,kurta,1,M
171-5819775-6001141,Set,1,3XL
404-1496137-7796369,Set,1,3XL
405-9883715-7442758,kurta,1,XXL
405-3674605-0777128,Set,1,3XL
407-6521182-8050722,Western Dress,1,M
171-8337240-6507514,Western Dress,1,XXL
404-6970930-1263529,Top,1,XXL
404-6970930-1263529,Top,1,XXL
403-1669923-3501121,Set,1,XXL
402-2318012-7061953,kurta,1,XL
407-6122094-5827567,Western Dress,1,XL
406-7002738-6251508,Set,1,3XL
406-8794512-6588346,Top,1,M
402-7244080-3827500,kurta,1,3XL
171-4795976-4988327,Set,1,S
405-7801019-5269101,Western Dress,1,M
408-2535643-2655542,Set,1,M
406-5298373-0379534,kurta,1,L
404-3204171-9024304,kurta,1,L
171-4683811-0373131,Set,1,XXL
406-5923394-6834710,kurta,1,3XL
406-8699293-3949148,Set,1,XL
404-9605365-4451510,Western Dress,1,L
171-4161690-8509900,Set,1,XL
404-4497326-7391536,Set,1,S
407-5024910-7424346,kurta,1,S
408-7162224-4894706,Set,1,L
408-9146459-8940303,Western Dress,1,M
171-6342499-3397109,kurta,1,L
407-9255916-3593963,kurta,1,XXL
407-4198633-3161114,Set,1,3XL
408-6357760-6064311,Set,1,XXL
406-3065707-7202726,Western Dress,1,M
408-1458501-4745109,Western Dress,1,M
403-2237276-4788319,Set,1,M
171-5520376-1948325,Western Dress,1,M
403-0637463-9747542,Set,1,3XL
405-7253365-9978721,Set,1,M
405-3742783-6553118,Set,1,XL
171-0547069-1826741,kurta,1,S
406-7371860-0477108,kurta,1,XXL
402-0018480-5374732,Set,1,L
406-4322923-7057130,Set,1,M
406-5425021-9357130,Set,1,XL
403-8319948-0972361,Set,1,M
402-2186559-2880362,kurta,1,M
403-2230050-2111547,Set,1,XS
402-6671573-6287512,Set,1,M
402-0667054-1586764,kurta,1,XL
402-0667054-1586764,Set,1,XL
402-9790514-3554702,Set,1,S
402-3436775-4793968,Top,1,3XL
406-8419415-2279549,Western Dress,1,M
408-6428607-4936353,Set,1,L
403-6326940-4958767,kurta,1,M
408-2874117-8969923,Top,1,XL
405-4912847-6612347,Bottom,1,XXL
408-4360051-1233968,Set,1,L
408-2749061-0476325,Top,1,XS
408-0119520-1076373,Set,1,M
406-0039291-9895525,kurta,1,3XL
408-4596527-7881900,kurta,1,M
171-5673954-4229916,kurta,1,XL
407-0235942-0343505,kurta,1,L
404-9780001-2817136,kurta,1,XXL
406-1734294-3881951,Set,1,3XL
408-5679116-4889135,kurta,1,L
403-8803536-1107530,Set,1,M
403-1430820-6136357,Set,1,XXL
406-0378619-0210740,kurta,1,L
402-0287932-8909120,Set,1,3XL
402-0287932-8909120,Set,1,3XL
404-6398186-6089905,Set,1,M
408-8073037-4210721,Set,1,3XL
408-4412081-2867540,kurta,1,XXL
408-8963783-8777902,Set,1,XXL
407-8369145-9898762,Western Dress,1,XL
408-6844648-0885105,Set,1,L
171-1553325-2612304,Western Dress,1,XL
403-1988051-6932332,Set,1,M
407-0765540-1629958,kurta,1,XS
408-5250841-2972331,Set,1,M
406-8024982-8657940,Set,1,3XL
408-6095639-2883519,kurta,1,XL
406-3766622-1588335,Set,1,XL
408-7011543-9524334,Top,1,XL
408-1398443-7111502,Set,2,3XL
405-0669094-9945157,Set,1,L
404-0703995-9378738,Western Dress,1,S
407-8525175-4685154,Set,1,L
407-3999564-1459502,Set,1,S
408-3318926-0925165,kurta,1,3XL
408-3318926-0925165,kurta,1,3XL
408-3318926-0925165,kurta,1,3XL
408-3318926-0925165,kurta,1,3XL
402-5304034-9193109,kurta,1,5XL
402-1613300-2531566,Western Dress,1,S
405-0200736-9748339,Western Dress,1,3XL
403-5807372-4204314,kurta,1,L
407-2959822-0696312,Set,1,XL
408-7328091-2545111,Set,1,M
408-9973197-2350743,kurta,1,M
406-2163868-6407500,kurta,1,L
404-0115351-6883555,kurta,1,3XL
403-0677408-2003539,Set,1,XL
407-8292708-3875566,kurta,1,XXL
406-1322184-8811555,Western Dress,1,L
403-0037095-6733178,kurta,1,L
404-2985055-2955565,Set,1,M
402-5263172-0455545,Western Dress,1,S
407-8710448-0381147,Set,1,XS
403-4169356-5883557,Set,1,XL
171-6440118-2537118,Set,1,L
406-9722288-7307544,Set,1,M
406-1229126-4599544,Western Dress,1,XXL
405-2629688-9831522,kurta,1,M
405-2629688-9831522,kurta,1,M
402-0295272-1137164,Top,1,XL
407-2704732-7441166,Western Dress,1,L
404-4440447-0627519,Top,1,L
402-6985555-3875525,Western Dress,1,L
404-4075103-3964347,Top,1,S
406-1929901-8170747,Set,1,M
406-5883169-4732347,kurta,1,XXL
405-7188123-0277957,Western Dress,1,L
402-8942422-6659533,Western Dress,1,L
407-8889741-4942724,kurta,1,XL
406-1611299-7641900,Western Dress,1,L
402-7155915-0830749,Set,1,XL
402-0744876-4418720,Western Dress,1,S
171-2711877-1497967,Set,1,XL
408-9962362-5161130,Top,1,S
405-4288715-4192309,Set,1,XL
407-7314939-1827552,Western Dress,1,S
408-6926745-4201151,Set,1,XL
402-7082118-4564368,kurta,1,L
406-6932133-8749159,Set,1,3XL
171-1357039-7644322,kurta,1,XXL
171-1357039-7644322,kurta,1,XXL
407-6374182-0841907,Set,1,M
406-3708745-0240366,kurta,1,XL
404-8014584-8647557,Blouse,1,XL
407-1598730-7657139,kurta,1,XXL
407-1598730-7657139,Western Dress,1,XXL
405-1180132-0863508,kurta,1,XL
171-7199350-9208346,Set,1,S
408-3064213-8805114,kurta,1,XL
402-2538818-8769906,Set,1,XL
404-5795498-3521141,Set,1,3XL
403-0999348-0593934,Set,1,L
404-9333669-7597962,Western Dress,1,XL
404-4254628-6593114,kurta,1,XL
408-4275541-0444339,kurta,1,L
405-3951200-0640349,Set,1,S
404-2404586-8753102,Set,1,S
405-2410680-5956345,Set,1,XL
402-4462059-7485137,Set,1,3XL
402-4462059-7485137,Set,1,3XL
406-3445705-6424358,Western Dress,1,XL
406-8932517-6985106,Set,1,3XL
406-8331166-4592340,kurta,1,XXL
404-4260032-4633116,Set,1,M
406-1518470-2079537,kurta,1,XL
406-0507845-5459539,Set,1,L
408-7598019-0174706,Set,1,L
171-1554207-8349901,kurta,1,XXL
403-8868729-8817153,Set,1,M
402-3534721-9691528,Set,1,XL
171-7197882-3752356,Set,1,3XL
402-0937731-4205939,Western Dress,1,XL
171-1364103-1559561,Set,1,M
402-3268720-0158712,Set,1,S
402-9778767-7608314,kurta,1,XL
408-9298426-3901141,kurta,1,S
408-1220311-7076362,Set,1,M
405-4772986-1285129,kurta,1,L
171-3950519-8038717,Set,1,M
407-8025673-3637951,Set,1,S
408-9288995-4809114,Set,1,3XL
406-7597134-8983503,Western Dress,1,L
403-3721148-3880349,Western Dress,1,XL
403-7633998-3247520,kurta,1,XL
403-1739771-2643527,Top,1,XL
171-3975852-6756317,kurta,1,3XL
402-0363209-1812350,Set,1,XL
406-0490597-1968333,Western Dress,1,S
407-7726791-6885122,Set,1,L
403-0704596-6518762,kurta,1,XXL
403-0704596-6518762,kurta,1,XL
405-7988017-1496325,Top,1,XL
405-2090078-9410737,kurta,1,XL
407-1945960-7749965,Set,1,L
407-6377140-5730708,kurta,1,L
404-1988327-2337903,Set,1,L
403-6780497-4014726,Set,1,S
407-3412864-8706739,Western Dress,1,L
406-4865361-8406758,kurta,1,XL
171-6951814-7602764,Top,1,XXL
404-9162168-9409155,Set,1,M
405-4356721-5304346,Set,1,M
405-5693426-5029924,Set,1,M
404-8027298-1890721,kurta,1,L
403-2858713-6966750,kurta,1,M
171-3675063-5425127,Set,1,M
171-7957376-8296338,Bottom,1,M
408-1787512-5126714,Set,1,L
402-9599823-2115507,kurta,1,XXL
402-9599823-2115507,kurta,1,XXL
404-8401049-3782721,kurta,1,3XL
408-6853681-2012313,Set,1,XXL
403-2527056-0609147,Set,1,S
405-0143892-2534720,Set,1,M
407-0017458-6593903,Top,1,XXL
404-7650429-7046709,Set,1,L
404-0929373-3178715,kurta,1,M
171-0365724-8021116,kurta,1,S
171-6270068-7093106,kurta,1,XXL
407-9684616-6325138,Western Dress,1,L
404-3607225-6385952,Set,1,XXL
402-7761238-1883546,kurta,1,S
405-5191599-0428362,Western Dress,1,XXL
405-6775239-7751515,kurta,1,XXL
407-5319090-5038753,kurta,1,M
403-6274532-5388348,kurta,1,XS
407-3991197-5887569,kurta,1,S
402-5957477-6532347,kurta,1,L
402-8208045-1353934,Western Dress,1,L
403-5780911-4283516,Set,1,M
406-2055725-9997942,Set,1,L
405-6340952-6738766,kurta,1,3XL
405-6340952-6738766,kurta,1,3XL
405-1466132-2350748,Set,1,XL
171-0620427-1546747,Set,1,XS
404-8603799-7985117,Set,1,XXL
402-8328260-4440368,Set,1,L
404-1861789-3386724,Western Dress,1,L
404-1861789-3386724,Western Dress,1,XS
402-7352194-8426749,Set,1,L
405-8259491-0610744,kurta,1,3XL
408-8364169-2557964,Set,1,XL
408-3981156-6478763,Set,1,XL
408-3981156-6478763,Set,1,M
406-7183458-1603536,kurta,1,L
403-5592519-5686723,Set,1,M
405-5276318-8110725,Set,1,M
402-8534643-5475558,kurta,1,XXL
404-5918158-9834742,Western Dress,1,L
403-1371121-4572363,kurta,1,S
403-8357944-0354714,Set,1,XS
404-6829959-9317149,kurta,1,XXL
404-6829959-9317149,kurta,1,L
406-0066864-1871573,kurta,1,M
171-9721466-2455507,kurta,1,3XL
404-9222800-9906710,Set,1,L
405-2882278-1087524,kurta,1,XS
406-6904923-9645139,Top,1,S
402-5994088-5107506,kurta,1,XL
408-3263452-5489136,Western Dress,1,S
405-5433720-4920352,Western Dress,1,XS
402-8996032-2352319,kurta,1,S
407-4792308-9697955,kurta,1,XXL
404-1329808-2438762,Set,1,S
407-6215702-3098706,Western Dress,1,XL
404-6472599-1050757,kurta,1,XXL
407-2729070-8611534,Top,1,XL
171-6826661-9237168,Set,1,XS
403-6408567-2093968,Western Dress,1,3XL
405-7245669-0462710,kurta,1,3XL
406-3398233-6584301,kurta,1,XL
402-7549156-4692301,kurta,1,M
171-3192819-6769125,Set,1,L
403-6474323-5729151,kurta,1,S
171-8446864-3108337,Set,1,3XL
402-1660038-1422740,Western Dress,1,L
171-6970875-6908334,Western Dress,1,XL
402-8465311-4118700,kurta,1,XL
403-5314784-8271520,Set,1,M
404-5143080-5882728,Set,1,L
171-9250291-2733150,Top,1,XS
403-4330625-5822719,Set,1,L
407-8933374-6189903,Set,1,L
403-5988960-9412361,kurta,1,S
405-0127421-4965138,kurta,1,S
405-0127421-4965138,Western Dress,2,S
403-0867097-8868324,Western Dress,1,L
406-1841357-5182753,Set,1,XS
408-4090588-2509143,Top,1,3XL
408-9946065-1512308,kurta,1,S
406-5589498-6272365,Western Dress,1,XL
406-5589498-6272365,Western Dress,1,XL
405-0028683-7105972,Bottom,1,M
406-2928786-7397951,Set,1,XS
171-9775313-2474714,Set,1,L
408-5609149-0997953,kurta,1,XXL
171-6536659-5428305,Western Dress,1,S
405-3332541-4102745,kurta,1,3XL
171-9921260-0954745,Set,1,L
407-6320124-8531535,kurta,1,3XL
407-7111088-8247566,kurta,1,XL
404-3255685-2541130,kurta,1,XL
405-1457403-1969135,kurta,1,XL
407-2424351-7185906,Set,1,M
403-2058276-9671538,Set,1,M
405-9402510-8089106,Western Dress,1,L
403-3190636-2013146,Set,1,S
404-5485402-6453167,Set,1,XXL
402-9440158-5293967,Western Dress,1,XXL
407-4768368-7485969,Western Dress,1,3XL
408-9502053-7548301,kurta,1,XL
402-5791711-0725115,kurta,1,M
171-0419191-6259560,Western Dress,1,M
405-8430137-4869106,Set,1,M
408-5152096-7393106,Western Dress,1,S
406-6978369-5822729,kurta,1,L
404-6144797-7537942,kurta,1,XS
402-1073069-3489901,kurta,1,3XL
402-1073069-3489901,kurta,1,3XL
405-1234769-0661957,Western Dress,1,M
404-1044166-7397969,kurta,1,XL
404-7681367-1269934,Set,1,3XL
404-1903829-1435564,kurta,1,S
407-3655318-1085110,Set,1,L
407-3140460-4645103,Set,1,L
407-3768741-0977135,kurta,1,M
402-5116178-3089907,kurta,1,XXL
406-4994639-2728345,kurta,1,M
404-6216428-9643533,Western Dress,1,XS
408-2424782-5626765,kurta,1,XXL
405-6400542-1745959,Set,1,S
171-6031292-9177103,Set,1,XXL
402-8390941-4625106,Set,1,3XL
407-5798453-2424362,Top,1,S
408-5388009-3199552,kurta,1,3XL
406-0289826-2282719,Top,1,M
404-2189137-3304303,kurta,1,XS
404-4235804-1876327,Set,1,3XL
404-0188858-0313937,Western Dress,1,XL
403-0637371-7108313,Set,1,S
407-5807793-9489919,kurta,1,L
403-6021920-9772361,Set,1,L
403-3994868-4203569,Set,1,XXL
408-9753367-6509911,kurta,1,XXL
408-5241832-5928346,kurta,1,L
406-7798004-6809124,kurta,1,XL
405-8646221-9089146,Set,1,L
403-6024064-5237937,Set,1,M
407-5633743-3698713,Set,1,L
171-7155093-6646708,kurta,1,L
171-7155093-6646708,kurta,1,L
403-8505954-9981953,Set,1,XL
171-9436203-7649122,Set,1,S
408-1459160-5464305,kurta,1,M
406-4909134-2944330,Set,1,3XL
407-4962319-7641966,Western Dress,1,M
408-5415327-3367539,Western Dress,1,M
407-0773778-2057126,Top,1,S
408-3691873-8795553,Set,1,3XL
404-0681528-0914706,Set,1,M
405-7897474-0658711,Set,1,M
406-4044965-8427552,Set,1,L
408-0503628-5093907,kurta,1,XL
407-0777775-9257169,kurta,1,M
406-0836049-5911512,Set,1,L
171-7176693-0785949,Western Dress,1,XL
171-7343801-5758713,kurta,1,XL
171-6913557-7289137,kurta,1,M
404-8055494-3961962,Set,1,M
402-2772164-3098734,Set,1,S
403-5923448-3201941,kurta,1,S
406-2136148-2554751,kurta,1,M
403-3179311-2577964,Set,1,XL
405-3690281-8385953,kurta,1,3XL
403-7820180-6546708,kurta,1,XXL
402-8551728-4090742,kurta,1,3XL
408-8762745-6017922,Top,1,XL
405-4561904-9004336,Set,1,M
404-4363500-1365143,Set,1,S
405-8161099-1405132,Top,1,3XL
405-8161099-1405132,Western Dress,1,3XL
402-8975142-6902743,Western Dress,1,XL
405-8561225-2330721,Set,1,L
403-9262203-4936340,kurta,1,XXL
407-0494787-3210724,kurta,1,L
407-8438555-3133920,kurta,1,XXL
403-4407938-9437165,kurta,1,XXL
403-1633617-5701100,kurta,1,XL
402-2149767-1108308,kurta,1,5XL
402-0345917-1428317,Western Dress,1,M
408-1307907-0286703,Set,1,XL
405-8896760-4926729,Set,1,XL
403-1656288-6262720,kurta,1,XXL
404-6975217-8275513,kurta,1,L
408-0872033-7984303,Set,1,M
407-7115934-6225157,kurta,1,XL
405-5923333-4539515,Western Dress,1,XL
171-0249098-9357960,Set,1,M
408-2324898-3425108,kurta,1,XXL
408-3256231-2559513,Set,1,XL
171-3636209-7979564,Set,1,M
406-6691490-1657969,kurta,1,3XL
406-6948165-2190753,Set,1,M
403-7796103-2821119,Set,1,L
171-5190158-8329122,kurta,1,3XL
171-5190158-8329122,kurta,1,XXL
403-8673775-8058750,Set,1,XL
171-4443290-0815516,Set,1,L
403-4845289-1648329,kurta,1,3XL
171-7659720-5915555,Set,1,XXL
408-6685893-0750757,Set,1,L
407-5758689-5507534,Top,1,XL
404-7768373-0669968,Western Dress,1,M
403-0451698-0262740,Set,1,M
404-8006430-7176308,Set,1,L
403-2901987-2393929,Set,1,L
402-5292009-3562709,Top,1,XS
402-5292009-3562709,kurta,1,M
402-9737954-5586702,Set,1,XL
403-5927767-1420329,Set,1,L
404-6389313-1222755,Set,1,M
171-6393976-9140349,Western Dress,1,M
408-5634303-0891538,Set,1,3XL
408-5634303-0891538,Set,1,3XL
408-5634303-0891538,Set,1,3XL
408-9945001-1416358,kurta,1,M
402-7482873-5561931,Western Dress,1,XL
407-1569383-6540303,Set,1,XL
403-4997452-3333921,Set,1,M
403-8187193-4936364,Set,1,M
405-0106416-7136324,kurta,1,M
171-5728128-4019543,Set,1,M
171-5728128-4019543,Set,1,M
171-5907460-3963524,Set,1,3XL
405-1689415-1429118,kurta,1,L
402-2261426-0374713,kurta,1,XL
407-7731071-0761922,Top,1,3XL
407-2312476-2606717,Set,1,3XL
404-2127034-4371511,kurta,1,S
171-5464172-1423546,kurta,1,3XL
405-9756567-8963559,Western Dress,1,XL
407-6444512-8209919,Set,1,XL
404-3482784-5154728,Set,1,M
406-7367489-5963512,kurta,1,XXL
404-6999799-8925104,Set,1,XL
404-7059936-2564333,Set,1,S
408-7369807-3371566,Set,1,L
405-0744035-3232328,Set,1,S
402-8492872-8820368,Set,1,L
404-9565257-4920306,kurta,1,XL
406-9822807-2193955,Western Dress,1,3XL
406-6125352-6756311,Set,1,S
406-6125352-6756311,kurta,1,M
403-7566031-1725933,kurta,1,M
171-3701092-5879553,kurta,1,M
405-0400037-3735504,Top,1,XL
406-1576098-0213948,Top,1,L
407-7992435-9544368,Set,1,3XL
405-4938098-2312312,Western Dress,1,XS
403-1020903-6421946,kurta,1,XXL
402-7554960-8591516,Set,1,M
407-3388585-7008359,kurta,1,L
403-1243136-2679524,kurta,1,3XL
402-7297483-7755559,kurta,1,S
403-7487103-0665166,Western Dress,1,XS
404-2282840-8081101,kurta,1,XL
408-2882899-6685115,kurta,1,XS
408-1727500-9249103,Set,1,M
408-2740320-3495558,Set,1,M
405-2293998-9808318,Set,1,XL
402-8534881-1726746,Set,1,L
408-4652676-3221968,Western Dress,1,M
405-0569724-6130744,kurta,1,M
403-1036578-6134704,Western Dress,1,L
406-1321260-6484369,Bottom,1,L
407-3122996-0448318,kurta,1,XS
403-8361138-6801160,kurta,1,XL
402-5874793-3932318,kurta,1,M
405-2624855-7018727,Set,1,M
407-2529069-4557966,Western Dress,1,XL
408-4426015-9350725,Set,1,XL
171-7375844-0010766,Set,1,XS
402-7996747-4669132,Western Dress,1,XL
406-1850866-3581910,Set,1,XL
407-0068555-8768321,Western Dress,1,XL
408-5315503-2313953,kurta,1,M
403-0660866-1271554,Set,1,XXL
171-2107284-4512324,kurta,1,M
404-8332233-8100341,Set,1,3XL
171-6527826-8439539,Set,1,XL
403-7621494-8161923,Set,1,S
402-3955804-0170769,Set,1,M
171-4077287-8608338,Set,1,M
406-2907168-6420328,Western Dress,1,M
403-0826005-7040344,Top,1,XL
406-7094924-9033141,Set,1,L
408-1807001-0753941,Western Dress,1,XS
403-7087945-4076334,Set,1,S
406-6872317-4374723,Western Dress,1,XXL
405-8084860-2555553,Western Dress,1,S
171-1047680-6917928,kurta,1,XS
171-1047680-6917928,kurta,1,XS
171-9546581-2110766,kurta,1,XXL
406-7714139-3293101,kurta,1,S
402-5332560-7554726,Set,1,3XL
408-0483896-4919525,Set,1,M
405-1915626-9905928,Top,1,XXL
405-1915626-9905928,Top,1,XXL
406-2598706-1544360,Western Dress,1,XXL
171-7589383-4439548,kurta,1,S
408-6369866-5893933,Western Dress,1,XXL
408-7372463-4449106,kurta,1,XXL
407-4620154-5764325,kurta,1,3XL
407-4620154-5764325,Set,1,3XL
171-9323129-2537129,Top,1,XL
402-3457481-6993958,kurta,1,S
403-5808670-5142733,kurta,1,L
406-8736210-7876325,kurta,1,XL
405-4655703-4825101,kurta,1,XXL
406-7007069-0188322,Top,1,M
407-6542888-0870729,Set,1,M
408-3085223-1985903,Set,1,XS
402-8798856-7877942,Set,1,3XL
402-8798856-7877942,Set,1,3XL
408-1987660-2277938,Top,1,L
408-1987660-2277938,Top,1,M
171-2261013-4677905,Set,1,XL
404-4831884-3256361,kurta,1,L
408-4150639-1619503,Western Dress,1,L
405-8197577-4932317,Top,1,S
408-5151890-4537926,kurta,1,XXL
402-9010176-6069912,Western Dress,1,S
408-1188683-4457949,kurta,1,XL
406-4252450-0029933,kurta,1,M
404-3627894-8933116,Set,1,XL
403-9028489-4317169,Set,1,XL
404-7609622-3994768,kurta,1,XXL
408-9750647-8331548,Western Dress,1,L
407-5581989-5031568,Western Dress,1,L
406-6427219-6093922,kurta,1,XL
171-0205799-2766732,Western Dress,1,XL
407-1498108-9257947,Western Dress,1,XL
406-8648431-2595509,Set,1,M
403-8339441-0497157,Western Dress,1,L
408-5962452-2300359,Set,1,XXL
407-0710583-5821952,Set,1,3XL
407-0710583-5821952,Set,1,XXL
404-5642020-2455518,kurta,1,M
402-3308726-5880334,kurta,1,3XL
402-3308726-5880334,kurta,1,XXL
404-5110932-0409963,kurta,1,M
408-3705313-0135518,kurta,1,XS
408-0383401-9636354,kurta,1,L
404-0756245-8717104,kurta,1,L
403-8616285-4865140,Set,1,XL
402-3508113-7279534,Western Dress,1,L
408-1037349-4396330,Western Dress,1,M
405-0398876-8621134,Set,1,3XL
404-8092125-9209157,Set,1,M
406-4926838-6514730,Set,1,3XL
408-0179603-1096377,kurta,1,3XL
404-3276642-5497917,Bottom,1,3XL
404-5148831-4142761,Bottom,1,3XL
408-3570287-4822754,Set,1,XS
402-5337799-6364363,kurta,1,XXL
403-1617773-3672361,Set,1,S
402-9081308-2406715,Set,1,XL
171-0797692-9926759,Set,1,S
402-7232067-0554749,kurta,1,XXL
407-8288372-5975534,Set,1,3XL
406-2945786-3911539,Set,1,XXL
407-3022422-7715556,Set,1,M
405-8451829-1493156,kurta,1,M
402-3685927-7791551,Western Dress,1,L
404-2425231-5593931,Top,1,XS
405-8345916-1887505,Western Dress,1,XXL
405-5824219-2630760,Western Dress,1,S
406-2098858-7487558,Set,1,S
405-3019043-3190750,kurta,1,XXL
402-0918705-2597106,Set,1,3XL
408-5996346-9542720,kurta,1,L
408-6116274-1381158,Set,1,M
405-8367599-1850716,kurta,1,M
406-0613701-8604326,Set,1,L
406-9296586-3112309,Set,1,S
405-6823330-9433959,Set,1,XL
402-0717329-3628366,Set,1,L
171-5140407-0823541,Western Dress,1,M
406-6546752-6548339,Western Dress,1,XS
408-5856355-6595503,kurta,1,XXL
407-9335380-7231562,Set,1,XS
404-7719524-2031541,Western Dress,1,XXL
404-3367596-1962761,Set,1,XXL
404-1058975-0500353,Top,1,XL
403-1206600-3070719,kurta,1,XL
403-1275630-1000350,kurta,1,6XL
171-9872228-2312307,Western Dress,1,L
404-4133036-7934714,Set,1,XL
403-7945361-2990721,Set,1,3XL
402-3778826-0854764,Western Dress,1,XS
406-8939031-7157104,kurta,1,M
402-0522124-2360350,Set,1,3XL
171-3563186-6985133,Set,1,M
405-7361119-1321112,kurta,1,XL
171-0819260-8655559,kurta,1,L
171-0819260-8655559,kurta,1,L
402-5317983-8573168,kurta,1,M
405-0259033-1654741,Set,1,XS
408-1099295-8583531,kurta,1,XXL
408-5729132-7869116,Set,1,M
404-1797032-7917145,Set,1,S
171-6420554-1416353,Western Dress,1,M
402-8397812-3137163,kurta,1,XXL
402-8397812-3137163,kurta,1,XXL
402-6102187-2672362,Set,1,M
403-3697717-2373101,Set,1,L
403-3697717-2373101,Set,1,L
408-1664036-5582704,kurta,1,L
402-6177609-1633139,kurta,1,L
403-2560662-7163544,Western Dress,1,XL
408-6534157-9659541,Top,1,3XL
403-1980913-0591520,Set,1,L
403-1980913-0591520,Set,1,L
402-4893785-4021112,kurta,1,XXL
406-0487602-9726761,Top,1,XL
404-4508703-2288323,Set,1,M
405-5251451-4943562,Set,1,XXL
404-9457432-1581948,Set,1,L
408-8761068-6184357,Western Dress,1,3XL
171-9370870-7890746,kurta,1,3XL
171-3377175-6419537,Set,1,L
402-4786007-4872349,Western Dress,1,S
402-4786007-4872349,Western Dress,1,S
408-1807639-4478749,kurta,1,XXL
404-5450588-2974730,Set,1,S
407-1992059-0270727,kurta,1,L
407-7444282-2113913,Set,1,M
406-1663492-7006730,kurta,2,3XL
405-6185895-7775509,kurta,1,XXL
404-7737314-8349929,Set,1,L
402-4974810-5256352,Set,1,S
171-0251406-5641908,Western Dress,1,3XL
403-5489155-4756322,Set,1,3XL
405-0005420-8148374,Top,1,S
403-2703978-3188367,Set,1,XXL
404-4341252-3125106,Set,1,3XL
171-4336083-5154705,Set,1,XL
405-5178246-5260340,Set,1,M
402-1046136-1720368,Set,1,XXL
402-1726856-5714748,Set,1,M
408-8407550-8953913,kurta,1,M
171-0971887-6154765,Set,1,M
406-2174326-0913960,Western Dress,1,XXL
408-6810795-2269921,kurta,1,L
171-2343480-3901117,kurta,1,XXL
406-8539075-3132356,Western Dress,1,XL
405-1004732-0505968,Set,1,XXL
407-7921097-0912301,Set,1,L
405-2886795-3517925,Top,1,M
171-0036016-8375546,Set,1,XXL
408-3399783-1827555,Set,1,L
404-9736376-7073900,Set,1,3XL
407-3578149-0542744,kurta,1,XXL
402-9806134-4296310,Western Dress,1,L
404-7993205-4844300,kurta,1,3XL
404-7993205-4844300,kurta,1,3XL
402-7681541-5326715,kurta,1,XXL
406-6683106-3838747,Western Dress,1,3XL
171-3409129-1593962,Western Dress,1,L
406-6284255-9833969,kurta,1,XXL
404-2060888-0820302,kurta,1,L
408-3498298-3462768,Set,1,S
408-4999451-2695540,kurta,1,L
406-2661694-8611517,Western Dress,1,XL
403-5965563-9001166,Western Dress,1,L
402-6905332-5832323,kurta,1,XL
404-1760510-6496325,Set,1,M
402-7490052-1723547,Western Dress,1,M
406-0998009-7761143,kurta,1,M
402-9897921-3889169,kurta,1,S
402-9897921-3889169,kurta,1,L
402-9897921-3889169,kurta,1,L
402-9897921-3889169,Set,1,L
402-9897921-3889169,Set,1,L
406-9898129-1511523,Western Dress,1,L
402-4353975-3168317,Western Dress,1,XXL
408-8929168-1804365,Western Dress,1,M
405-8909085-7819534,Set,1,L
402-1887975-6477916,Top,1,XS
404-6344043-5399526,kurta,1,XS
405-1010482-3492321,Set,1,3XL
405-9401771-1246730,Western Dress,1,L
404-6188192-0245928,Set,1,M
405-6472779-4626756,kurta,1,3XL
171-2070000-6282753,kurta,1,XXL
402-6201681-6923562,Western Dress,1,M
408-3266604-1607553,kurta,1,L
406-7095517-9801962,Western Dress,1,XL
407-8762988-9568310,Set,1,XS
404-6732796-0365166,Western Dress,1,XXL
406-2963342-1373159,kurta,1,4XL
407-5863368-4333946,kurta,1,XL
408-9914206-5625111,kurta,1,L
404-4108923-7514747,kurta,1,XS
407-4320419-5521967,Set,1,L
408-7015965-8993910,Top,1,M
171-1884147-1592353,kurta,1,L
404-2581070-4999535,kurta,1,XS
402-1252966-6930739,kurta,1,3XL
402-3852160-7724357,Western Dress,1,3XL
406-3744695-3813109,kurta,1,L
404-2518324-3261146,kurta,1,XL
408-9819366-1428321,Set,1,S
402-7030137-7006769,Set,1,L
402-7030137-7006769,kurta,1,L
402-7030137-7006769,Set,1,L
405-2825684-9595553,Set,1,L
407-1130331-2032317,Set,1,XL
408-0976235-8338767,Set,1,M
404-2264534-3347524,Set,1,L
406-4978379-1865931,Set,1,L
406-4978379-1865931,Set,1,XL
407-2973683-3008312,Set,1,M
405-4747995-9085956,kurta,1,3XL
171-3760696-6871526,kurta,1,5XL
407-4972611-5193968,Western Dress,1,L
406-0137252-6801937,kurta,1,3XL
406-0137252-6801937,kurta,1,3XL
407-6203923-2876332,Set,1,L
407-9186728-2073905,Set,1,3XL
405-8063277-5513933,kurta,1,XXL
405-4663860-2323501,Set,1,XL
404-4135052-8398726,Set,1,S
405-6092787-9607506,Western Dress,1,XL
406-5848308-1003565,kurta,1,XL
407-5857369-7899530,kurta,1,3XL
403-2125595-6612366,kurta,1,3XL
402-7681203-0373133,Western Dress,1,XXL
404-5076985-5545923,Set,1,XL
408-1898819-4337125,Set,1,XXL
404-3127684-3317957,Western Dress,1,L
404-3127684-3317957,Western Dress,1,S
407-2448691-9348315,Set,1,XL
404-3416561-2942723,Set,1,XL
403-1131337-8972348,Western Dress,1,M
407-2826760-8053953,kurta,1,XXL
407-2826760-8053953,kurta,1,XXL
402-2127589-8636359,Western Dress,1,L
171-2308833-2151563,Set,1,L
407-3960592-2297106,Set,1,XL
402-9821374-4659516,kurta,1,XL
403-4271832-3787565,Western Dress,1,M
402-3975664-6339513,kurta,1,S
403-7869247-8825146,Western Dress,1,XL
406-9898256-7935509,kurta,1,XS
404-9209455-6365922,kurta,1,M
403-5586769-3537139,kurta,1,S
406-9671568-6297111,Set,1,L
405-2989459-7015534,Top,1,XXL
405-8306861-4763508,Western Dress,1,XL
406-2334737-2211568,Set,1,L
404-4470164-4025940,Set,1,XL
408-0125837-9659570,Set,1,3XL
407-9261085-3122739,Set,1,M
171-8077758-5046710,kurta,1,XXL
403-3121046-9177967,Western Dress,1,L
403-5289035-7450766,Set,1,XL
404-0140224-1872319,Set,1,S
407-7736256-1823567,kurta,1,S
171-4464949-1473129,Set,1,XL
408-2656716-5006722,Top,1,XL
405-6247706-7197117,kurta,1,6XL
171-0970809-9872331,Set,1,L
406-9828845-6535536,Ethnic Dress,1,S
402-9539729-7197942,Set,1,XL
407-7142838-2011545,Set,1,M
405-5550097-4989133,kurta,1,S
402-0187067-5143546,Set,1,S
403-4427171-8377129,kurta,1,L
402-6118481-0678722,Set,1,M
403-5352890-8073120,Set,1,XXL
171-0490414-4357918,Set,1,L
404-7519432-7015515,Western Dress,1,XL
402-8808693-6819543,kurta,1,3XL
405-0547657-6975521,Set,1,XXL
406-7325184-2759527,Set,1,M
171-2290028-6388354,Set,1,XXL
403-6012346-1754758,kurta,2,XL
403-6012346-1754758,kurta,1,XXL
171-2144666-9255569,Set,1,L
405-9581198-2731562,kurta,1,XL
407-0917485-0389929,kurta,1,XXL
406-0695184-4224353,kurta,1,3XL
406-7494305-4388364,Set,1,L
407-2069174-0920309,kurta,1,XXL
406-5682609-5217158,Set,1,XL
406-6168354-0512300,kurta,1,3XL
404-5678773-8765903,Top,1,XL
407-4498915-5536301,kurta,1,3XL
406-6679291-5761105,kurta,1,XL
405-7416196-6593121,Set,1,S
405-8452349-1731531,kurta,1,XL
171-1552167-1130761,Set,1,S
408-4807518-5915546,Western Dress,1,XXL
408-8703249-3314704,kurta,1,XXL
408-2137859-3815514,kurta,1,XXL
408-8897372-4788318,kurta,1,XXL
407-5673547-6993951,Set,1,XL
402-3654627-0229160,Western Dress,1,M
404-4624789-8041159,Set,1,L
407-4531016-2764329,Western Dress,1,XS
171-2169922-6293933,Top,1,XL
403-3486551-4451557,Set,1,L
403-3486551-4451557,Set,1,XXL
406-5480874-6009933,Set,1,XL
403-9802824-5507509,Set,1,L
404-9782527-7876315,Set,1,S
171-5843577-0075522,Set,1,3XL
408-5870710-2625924,Set,1,L
402-9582856-9678768,Western Dress,1,M
402-9582856-9678768,Western Dress,1,M
407-9298433-1190700,Set,1,S
403-4299786-0183527,Set,1,3XL
404-9580421-2423522,kurta,1,XS
404-1644398-1194765,Set,1,XXL
404-1644398-1194765,Set,1,XL
405-9504764-7952355,Set,1,XL
407-9999384-0763555,kurta,1,XS
404-5814397-1085964,kurta,1,XS
408-1073705-8121910,Set,1,M
404-2225815-9452326,Top,1,M
404-4281302-0366722,kurta,1,3XL
402-5636173-4295519,Western Dress,1,L
403-2607654-8720362,Western Dress,1,S
403-1283489-4242722,kurta,1,M
408-1580405-3239505,kurta,1,M
408-8347392-0932330,Set,1,XXL
408-9325200-6642700,Set,1,L
404-6163706-6194739,Set,1,M
406-8269816-6037956,kurta,1,XXL
405-9729090-7581148,kurta,1,M
403-6965232-4589907,Western Dress,1,M
402-3153038-1021905,kurta,1,M
406-9855532-3957121,Set,1,M
408-9599780-8373925,kurta,1,S
407-2745416-1476318,kurta,1,L
408-7099217-1080336,kurta,1,3XL
171-6117809-6518720,Top,1,3XL
408-2144573-9761157,Set,1,XXL
402-6920306-3569141,kurta,1,XXL
404-8254542-8858738,Top,1,XL
404-9890415-4421930,Set,1,XL
408-5044743-1631531,kurta,1,L
404-8451951-0203538,Set,1,XXL
407-2189727-9613117,kurta,1,XXL
403-8004713-7285955,Set,1,S
403-9190057-0999557,kurta,1,XXL
171-0268498-1937176,Blouse,1,L
405-3373765-0349923,kurta,1,M
403-6109715-4157951,Set,1,S
402-2551641-8469951,Set,1,XL
404-1101669-3417932,Set,1,XL
407-7304544-0473102,Set,1,M
171-7560668-8727564,Set,1,L
406-3454248-2824327,kurta,1,XL
406-3454248-2824327,kurta,1,XL
408-5468944-4857966,Set,1,XS
402-4319925-7764321,Western Dress,1,M
402-5119851-0002756,Set,1,S
403-8288573-3497169,Set,1,XL
403-4099493-2854741,kurta,1,3XL
408-9552585-7078710,Set,1,M
402-0324510-8255560,Set,1,XL
406-2301558-5138750,kurta,1,XL
405-5082152-3662767,kurta,1,L
404-5960436-9520305,Set,1,M
403-2229719-4009124,Western Dress,1,L
405-3371631-6501161,Set,1,L
405-1494743-6497951,Western Dress,1,XXL
402-4564904-7076334,Set,1,3XL
404-4355259-8442767,Top,1,XL
402-0188952-8565161,Western Dress,1,M
402-0188952-8565161,Ethnic Dress,1,S
403-3196233-8633928,Set,1,3XL
404-5196842-3584322,Top,1,M
403-4586020-9404328,Set,1,M
404-7260734-2141120,Bottom,1,S
407-3022209-4835552,kurta,1,L
404-4502825-3608307,Set,1,L
408-1662553-7401169,Set,1,XL
406-6323340-7973157,kurta,1,XXL
403-0748303-1719519,Western Dress,1,M
171-4963841-4012364,Set,1,3XL
404-8786831-2352302,Set,1,XS
403-0486673-0022768,Western Dress,1,M
403-1145294-3240319,Set,1,3XL
402-6482291-8372302,kurta,1,XXL
407-3747845-6910755,kurta,1,M
408-1518065-5037938,Set,1,XL
403-5156572-5635521,kurta,1,XXL
408-8720404-6241150,Set,1,L
404-1757458-5910726,kurta,1,M
404-1757458-5910726,kurta,1,M
404-1757458-5910726,kurta,1,M
402-3732071-7540311,Ethnic Dress,1,L
406-9745058-8874742,Set,1,L
403-8357335-7490729,Set,1,XXL
408-1581788-7140352,Top,1,XL
404-4259449-9201147,Set,1,M
404-0680999-5578741,Set,1,3XL
402-7927317-5186720,kurta,1,L
407-0148019-4287508,Set,1,M
405-3451355-7797968,Set,1,L
171-4780231-6294718,kurta,1,M
406-0249946-8235504,kurta,1,M
407-0702174-6087563,Set,1,M
403-7531737-1346700,Set,1,M
404-5343055-4704320,Set,1,L
404-8167630-7417962,Set,1,L
402-2177219-0972349,kurta,1,XL
171-9581915-8677135,Set,1,L
403-4594014-5808328,kurta,1,3XL
171-5037702-9096358,Western Dress,1,L
171-5037702-9096358,Western Dress,1,L
402-3345252-1661108,Western Dress,1,3XL
408-7933463-0705157,kurta,1,L
405-8799810-6495564,kurta,1,XXL
403-8392360-3095516,Set,1,XL
403-1071769-9845154,kurta,1,M
402-2999917-8488367,kurta,1,3XL
171-5256938-6262761,Set,1,XL
403-5459723-6253158,kurta,1,L
404-7387240-1116342,Western Dress,1,XXL
171-0812179-1186750,Set,1,XL
406-2139563-7157953,Western Dress,1,XXL
406-2139563-7157953,kurta,1,XXL
408-2638120-3520357,Set,1,XL
408-3908547-6654739,Western Dress,1,XS
406-4564808-8165167,Set,1,L
407-3598393-9286727,Set,1,S
171-6901554-0852343,kurta,1,XL
404-0483338-4962719,Set,1,3XL
404-0483338-4962719,Set,1,3XL
404-0483338-4962719,Set,1,3XL
403-8643759-6189926,kurta,1,XXL
404-0967545-6651517,Set,1,S
402-6954530-4133950,Set,1,M
402-1008585-9731537,kurta,1,M
405-7282429-9994724,Set,1,S
405-4722197-9362706,Western Dress,1,S
408-1348171-8292305,Set,1,L
408-1348171-8292305,Set,1,XL
404-5259202-1163542,Set,1,L
404-5259202-1163542,Set,1,L
403-0680966-2931524,Set,1,XXL
405-8964825-7137128,kurta,1,XXL
406-3006035-6038754,kurta,1,3XL
404-4884613-5009932,Top,1,S
407-8359624-3961106,Western Dress,1,3XL
171-7075171-8603565,kurta,1,XXL
404-5783122-7466708,Set,1,3XL
408-7012788-4036352,kurta,1,M
406-6127261-4444325,Western Dress,1,M
406-6127261-4444325,Western Dress,1,M
171-9080280-3493108,kurta,1,XXL
408-9660562-1328344,Western Dress,1,XL
407-6009564-8046743,kurta,1,XL
404-7003804-4535549,Set,1,XL
403-2955724-2267538,Set,1,S
405-9569479-2385125,Set,1,XS
408-0262715-8188321,Western Dress,1,XL
403-5482886-8010739,Ethnic Dress,1,XXL
403-5482886-8010739,Western Dress,1,XXL
171-7812217-2749142,kurta,1,M
171-7812217-2749142,kurta,1,M
407-8935499-1382753,Set,1,L
405-9720153-6674756,kurta,1,XXL
404-6307536-9515508,kurta,1,XXL
403-8557226-5337943,kurta,1,XXL
406-9326448-7953106,kurta,1,XS
404-7494096-7691555,Set,1,XXL
171-9828836-4719521,Set,1,L
171-9828836-4719521,kurta,1,L
405-4909130-9329929,Western Dress,1,L
404-4436805-8183536,Set,1,S
171-3530630-2724356,Western Dress,1,M
406-6178187-5236345,Western Dress,1,S
402-9825296-6526720,Western Dress,1,XXL
403-0823934-9916366,Top,1,XL
405-2297581-0040305,kurta,1,6XL
407-3799439-4979513,Set,1,XXL
404-2084487-2413933,Set,1,XS
402-7440975-3599551,Set,1,M
408-4309868-7041909,Set,1,M
402-5122531-1006737,kurta,1,L
407-0374129-9991524,Top,1,M
405-4904005-8953126,Western Dress,1,XL
407-7835837-9321146,Western Dress,1,M
408-3661564-8373966,Set,1,M
406-2290555-1604327,Set,1,XL
407-8944924-2851526,Set,1,M
408-4367253-8999541,kurta,1,M
405-5854742-9968341,kurta,1,XL
402-8782983-3479566,Set,1,3XL
171-4860668-2916302,Set,1,M
405-6288195-2133159,Set,1,L
408-6559352-9195506,Set,1,XL
402-2192886-5598751,Western Dress,1,M
406-9737342-7417151,kurta,1,XL
405-7370998-9897906,Western Dress,1,3XL
403-5215897-5717966,Set,1,3XL
404-9611020-5273940,Set,1,XL
404-9611020-5273940,Set,1,XL
408-2153695-3352328,Western Dress,1,3XL
402-9650766-2808308,Western Dress,1,XXL
402-0564196-0813143,Set,1,L
408-4438879-2903549,Western Dress,1,3XL
403-2161954-9973136,Set,1,L
405-4482180-0168346,Set,1,XL
405-3375407-4800355,kurta,1,M
402-3941362-7357134,Western Dress,1,S
406-1687522-3319514,kurta,1,3XL
403-1902646-8525167,Western Dress,1,XXL
407-0632204-0378753,kurta,1,XXL
404-2670924-5710748,Set,1,L
402-6338910-0491541,Western Dress,1,M
171-0260187-7653103,Set,1,L
405-8822292-8916326,Top,1,M
406-3455422-1473919,kurta,1,XS
407-5445922-0813913,Set,1,M
405-8837102-0670725,Set,1,L
403-9603953-8184322,kurta,1,XS
406-1861223-1555535,kurta,1,XXL
171-7671295-7344323,Set,1,XL
404-8968482-1471528,Western Dress,1,S
405-0220173-6483557,Set,1,XS
403-2524437-5789117,Western Dress,1,M
402-6097707-5601142,Western Dress,1,XL
405-6032673-1403502,Western Dress,1,M
403-6304420-3481112,Set,1,L
408-7337263-9621153,Western Dress,1,L
404-0655856-1822759,kurta,1,XXL
171-4479152-3819529,Set,1,3XL
406-6136623-5456354,Set,1,L
402-9304894-7920338,Set,1,XS
408-2698012-4141946,kurta,1,3XL
407-0962979-6035539,kurta,1,3XL
171-1695991-7700330,Western Dress,1,M
402-7721041-0509900,Set,1,XXL
403-3989386-3942734,Set,1,S
407-7132382-2727524,Set,1,XL
405-6015434-3815522,kurta,1,XXL
405-9797533-8417165,Top,1,XS
408-1179931-1248340,Western Dress,1,3XL
405-5935009-9157946,Set,1,S
402-8260673-5614747,Western Dress,1,3XL
404-2855007-6314734,Set,1,L
406-8067941-2344344,kurta,1,XXL
402-2373719-5876332,Set,1,S
408-6720608-8405161,Set,1,L
404-8026628-7153956,Set,1,M
404-0126009-9309941,kurta,1,XL
171-9195882-3857128,kurta,1,3XL
406-6393530-1275514,Top,1,XXL
402-9929600-9579511,Set,1,S
402-4991869-5121160,Set,1,L
405-5001878-4021945,kurta,1,S
407-3308792-5760353,Western Dress,1,S
404-4533202-8153904,kurta,1,XL
403-6877404-5743516,kurta,1,XL
408-8535962-8484334,Set,1,L
406-8801963-5045115,Western Dress,1,XL
407-1977514-3041918,kurta,1,XXL
406-5159412-6305950,kurta,1,M
408-3834467-1861116,Set,1,XS
171-9763525-6757960,Western Dress,1,L
406-3828124-3632347,Set,1,XXL
408-9746351-7841127,kurta,1,L
403-3110452-9861938,kurta,1,XXL
403-3110452-9861938,Western Dress,1,XXL
406-1669891-1012331,kurta,1,XL
406-0949521-3884360,Set,1,M
408-8119077-9562719,Set,1,XL
407-5940334-5130722,kurta,1,XS
408-1562013-5074750,Set,1,XXL
402-3465044-3942767,Western Dress,1,XL
171-7529845-1001959,Set,1,L
402-7871099-4105926,Set,1,XXL
406-3925940-2490759,Set,1,XXL
406-2558286-3237960,Ethnic Dress,1,S
404-3644756-4686722,Top,1,XL
402-7869985-9420324,kurta,1,4XL
405-2093104-4810745,Western Dress,1,L
407-8397691-9370758,kurta,1,XL
402-3017306-9002725,kurta,1,XS
406-6581850-4149144,Western Dress,1,M
406-0620878-3222739,Western Dress,1,S
408-7634221-9094702,Set,1,L
171-6469522-1838715,Set,1,S
171-2462364-0065932,Set,1,M
171-4599952-6401915,Set,1,L
171-4599952-6401915,Set,1,XXL
402-4313818-5087532,Set,1,XL
402-7546538-1614720,Set,1,S
171-6712870-4732314,Set,1,3XL
408-8663251-9744340,Western Dress,1,M
408-8639971-5409154,Western Dress,1,L
405-0542409-6379525,Western Dress,1,M
408-7786294-8585109,Set,1,XXL
402-4891876-1007554,Set,1,XXL
408-5334008-1313149,Set,1,M
405-7410935-9858704,Set,1,XS
171-8680882-7476324,Set,1,3XL
403-8484409-3153938,Western Dress,1,S
402-5631350-7961110,Set,1,XL
403-9373771-6144314,Western Dress,1,L
408-6867656-8925905,Western Dress,1,M
403-2118296-0325908,kurta,1,M
408-8952811-8389946,Set,1,XXL
407-2466012-9114709,Western Dress,1,M
403-9025749-3128326,kurta,1,L
408-1302858-8475557,kurta,1,S
405-1327731-8371549,kurta,1,3XL
405-5811851-6027535,Set,1,L
406-5643216-5349149,kurta,1,M
402-4846132-5573157,kurta,1,XL
408-6170029-7786751,Set,1,S
407-7565518-4522751,Set,1,XL
171-3493120-4484319,Western Dress,1,3XL
408-0442516-4920319,Western Dress,1,S
403-1856749-5354769,Set,1,XL
404-4120673-2073960,Set,1,3XL
408-0037142-1781908,Western Dress,1,M
406-1454040-6277935,kurta,1,M
406-3277426-9087511,Western Dress,1,S
403-1756301-7409933,Set,1,L
405-3085137-1892367,kurta,1,XL
407-2370800-2563516,kurta,1,XXL
407-2370800-2563516,kurta,1,XXL
407-2370800-2563516,kurta,1,XL
405-1390809-3019511,Set,1,3XL
408-5666197-2249110,Top,1,XL
403-9515607-8826725,Western Dress,1,S
408-5616728-8686715,Set,1,S
408-8167005-3377933,Set,1,L
408-0970855-3985947,kurta,1,XXL
407-7696424-8249126,Set,1,XL
408-3640737-0044315,Set,1,S
403-8471769-9136344,Western Dress,1,S
404-2832371-8169139,Set,1,XXL
406-8853794-7725907,Western Dress,1,XL
407-1260364-7690732,kurta,1,S
403-3595468-6153916,Set,1,XL
405-8702543-9783568,Western Dress,1,3XL
408-6595886-7585935,Western Dress,1,M
408-9794669-3701963,Set,1,M
404-5916951-6720345,Set,1,3XL
408-7790640-7377904,Set,1,M
404-5395657-9918744,kurta,1,L
406-9561056-0550738,Set,1,L
405-0459481-5901160,kurta,1,XXL
403-5789591-8204325,Western Dress,1,XXL
171-3473393-7476338,Set,1,XXL
407-8883854-0187534,Set,1,M
403-8135753-9996356,kurta,1,M
403-9292412-4786723,Set,1,L
404-0260945-1281164,Set,1,XXL
402-5449974-4321963,Set,1,XL
405-7283074-5519567,kurta,1,XXL
406-7170053-3121900,kurta,1,S
405-0879347-7949157,kurta,1,L
402-1560534-2748309,kurta,1,L
404-0558588-9310718,kurta,1,XXL
171-5484981-4442746,kurta,1,XXL
403-4387251-8391569,Set,1,L
406-7354990-6415516,Western Dress,1,3XL
408-8181271-4272351,Set,1,XXL
405-4805703-0055565,kurta,1,XL
407-7069038-4741143,kurta,1,S
407-3460501-6862756,kurta,1,M
408-9844523-5086739,kurta,1,XXL
408-9327712-7937108,Top,1,XXL
405-5560718-3813141,kurta,1,3XL
171-7093194-8719569,kurta,1,M
171-4530650-7405941,Set,1,M
405-8813887-9173911,Set,1,XS
404-6698605-8933167,Set,1,XL
408-2282365-4763564,kurta,1,3XL
408-2282365-4763564,kurta,1,3XL
408-2282365-4763564,kurta,1,3XL
406-0067637-9379520,kurta,1,XXL
406-0648774-1646741,Set,1,M
404-5086590-9352321,Set,1,XL
405-4485079-6776325,Western Dress,1,XXL
408-5537649-1902750,Set,1,L
171-2311204-1605957,Set,1,M
407-5476311-2897124,Western Dress,1,XXL
403-9810702-9118752,Set,1,L
406-8253787-6798705,kurta,1,S
407-5183765-4423539,kurta,1,M
403-3357867-5681100,Set,1,XL
404-4045784-6601934,Western Dress,1,M
407-4433498-2978733,Set,1,M
402-3155269-2698752,kurta,1,3XL
405-2818165-7933923,kurta,1,M
405-4179456-3206740,Bottom,1,XL
408-2649219-2774714,Western Dress,1,XXL
404-9604032-3661138,Western Dress,1,XXL
407-5197741-5061154,Top,1,XXL
407-5197741-5061154,Top,1,XL
407-5956750-0536348,Set,1,XL
171-0828690-2685145,kurta,1,M
407-9268575-9271562,Top,1,XXL
402-3043576-2411535,kurta,1,M
171-7773091-6933139,kurta,1,XS
407-7933939-9343525,kurta,1,3XL
405-3617316-3640336,Set,1,M
403-8877263-1833944,kurta,1,3XL
404-9785720-7224303,Western Dress,1,M
406-6098554-4574724,kurta,1,S
404-9290971-4933142,Set,1,XL
408-7216290-6245163,Western Dress,1,M
404-5331996-4453915,kurta,1,L
402-5791785-3738718,Set,1,L
404-2195618-7230726,kurta,1,3XL
402-1206029-6849154,kurta,1,XXL
171-7185053-1964340,Set,1,S
407-7728363-6225903,Set,1,XS
405-0786302-5268302,Set,1,M
403-7565571-8555554,Top,1,M
407-0415031-3511514,kurta,1,XL
406-3486194-5210709,Western Dress,1,XL
406-3486194-5210709,Set,1,XXL
404-9661015-4724347,Set,1,M
402-2610648-1217139,Top,1,M
408-0604959-5322752,Western Dress,1,S
408-0604959-5322752,Western Dress,1,M
405-4119979-1029913,kurta,1,XXL
404-6849402-7297128,Set,1,3XL
406-3500453-6881910,kurta,1,XL
171-0049696-5772372,Set,1,S
171-4754697-4070746,Set,1,L
405-8147493-6892361,kurta,1,XXL
404-0075696-5319522,Western Dress,1,M
405-2490819-5881958,Set,1,XS
402-7448403-9954762,kurta,1,M
407-6290244-2069901,Set,1,XL
403-4994285-6566722,Western Dress,1,XXL
408-8777673-1032335,Western Dress,1,L
403-3543054-2155519,Western Dress,1,XXL
407-2078254-2707501,Western Dress,1,XXL
408-0472188-5017124,Ethnic Dress,1,XXL
408-0472188-5017124,Western Dress,1,XXL
171-3613001-0163542,Western Dress,1,M
408-3236644-5972320,Top,1,S
402-2176599-4734703,kurta,1,L
403-3478971-0586750,kurta,1,M
405-3328623-0558763,kurta,1,XS
171-1718171-6001105,kurta,1,M
404-3471696-2158728,kurta,1,XXL
407-5805881-3609937,kurta,1,XL
404-3290511-5665110,Set,1,M
171-9502525-5968305,Western Dress,1,XS
403-9935194-3873945,Blouse,1,XXL
404-0292934-4214774,kurta,1,XS
406-1254695-1657904,Set,1,L
402-0712265-4477900,Western Dress,1,XL
171-0162509-9033179,Western Dress,1,S
408-4401710-1745142,Western Dress,1,XXL
171-1723776-1027514,Set,1,S
171-1723776-1027514,kurta,1,S
402-5171056-9236348,Set,1,XXL
407-6484811-4888369,kurta,1,XL
407-6484811-4888369,Set,1,XL
407-6484811-4888369,kurta,1,XL
403-1038900-3557962,kurta,1,XL
404-7016073-0889107,Ethnic Dress,1,XXL
404-8249375-4653967,Western Dress,1,S
171-2168479-7826731,Bottom,1,XL
406-7185961-2386768,kurta,1,3XL
402-2078963-2319567,kurta,1,S
403-8482959-6055526,Western Dress,1,XS
404-1239020-7594741,Western Dress,1,S
404-1852755-3321115,Western Dress,1,XS
402-0347610-4609926,Set,1,XL
404-6767936-7227520,kurta,1,XL
406-5350907-4539512,kurta,1,XXL
406-5350907-4539512,Bottom,1,3XL
407-4731329-2633143,Western Dress,1,XXL
404-5052417-8501119,kurta,1,XXL
406-1927483-8889904,Set,1,L
405-9972625-8761142,Top,1,L
406-5319158-4288316,Top,1,M
171-1558240-7181958,Western Dress,1,XXL
407-9425540-5974720,kurta,1,L
405-9125017-3368314,Set,1,XXL
408-9124766-1641146,kurta,1,L
402-4174962-0392312,Western Dress,1,S
407-6668685-5502703,Western Dress,1,M
408-5583628-0103536,Top,1,M
408-5294915-4865945,Set,1,S
171-6055394-2356316,kurta,1,3XL
406-5218967-4214751,Set,1,3XL
408-8354550-8298725,Western Dress,1,XXL
403-0407025-3769144,Western Dress,1,S
408-6476380-1573915,Top,1,XXL
408-1411709-6044330,kurta,1,L
171-2496798-3098704,kurta,1,XS
404-5827044-0363557,kurta,1,XS
405-6135741-4409929,kurta,1,XXL
403-0245303-6270730,Set,1,XS
402-4340568-5471522,Top,1,XL
403-7122432-8506706,kurta,1,XXL
406-6095496-7609940,Western Dress,1,XL
402-6128688-7522708,Top,1,XS
408-6895320-2911517,kurta,1,XXL
403-2969025-2648337,kurta,1,M
403-2969025-2648337,kurta,1,M
408-5057139-5128350,kurta,1,XL
408-7932794-3893938,Western Dress,1,M
403-1901990-1235565,kurta,1,M
407-1344657-5550704,kurta,1,XL
403-7803400-0032342,Set,1,XL
402-2530853-4420325,kurta,1,S
403-9724596-0249149,Set,2,XL
404-8163873-7050769,Set,1,XS
404-8597700-7665900,kurta,1,S
404-5760866-2850764,Top,1,XL
404-4827994-0745949,Western Dress,1,XS
403-1872423-8228361,Ethnic Dress,1,XS
408-0781433-9244300,Set,1,L
171-7291124-8435547,kurta,1,L
171-1623820-6277148,Blouse,1,S
403-6945925-4885963,kurta,1,4XL
404-2811798-2357935,Western Dress,1,3XL
171-8852210-8906763,Set,1,L
408-3684423-2763528,kurta,1,XXL
408-8032910-4541125,kurta,1,S
402-9459385-6100322,Western Dress,1,L
171-4882137-2746754,Western Dress,1,M
408-1636311-5689118,Set,1,XS
406-7625224-6568369,kurta,1,S
408-5249462-5157954,Set,1,S
404-3055609-1588329,Top,1,L
171-4056560-6133120,Western Dress,1,XXL
406-4808436-5674719,Set,1,L
408-8785838-5711507,Set,1,XXL
402-1782076-5073153,Western Dress,1,XXL
403-1538618-8397900,Set,1,M
402-6329738-4842751,kurta,1,XL
402-1889842-8753143,Top,1,XL
404-7692663-9602760,Set,1,XXL
407-7366284-2013162,Western Dress,1,S
405-9874000-2337929,kurta,1,L
406-0840645-7681148,Set,1,L
404-0013621-4162753,kurta,1,L
405-3212209-6283566,kurta,1,S
403-0658030-9331563,kurta,1,XL
171-5036541-0706747,kurta,1,M
407-7097579-1508313,kurta,1,XL
408-6894153-9625910,Top,1,L
171-7669880-1491550,kurta,1,XL
407-5339274-0933959,Set,1,S
406-8577941-4185105,Top,1,3XL
403-1002429-5581105,kurta,1,XS
408-6727022-9223532,Set,1,L
402-3206422-8400340,Western Dress,1,XXL
171-0188369-9101952,kurta,1,3XL
406-5798635-5205163,kurta,1,L
406-8961956-2972367,Set,1,M
407-2078553-8410726,Western Dress,1,XL
408-5590003-0463522,Set,1,XXL
408-9917150-1769115,Set,1,XXL
402-2111701-6777108,Set,1,M
408-4523037-9702748,kurta,1,3XL
407-6038855-2330750,Set,1,S
406-7898019-1321160,Set,1,3XL
404-7017442-8845154,Set,1,L
408-1009410-2866701,Western Dress,1,M
406-0105812-3513168,Western Dress,1,XL
407-7651825-2225142,kurta,1,S
406-0115091-4598721,Western Dress,1,L
405-4525693-4826715,Top,1,M
171-0713494-7230701,kurta,1,XL
403-1630327-5470759,kurta,1,3XL
405-7209879-2174754,kurta,1,S
404-8858955-3393954,kurta,1,XL
407-5503642-7757954,Set,1,L
404-6907659-9916333,kurta,1,XL
402-4078015-3375550,Western Dress,1,3XL
402-2649362-0864363,Set,1,XL
171-1582823-1044359,Set,1,XS
407-9373711-3407516,Set,1,XXL
404-2022132-0915513,Western Dress,1,L
402-3675074-3363519,kurta,1,M
402-3675074-3363519,Western Dress,1,M
402-6559967-7901108,Set,1,M
171-7825161-3730745,Set,1,3XL
404-7487835-6071549,Set,1,L
404-0183529-2563505,kurta,1,XL
406-2221054-3365953,kurta,1,XXL
408-3390720-4388348,Western Dress,1,S
402-0821297-7216324,kurta,1,S
407-1653761-8420348,Set,1,3XL
404-2608331-0974720,Set,1,L
405-7745838-9549926,kurta,1,6XL
406-1315742-5041162,kurta,1,XL
405-4639281-7611561,Set,1,S
405-4639281-7611561,Set,1,S
408-5701341-1195544,Western Dress,1,L
402-3662112-8353146,Set,1,L
405-0416980-7285951,Set,1,M
403-2478441-6390734,kurta,1,XL
408-0214619-6592308,Western Dress,1,S
403-8140712-3758704,Western Dress,1,M
406-4262423-6977935,Set,1,XXL
402-0131424-5839548,Set,1,M
171-6501929-4843508,Western Dress,1,L
402-8700167-4276346,Western Dress,1,L
407-5756218-0183539,kurta,1,S
408-0344112-5329931,kurta,1,3XL
408-9027450-7817157,Western Dress,1,S
404-3286913-7185109,Top,1,XXL
403-1779596-4907566,Set,1,S
403-4475355-7995560,Western Dress,1,L
408-0441344-3083517,Western Dress,1,L
407-6017405-1946712,Set,1,L
406-0808319-3371538,Western Dress,1,XS
171-0036605-7601963,Set,1,L
171-0036605-7601963,Set,1,L
406-6386223-8049933,Set,1,L
405-9102249-1788357,Western Dress,1,M
406-4216539-0253923,Set,1,XXL
407-3485522-8337961,Western Dress,1,XXL
405-9525806-2893942,Set,1,3XL
403-2705197-0789935,Set,1,XL
403-2705197-0789935,Set,1,XXL
402-4346994-0295550,Set,1,M
403-9968062-2954707,Top,1,S
408-0418245-4400301,Western Dress,1,L
408-7082727-5385103,Western Dress,1,L
402-6030240-0126739,Top,1,XS
404-3879886-2293943,kurta,1,XXL
408-0733183-6848317,Western Dress,2,S
403-0129227-3506773,Set,1,L
405-0849235-2053911,Western Dress,1,M
407-1876705-0032362,kurta,1,L
407-3133541-5952330,Set,1,S
407-2534476-4514733,kurta,1,3XL
404-3406219-2404337,Western Dress,1,XXL
402-7053045-1499516,Western Dress,1,M
408-5664290-2593111,Western Dress,1,M
407-7001947-3745152,Set,1,M
407-7001947-3745152,Set,1,M
405-5788259-5212367,kurta,1,L
406-8312800-3901941,Set,1,M
405-5538819-6225105,Top,1,L
406-8758332-0820344,Set,1,XL
171-1750548-2898715,kurta,1,XL
403-2922550-7832357,kurta,1,XL
403-2922550-7832357,kurta,1,M
407-2526563-7022735,Western Dress,1,M
402-5759193-0449900,Set,1,XXL
405-0214134-7703537,Western Dress,1,M
404-3198682-7831546,Set,1,L
404-3198682-7831546,Set,1,L
171-0261326-2785176,Western Dress,1,M
404-8777960-5355554,kurta,1,L
403-9733458-9831555,Western Dress,1,XS
404-5876996-3481169,kurta,1,XXL
171-9692050-0499516,kurta,1,XXL
408-3425440-0835517,Western Dress,1,M
405-1019195-9844306,kurta,1,3XL
405-3304706-5893958,kurta,1,3XL
408-3154094-0142715,Set,1,3XL
405-2969890-9731524,Set,1,XL
408-9021494-2918701,Western Dress,1,3XL
171-0417755-9356357,Western Dress,1,L
403-9424428-2493148,Western Dress,1,M
405-8589294-7540310,kurta,1,XXL
171-4234711-3150733,kurta,1,M
406-9001750-5389953,Western Dress,1,M
406-8791326-8702710,kurta,3,L
403-0534194-4456312,kurta,1,M
404-6114995-2007546,Top,1,XL
408-9376587-4924346,Top,1,XL
404-4678462-1784357,Top,1,XXL
407-8224243-5834768,Set,1,XXL
404-4769545-6702711,Set,1,3XL
407-0244223-1530761,Western Dress,1,3XL
403-1108731-7605903,kurta,1,M
171-7459469-7937166,kurta,1,XS
407-0880208-1673110,Set,1,XS
402-8109061-1431513,Set,1,M
405-0346202-5200359,Set,1,L
405-4680892-8293100,Western Dress,1,L
404-1895033-3767514,Set,1,M
406-8570913-5504313,Western Dress,1,S
406-9406522-7393153,Set,1,XXL
408-4177695-2007538,Set,1,S
408-1407760-1523510,Top,1,L
407-6579015-6049951,kurta,1,XL
404-0206346-8842749,kurta,1,XS
171-4719722-6531556,Western Dress,1,XS
408-3291329-7526750,kurta,1,M
408-5130723-6469140,kurta,1,XXL
407-7388504-0869126,kurta,1,L
407-7388504-0869126,Top,1,M
408-7553271-2257907,Top,1,S
408-9203139-8678739,Western Dress,1,L
171-5160572-3202738,kurta,1,L
402-3252224-1531528,Western Dress,1,S
408-4735881-8047540,Western Dress,1,L
407-8713865-7101962,Western Dress,1,M
407-8928872-5380368,Top,1,XXL
404-2613973-1724310,Set,1,M
405-5621582-6491557,kurta,1,XXL
406-0216140-6681920,Set,1,S
405-3346461-2743540,Set,1,S
408-2636747-8569935,Western Dress,1,M
405-5799728-2729912,Western Dress,1,XXL
171-1414395-6765107,Top,1,XS
405-2056704-1969104,kurta,1,XL
405-7901801-9532364,Bottom,1,S
407-9910556-7165954,Western Dress,1,L
406-8065102-2970736,Western Dress,1,M
405-9333016-1607507,Set,1,XXL
404-4367302-1285157,kurta,1,5XL
404-4367302-1285157,kurta,1,5XL
404-0269678-8353107,Western Dress,1,L
408-1876619-3743538,Western Dress,1,L
404-8185830-3501151,Western Dress,1,XS
404-8128163-6316369,Set,1,3XL
403-0433456-4813934,kurta,1,L
404-9582254-8408336,kurta,1,L
171-3474965-5045903,Set,1,XS
407-8330717-8125920,Set,1,M
171-2637467-9801946,Set,1,M
408-4571714-4753128,kurta,1,3XL
406-9149586-4613961,Set,1,XL
406-3577432-9484326,Western Dress,1,L
403-1601759-7809167,Top,1,XL
407-6533903-4965123,Set,1,XXL
171-2396919-3262700,kurta,1,L
407-8153004-9355544,Western Dress,1,XL
404-0658561-4215565,Set,1,XS
402-5714227-3979548,Set,1,M
403-7472077-9517939,Western Dress,1,3XL
404-2128756-8048339,Western Dress,1,3XL
402-8764717-0555564,Set,1,M
407-5008636-1592369,Set,1,M
406-8073053-1219544,Western Dress,1,XL
171-8396137-7092369,kurta,1,S
402-7348382-8290749,Western Dress,1,M
402-5845334-7926743,Western Dress,1,3XL
402-5845334-7926743,Set,1,XXL
408-1937312-5536362,kurta,1,XXL
406-2820156-6405134,kurta,1,3XL
403-8632750-9608365,Set,1,XXL
402-8110224-8063540,kurta,1,3XL
407-0062845-3900332,Western Dress,1,L
405-8512278-0106760,Set,1,L
405-2204061-7693917,kurta,1,L
402-0392597-7005934,Western Dress,1,L
406-7438003-2993946,Top,1,XS
408-8396692-5602706,Set,1,L
402-1324120-4811529,Western Dress,1,XL
408-6091041-3643528,Set,1,M
405-7854866-6467538,Set,1,S
402-3845202-6598753,kurta,1,XS
407-6648714-2448318,kurta,1,3XL
404-6365979-0525950,Top,1,M
402-6917896-5530728,Set,1,3XL
404-1627031-5763509,kurta,1,M
408-9918322-1697932,Set,1,L
408-9918322-1697932,Set,1,L
404-1765736-3284300,Western Dress,1,XS
408-4338800-8455531,Set,1,S
171-8510081-3361900,kurta,1,XL
408-2659981-4757964,kurta,1,L
408-6364770-0669153,Set,1,L
407-3353447-4977131,Western Dress,1,M
408-9098057-4369167,kurta,1,M
405-0647639-2962759,Set,1,M
405-6647898-4455564,Set,1,XXL
171-8291322-8828338,Set,1,M
408-3909488-1109923,Set,1,XL
406-2340615-5193911,Top,1,3XL
171-3467932-1173155,kurta,1,L
402-2430244-0793139,Set,1,3XL
171-4562452-9673945,kurta,1,S
407-5735361-5019553,Western Dress,1,3XL
406-6122591-3768343,Western Dress,1,M
402-8869223-8521944,Set,1,M
408-6599983-0801138,kurta,1,XXL
402-5355489-3063558,Western Dress,1,3XL
403-0243249-9156312,Set,1,3XL
406-3074515-8981159,Western Dress,1,XS
171-7263111-5191556,Set,1,XL
406-6775946-2114722,Western Dress,1,XS
407-4031043-8183501,Set,1,M
402-4671475-4106754,kurta,1,M
405-8504690-4443564,Set,1,S
402-0343537-5429104,Set,1,S
404-6796453-2321143,Western Dress,1,L
402-0347314-8849936,Top,1,L
402-0347314-8849936,kurta,1,L
404-1195858-0796314,Set,1,M
407-6144188-6761140,Set,1,S
406-0201762-3663572,Set,1,L
171-0828494-1953914,Set,1,XS
403-9060493-7872334,kurta,1,M
404-5637298-0156352,Western Dress,1,M
407-7416476-5480365,Top,1,M
171-0416848-9377912,Set,1,M
408-7992159-0545138,kurta,1,L
406-5280172-5904350,Set,1,XXL
405-4141607-4123566,Western Dress,1,XXL
406-1730683-0573122,Set,1,M
405-4777051-7504347,kurta,1,XL
402-9951026-4778707,Western Dress,1,S
402-2964189-4064367,Top,1,XXL
407-7992109-8378726,Western Dress,1,S
407-0016569-4362736,Top,1,XXL
403-0087795-0363573,Western Dress,1,XXL
403-2267994-1555542,Set,1,M
406-5746476-4472354,Set,1,L
408-4367849-5496308,Western Dress,1,S
404-0057413-2020311,kurta,1,3XL
405-6800976-7652336,Set,1,M
408-9959759-0067541,Western Dress,1,S
404-1445786-3107525,Western Dress,1,S
405-2191120-6024361,Blouse,1,M
407-2523126-3321107,Western Dress,1,S
408-3687689-0199561,Set,1,S
406-4504613-7216365,Set,1,XL
402-5300306-7260308,Western Dress,1,XXL
408-3883004-8099525,Western Dress,1,S
407-6078563-1470722,Western Dress,1,S
404-5118142-8551564,Set,1,XL
408-5088466-3086704,Western Dress,1,L
406-2353288-5309931,Western Dress,1,XS
404-9634881-0282731,Western Dress,1,M
403-2374033-0159513,Western Dress,1,M
405-3482468-8981969,Western Dress,1,L
408-3139099-3198731,Western Dress,1,M
406-7440287-2128319,Western Dress,1,M
404-4650731-3522768,Set,1,M
404-8180891-1401130,kurta,1,XXL
403-0313560-0419569,kurta,1,L
407-7088994-5172317,kurta,1,S
404-0655523-8180330,Set,1,3XL
405-8208077-4848358,Set,1,M
407-4191632-8180304,Western Dress,1,S
405-3539555-9208308,kurta,1,L
405-7765305-0739532,kurta,1,XL
408-9903325-4265158,Set,1,M
407-6168237-6828335,kurta,1,XL
405-5182194-3456308,kurta,1,XS
405-5182194-3456308,kurta,1,XS
171-7717321-6672343,Set,1,XL
404-6392926-8135543,Western Dress,1,M
406-9432535-6867557,kurta,1,S
406-9432535-6867557,kurta,1,XXL
408-4847541-7658722,Western Dress,1,L
407-0541056-4476330,Set,1,XXL
407-9968183-6589134,Set,1,XL
402-8737779-0465147,kurta,1,S
171-8914589-5206748,kurta,1,XXL
404-7142512-0917123,Set,1,L
404-1082686-9761957,kurta,1,S
403-3604010-1254709,Set,1,XL
406-3032266-5037942,kurta,1,3XL
171-8776064-2030755,kurta,1,XL
405-5554626-8724314,kurta,1,XL
406-3024091-4047568,kurta,1,3XL
405-6920387-1193157,Western Dress,1,3XL
403-8796877-4794724,Top,1,L
405-7063550-9785129,Set,1,XL
404-3771048-9855538,kurta,1,M
406-3908760-0100333,Set,1,S
408-3869806-5444306,kurta,1,3XL
402-5079776-4578735,kurta,1,L
402-6090328-5523506,Western Dress,1,M
408-1784977-9329106,Set,1,XL
406-0685489-2839512,Set,1,M
171-3098215-9783520,Set,1,XXL
171-7406196-3913155,Set,1,M
408-7680904-9296318,Set,1,XL
408-7680904-9296318,Set,1,L
406-1927611-4979546,kurta,1,L
406-1927611-4979546,kurta,1,L
408-9168380-4087502,kurta,1,M
171-6315583-3570733,Western Dress,1,L
407-4614772-7359505,Western Dress,1,XXL
405-1880568-2267538,Set,1,3XL
406-9866516-1037923,Western Dress,1,L
171-8825942-1997148,kurta,1,3XL
408-2528190-7557102,Western Dress,1,S
404-2359271-3113166,kurta,1,3XL
402-7074239-0150704,Ethnic Dress,1,XS
406-0024595-4371550,kurta,1,M
404-2109087-2320310,kurta,1,XXL
171-1855813-7854746,Set,1,M
171-8752657-8717944,Set,1,XS
171-6469117-5154752,Set,1,L
404-6987832-3794748,Set,1,S
405-8883709-0877158,Set,1,XS
402-1815407-3789934,Set,1,L
407-9492593-1184313,Western Dress,1,XXL
405-6443663-8027514,kurta,1,XL
405-4495393-3516319,Top,1,M
408-7354821-1197939,Western Dress,1,XL
408-7354821-1197939,kurta,1,L
404-5658977-4568301,kurta,1,M
402-9363539-5408327,kurta,1,L
408-5819608-8723556,Set,1,XXL
407-1718600-5401920,kurta,1,L
404-9756895-5022769,Set,1,3XL
402-3082953-9526741,Set,1,L
408-7032153-4530755,Set,1,XXL
407-9369734-8873143,Set,1,XS
403-0507681-2077156,kurta,1,L
403-0507681-2077156,kurta,1,L
407-5060922-2812366,kurta,1,XXL
404-9334337-4545125,Western Dress,1,M
171-1237190-9674721,Set,1,L
407-2041973-8289906,Set,1,XL
171-0938580-5069903,Set,1,L
406-1301302-3792315,Set,1,M
407-1710151-2242716,Set,1,3XL
407-4574058-4742727,Bottom,1,3XL
407-5519121-6837963,Set,1,XL
406-5518235-5266767,kurta,1,XXL
406-5518235-5266767,kurta,1,XXL
402-1912783-2077140,kurta,1,3XL
407-4665555-6430747,Set,1,L
171-8689328-5229905,Western Dress,1,XXL
406-3229249-6464362,kurta,1,L
407-9748154-1466755,Bottom,1,XL
171-5780717-2046763,kurta,1,XL
406-0871978-1353122,kurta,1,L
404-4231710-4569964,kurta,1,L
402-8564261-9961136,Set,1,XXL
171-3477628-5729928,Western Dress,1,S
406-8535348-7328338,kurta,1,XS
407-8952648-8737950,Set,1,3XL
408-2003369-6113132,Western Dress,1,3XL
405-6057231-8289128,Set,1,L
403-4682204-3156367,Western Dress,1,3XL
402-4412361-1012338,Set,1,3XL
171-3807602-5946760,kurta,1,L
408-2184847-6474760,kurta,1,M
171-7622894-6054718,Top,1,3XL
407-2043664-5949146,kurta,1,4XL
407-0107058-8487538,Set,1,3XL
171-7853868-0647565,kurta,1,3XL
404-5786121-4996306,Western Dress,1,XL
403-9339007-6446707,Set,1,3XL
404-4977259-5789947,Set,1,L
404-2649447-3468332,Set,1,M
402-7661302-8471543,kurta,1,L
406-1176531-0319550,kurta,1,M
407-0595305-0296309,Set,1,M
402-7835535-4977906,Set,1,M
402-9934979-8018709,Western Dress,1,XXL
405-2348351-8272319,kurta,1,XL
406-9240533-4454737,Set,1,M
403-5533127-4911527,Set,1,S
407-6582229-6312334,Western Dress,1,L
407-8001925-7439522,kurta,1,S
407-4912133-6710727,Top,1,3XL
408-6280584-2121935,kurta,1,XXL
405-4874285-2965160,Set,1,XL
404-3601801-8433932,Western Dress,1,M
171-1114528-7785103,Western Dress,1,3XL
406-4424262-8612322,kurta,1,3XL
171-7731422-9189905,Set,1,XS
171-9449882-6260309,kurta,1,XL
404-1202947-8949112,kurta,1,XL
408-9381107-3098753,kurta,1,3XL
408-5832682-1909136,Set,1,XL
403-1332699-6029966,Western Dress,1,S
405-5450443-7880302,Set,1,S
408-9732464-8161949,kurta,1,3XL
405-4650316-6243504,Set,1,3XL
404-3910786-7242765,Set,1,L
407-8619874-2421907,kurta,1,M
406-9870718-9839518,Top,1,S
405-6648087-8101930,kurta,1,3XL
171-5420303-5553940,kurta,1,3XL
171-2914937-6173915,kurta,1,S
171-2914937-6173915,kurta,1,S
171-2914937-6173915,kurta,1,XS
407-3410442-2385913,Western Dress,1,3XL
407-0026951-8445919,kurta,1,XXL
406-0474479-5517939,Set,1,XS
405-5604216-8830744,Western Dress,1,XS
408-8045355-1343508,kurta,1,L
403-4402233-2885166,kurta,1,M
406-3622241-5301941,Set,1,XL
406-3622241-5301941,Set,1,L
402-0271770-2228316,Set,1,L
406-4412777-6639546,Set,1,XL
402-6689607-3077156,Set,1,S
408-8239518-5497900,kurta,1,XXL
408-1736369-0319569,Set,1,M
407-2650082-2740322,kurta,1,L
408-1709792-8585134,kurta,1,XXL
403-2342537-7776358,Western Dress,1,XS
405-1169320-9153163,kurta,1,XS
408-9721284-0237143,Set,1,XL
408-9721284-0237143,Set,1,XL
402-1901818-1951550,Western Dress,1,L
171-6547634-2902716,Set,1,XS
404-4131059-5167515,kurta,1,3XL
408-2066920-0055527,Western Dress,1,XS
171-8387412-0694763,kurta,1,3XL
171-8387412-0694763,kurta,1,3XL
404-7575722-2417138,Set,1,M
171-0793739-1543542,kurta,1,3XL
402-3545611-8393945,Western Dress,1,L
403-0769527-9845934,kurta,1,L
171-7264193-3841145,kurta,1,XL
407-3344159-3249162,kurta,1,L
404-3819512-9421910,kurta,1,5XL
171-6629529-9923563,Western Dress,1,L
403-8189894-2991527,Western Dress,1,3XL
404-2074273-4487532,Western Dress,1,L
408-5561164-6231553,Set,1,S
402-6366831-9871506,kurta,1,3XL
405-4895663-2001900,kurta,1,3XL
403-6901094-0281924,Set,1,S
408-2123329-6290754,Set,1,L
405-7324827-8361136,Western Dress,1,XL
406-6871697-5369904,kurta,1,S
407-7242916-3508336,Western Dress,1,L
404-1855894-8265134,Western Dress,1,L
408-7382011-4513926,Western Dress,1,3XL
406-6747505-1381166,Blouse,1,M
405-0625596-8093934,Western Dress,1,S
404-8542228-5293103,Set,1,M
406-6455174-5102767,Western Dress,1,S
402-3323779-7421133,kurta,1,XL
405-0915544-8745919,kurta,1,M
403-5188827-6330708,kurta,1,XXL
407-1420641-4734702,Set,1,L
407-0483626-2390706,Set,1,M
404-4439183-2085131,kurta,1,3XL
408-4391316-4593115,Top,1,XL
405-2414470-5994749,Western Dress,1,L
403-1166167-3637969,Set,1,XS
408-4385267-2530768,Set,1,M
171-8949258-1571523,Set,1,M
171-1677600-0436360,Set,1,XL
407-5850523-8134725,Western Dress,1,L
403-0254325-5207528,Western Dress,1,M
404-9293573-7455549,Set,1,XXL
171-3608099-7902742,kurta,1,L
402-0362639-9264342,kurta,1,XL
404-8063948-2231569,Western Dress,1,L
404-8063948-2231569,Western Dress,1,L
402-8060444-6107542,Western Dress,1,L
171-4268845-2141120,kurta,1,L
408-7405550-8054752,Western Dress,1,XXL
408-8325946-9644307,Set,1,L
408-5726800-9705956,kurta,1,S
407-3223717-9750738,Western Dress,1,S
406-6215034-6785143,kurta,1,L
408-5454764-1158739,Western Dress,1,3XL
403-5651178-9247512,Set,1,3XL
406-2364348-2621967,Set,1,M
406-2364348-2621967,Set,1,M
408-7400457-0276325,Western Dress,1,XL
406-0019282-6709154,kurta,1,XL
406-0019282-6709154,Set,1,XL
408-9423891-5895538,Western Dress,1,L
408-7290809-7134719,kurta,1,XXL
171-1121179-4624313,kurta,1,XXL
403-6569943-3322700,Set,1,L
408-1190144-1941168,Set,1,XXL
405-0934931-2764302,Top,1,XXL
408-7679473-7375519,Set,1,L
404-3479673-3122761,Set,1,XL
405-1982270-0747565,Top,1,XXL
404-2560667-8079508,Top,1,S
405-2722129-3902738,Set,1,S
171-6957732-5384300,Set,1,XL
404-3172160-2912363,Set,1,L
403-2009851-4817933,Western Dress,1,3XL
171-8237391-8009144,Western Dress,1,S
402-1051038-2704341,Set,1,M
404-2434912-5730744,Set,1,XL
402-9437016-5193148,kurta,1,XXL
405-0443486-2572311,kurta,1,XL
406-3476602-0778762,Western Dress,1,XL
402-6702380-9797903,kurta,1,M
402-7325495-9746704,kurta,1,XS
408-9439932-3927548,Set,1,M
406-5444930-9840311,Set,1,L
407-8215845-4720330,Western Dress,1,L
402-8206096-8618739,Set,1,XL
171-5031231-9105905,Top,1,3XL
407-7145372-8208366,Western Dress,1,M
406-1440596-2824352,Set,1,L
407-0532463-3146743,Top,1,M
171-8825969-9617111,Set,1,XL
403-3388289-9280328,Set,1,S
402-8993992-5233908,Set,1,M
404-6492962-6797149,Set,1,XXL
403-8720622-1845902,kurta,1,M
405-2115641-5013904,Western Dress,1,M
171-5193503-2747516,Set,1,M
404-5608097-8365966,kurta,1,XL
406-5921218-3539553,kurta,1,XL
407-3851727-1941900,Set,1,L
404-7045710-1101124,Set,1,S
404-8587189-5269968,kurta,1,XXL
406-2709466-6111533,Set,1,M
407-5000046-6702769,kurta,1,XXL
404-6151653-0238726,Western Dress,1,XL
406-9760799-7918715,Set,1,S
171-7441943-0132301,Set,1,XXL
171-7441943-0132301,Set,1,XXL
404-0276284-8354722,Western Dress,1,L
405-1338700-6763563,kurta,1,3XL
171-6319423-7821156,kurta,1,XS
405-3988823-2976323,kurta,1,M
405-0044332-1563501,Western Dress,1,L
171-0630525-0842725,Western Dress,1,XL
171-0630525-0842725,Western Dress,1,L
405-2353216-5806716,Set,1,M
408-2339981-0413112,kurta,1,XL
407-9751647-1895557,Set,1,XXL
402-7926455-3374725,Top,1,M
408-3196755-1372341,Set,1,XL
403-2466783-9153954,kurta,1,M
404-6972312-6991546,Top,1,L
405-8574637-6707559,Western Dress,1,L
408-4888565-7701942,Set,1,XXL
403-3565978-0160311,Set,1,XL
402-1232786-8702720,Western Dress,1,XL
402-1232786-8702720,Western Dress,1,L
403-1032796-3115567,kurta,1,XXL
171-2802610-2291513,Set,1,M
407-5619776-7277131,Set,1,L
405-5685068-7805152,Western Dress,1,XL
407-8452989-8436365,Set,1,M
406-0616113-7113154,Western Dress,1,XL
406-0616113-7113154,Western Dress,1,XL
405-0972219-4476309,Set,1,L
406-1474221-1503502,Western Dress,1,XL
405-0249003-8215568,Set,1,M
406-6102140-8343542,Set,1,XXL
404-3653494-0985949,Set,1,S
402-0886144-5856314,Western Dress,1,XL
405-1498107-8205967,kurta,1,L
406-6464058-9834712,Top,1,M
407-0767400-0170745,Set,1,3XL
406-9793868-4020356,kurta,1,XS
405-1529602-6416329,Western Dress,1,S
404-3241443-8127556,kurta,1,XL
408-6673435-0493913,Western Dress,1,L
404-3817580-4900331,Set,1,M
407-9711545-6772331,Set,1,S
404-0607250-5093930,Western Dress,1,L
403-1193279-3881145,kurta,1,XS
406-2838893-7195567,Western Dress,1,L
404-0986926-4183521,kurta,1,M
404-0214446-5777115,Set,1,XS
408-4840676-8013125,Western Dress,1,XL
408-9768845-7809909,kurta,1,M
171-6427392-0037153,kurta,1,L
404-3445216-2609959,Western Dress,1,XXL
402-8128098-2692303,Set,1,M
405-5324204-5390767,Set,1,S
171-8735855-6735511,Western Dress,1,3XL
404-6439841-1243507,Set,1,M
407-9690800-9819541,kurta,1,L
408-5303902-2625901,kurta,1,L
403-4489609-1035521,Set,1,S
406-8696097-0725908,Western Dress,1,L
404-1809478-2948332,Western Dress,1,XXL
402-6880101-0020308,Set,1,L
402-0005644-2548302,kurta,1,XL
404-3386389-0317932,kurta,1,L
404-3386389-0317932,Western Dress,1,L
407-1988375-9750715,Set,1,XXL
403-5135120-9696310,kurta,1,M
405-1859064-3668363,kurta,1,XL
403-8912285-8174710,Set,1,M
405-7339444-6879545,kurta,1,L
408-2963056-9577113,Set,1,XXL
403-3185277-5308321,kurta,1,XS
403-6528507-6937942,kurta,1,XXL
408-5723352-1021925,Set,1,L
405-0799429-9789102,kurta,1,S
408-7430776-5298735,Set,1,M
404-6409952-3396310,Set,1,S
402-7875779-0526743,kurta,1,XS
171-2866939-5534711,Set,1,XL
402-2987276-0580368,kurta,1,L
171-0030008-7434775,Set,1,L
402-3412055-4240313,kurta,1,XXL
171-3532273-2509105,Set,1,3XL
171-0450846-1766757,Set,1,XS
402-8941887-3628340,Set,1,L
406-0139048-3247533,Set,1,L
403-9009660-7448353,Set,1,XL
405-5298251-8765143,Set,1,M
405-5298251-8765143,Set,1,M
405-5298251-8765143,Set,1,M
405-5298251-8765143,Set,1,M
405-5298251-8765143,Set,1,M
404-0103538-0087535,Western Dress,1,XXL
404-7301116-0228342,kurta,1,XXL
407-8935858-1097965,kurta,1,L
403-7309114-9302732,Set,1,M
403-2258866-4202707,kurta,1,XXL
405-6859990-3954729,Set,1,XL
408-9128996-9949952,Western Dress,1,L
404-4095045-0477920,Top,1,3XL
402-2773018-6089964,kurta,1,L
405-6418280-9882751,Set,1,L
403-4768532-4962717,Set,1,L
403-4768532-4962717,Set,1,L
408-5624411-7023508,Western Dress,1,M
408-2945937-8750762,kurta,1,XL
408-9639926-0389914,Set,1,XXL
407-8671045-0286741,Set,1,M
408-9667666-5575555,kurta,1,M
403-7276147-5398705,Set,1,L
406-1177021-0083563,Set,1,M
404-9456793-6360353,Blouse,1,XL
403-7494956-4624309,kurta,1,3XL
171-6043784-7953101,Set,1,L
407-0705129-1550725,kurta,1,M
406-2777960-7986725,Western Dress,1,XL
407-3073786-4436324,Western Dress,1,XL
405-3138518-1125907,Western Dress,1,3XL
408-7756666-8420362,Set,1,M
404-0808430-0353948,kurta,1,XL
403-3002876-9142761,Western Dress,1,XL
403-3002876-9142761,Western Dress,1,XL
404-0398538-6133957,Western Dress,1,XL
407-6396844-9489920,kurta,1,M
407-7649178-4413900,Western Dress,1,M
407-7649178-4413900,Western Dress,1,M
406-2006618-9273936,Western Dress,1,XL
408-9257204-4557107,Set,1,S
403-5004565-9041135,Set,1,L
171-0203837-2989907,Set,1,M
406-5135488-0544348,Set,1,L
406-3782672-4211520,Set,1,XS
171-3644782-1140364,Set,1,XS
402-2812132-5857934,Set,1,XL
404-9143283-7629901,kurta,1,M
404-2598761-8354716,Western Dress,1,S
403-8194004-1375545,Western Dress,1,M
404-2933837-2449932,kurta,1,3XL
404-3375267-6915547,Western Dress,1,M
403-9517487-4518723,Set,1,S
405-4975251-3445946,kurta,1,XXL
406-1364249-5041908,Western Dress,1,3XL
404-1046724-2385162,kurta,1,XL
171-3747283-2507500,Set,1,M
407-6493731-1513939,kurta,1,L
407-9214118-0200366,kurta,1,XL
405-3784756-7237928,kurta,1,XXL
171-2168293-9703508,Top,1,M
408-2484030-7426746,Western Dress,1,M
404-7686363-5133148,Set,1,XXL
406-2951068-8181148,Western Dress,1,XL
404-9538469-3707500,kurta,1,L
403-5504913-1724369,Set,1,S
403-6137210-2411537,Set,1,L
408-3622377-8626740,Set,1,S
408-0764304-3229164,kurta,1,M
406-2636082-7315566,Set,1,M
405-0516787-8093940,kurta,1,XL
406-7117166-8698761,Set,1,S
402-8190086-8177134,Set,1,M
408-4791620-7561127,kurta,1,XXL
408-6646379-1112310,Set,1,L
171-9608320-4423526,Western Dress,1,S
403-4295639-0207504,Western Dress,1,XXL
403-7731259-6975539,kurta,1,XL
402-7266270-6259554,Bottom,1,XXL
407-4738422-0182746,Top,1,XL
408-1323632-2099551,kurta,1,S
406-4197954-6685906,Western Dress,1,XL
405-6833498-8308326,Set,1,L
408-5241776-0977924,Western Dress,1,L
407-6192493-6010749,Set,1,XL
406-7678266-8403547,Set,1,M
404-9834862-8636343,Western Dress,1,S
171-1452392-2824304,Western Dress,1,S
407-7973057-7194718,Top,1,M
402-8188965-6285130,Set,1,XS
406-4893698-8203569,Top,1,S
406-1422681-9297160,Top,1,XXL
407-5137553-2397118,Western Dress,1,XL
408-0349242-9010769,Set,1,XL
408-5929678-0697922,Set,1,S
171-9604847-0447521,Set,1,L
402-2961005-4420348,Set,1,M
405-3563237-5521963,Western Dress,1,S
407-2495305-4485910,Set,1,XS
408-8068698-6465946,Set,1,3XL
407-4933466-0088349,kurta,1,L
405-9897070-1381946,Western Dress,1,XL
402-1924313-3901150,kurta,1,XS
171-1129964-9701155,Western Dress,1,XL
406-7287191-1643558,Set,1,XL
408-3204344-1997117,Set,1,S
403-8129571-7420302,Set,1,L
405-4210516-1387556,Set,1,M
406-6581286-4460359,kurta,1,L
406-6581286-4460359,Set,1,L
406-8194341-8326704,Top,1,S
408-3213126-7140367,kurta,1,L
171-9312008-2123563,Western Dress,1,M
171-5321293-6891518,Set,1,S
407-6811478-0546720,kurta,1,4XL
403-8742269-1693947,Western Dress,1,S
406-2403403-2857947,Set,1,XL
403-3485779-9534768,kurta,1,XXL
403-3485779-9534768,kurta,1,XXL
403-1620002-1689968,kurta,4,L
403-4040971-3884354,kurta,5,XL
408-1247386-2157109,Western Dress,1,XXL
408-2328686-2640352,Top,1,XXL
404-0728447-1879558,Set,1,XL
407-0961693-8453907,Set,1,L
405-8464248-6118754,kurta,1,3XL
402-6626071-5829912,kurta,1,L
406-8156002-8985925,Western Dress,1,XL
405-6376780-1702759,Western Dress,1,3XL
406-6101212-1185965,kurta,1,S
404-4088249-6547523,Western Dress,1,XXL
404-5095188-7613153,Top,1,XL
408-9417709-4259569,kurta,1,XXL
407-4599535-1364368,kurta,1,4XL
407-8122451-1530752,kurta,1,XS
408-6684673-7525131,kurta,1,L
406-3130075-0333118,kurta,1,S
404-1252286-9546723,kurta,1,L
402-4542921-8005114,Western Dress,1,M
171-0539799-6905960,Set,1,L
404-8220623-1902745,Western Dress,1,3XL
407-4422239-7711531,Set,1,S
403-7040746-9619563,Western Dress,1,M
403-4903356-5011511,kurta,1,S
406-8330015-4089102,Western Dress,1,M
408-9778981-3751551,Western Dress,1,S
402-4381494-8731542,Western Dress,1,M
403-0137766-6500340,kurta,1,XXL
403-0137766-6500340,kurta,1,XL
404-2376006-4677950,Western Dress,1,M
171-9619081-1061969,Set,1,XXL
171-3080821-3565922,Set,1,3XL
405-3531555-9295560,Set,1,M
408-8320003-5102710,kurta,1,L
404-6559787-8905107,Western Dress,1,M
402-6637941-4214764,Set,1,XS
408-0829038-7787539,Top,1,3XL
403-6982911-9150737,kurta,1,S
406-6652048-4853949,Set,1,S
407-0295418-4293914,kurta,1,M
171-0809863-2117114,Western Dress,1,M
402-9761430-7692352,kurta,1,S
405-0435800-8943561,kurta,2,XS
171-6773215-3810747,Blouse,1,L
405-7709684-3947550,Set,1,XL
403-5149518-2784304,kurta,1,L
402-0791979-5220309,Set,1,M
406-4502955-2890701,kurta,1,M
171-4091162-2525945,Set,1,XL
407-8651115-8213937,kurta,1,XXL
404-1759208-8559559,kurta,1,S
407-8182771-7390762,Set,1,M
404-6769344-0233144,kurta,1,XL
403-4963970-7617945,kurta,1,S
408-6612895-3108321,Western Dress,1,3XL
408-6832359-6787528,Bottom,1,L
405-5145089-5225113,Set,1,3XL
407-0630928-7232345,kurta,1,XXL
406-0685600-9952324,kurta,1,L
408-3727699-4805141,Set,1,L
402-6696581-4789145,kurta,1,M
402-6415502-4974727,Set,1,XXL
406-6023370-9566725,kurta,1,M
408-6916933-0197944,kurta,1,XXL
407-8346154-4971527,Western Dress,1,3XL
408-6797043-2358736,Set,1,XL
404-2501317-3102713,Set,1,XS
406-4944484-0362730,Set,1,L
407-0090125-9381934,Top,1,XS
402-6206735-3125967,kurta,1,XL
404-3891368-7556317,Ethnic Dress,1,XXL
171-4538585-6333940,Set,1,XL
404-0051729-7901157,Set,1,L
404-2569082-3165928,kurta,1,3XL
404-1967359-2574736,Western Dress,1,XL
405-4311714-8296338,Western Dress,1,M
171-1247529-4781911,Set,1,XXL
404-2733263-4486741,Set,1,XL
404-6284330-4017108,kurta,1,L
171-5595574-6634759,Set,1,M
402-3273457-9075547,Set,1,XXL
407-2472349-1710753,Set,1,L
402-8652487-4804364,kurta,1,XL
406-6369917-5662762,Set,1,XXL
404-1497683-5761941,kurta,1,XL
403-1088916-0977127,Set,1,XXL
406-3434326-8860344,kurta,1,M
406-2498237-7077951,Set,1,L
402-5997298-4534768,Set,1,XXL
406-4620671-2130766,Set,1,XL
404-9181097-6408351,Set,1,3XL
404-9181097-6408351,kurta,1,3XL
405-0598615-5144324,Western Dress,1,M
171-3776316-0275522,kurta,1,3XL
407-1553197-3548319,kurta,1,XL
403-7960908-8849960,Set,1,L
403-0151001-6841953,Western Dress,1,L
408-3476733-0139521,kurta,1,M
402-8664121-4852330,Set,1,XXL
171-0368354-4005124,Set,1,XL
408-3901480-7488340,kurta,1,S
406-7948434-1491510,Set,1,XXL
408-5122701-8745967,Set,1,XL
404-9581446-9896322,Set,1,L
407-2078749-9119539,kurta,1,M
404-4315576-1552339,kurta,1,L
404-4315576-1552339,kurta,1,XL
402-7922727-2468354,Western Dress,1,M
404-5726660-7304330,Set,1,M
406-0489360-4225160,Set,1,S
406-2646435-4583543,kurta,1,S
171-4787722-7044338,Set,1,L
171-3369743-5345923,Western Dress,1,XL
402-1048290-3564306,Western Dress,1,XL
403-9220544-2665153,kurta,1,M
171-6707500-9533932,Set,1,3XL
407-9575337-1222766,Set,1,M
402-4255875-4876346,Ethnic Dress,1,L
402-4255875-4876346,kurta,1,L
406-7030893-9341157,kurta,1,M
406-9085627-9838711,Set,1,XL
403-2750298-5011506,Western Dress,1,L
402-8418603-7249910,Western Dress,1,L
406-7272143-0509107,Set,1,XXL
408-0749958-0637944,Set,1,L
403-6806529-5581943,Western Dress,1,L
403-0775205-1739545,kurta,1,XXL
407-7640869-9642720,kurta,1,XL
406-5497080-3835549,Set,1,M
405-9848715-7705966,Western Dress,1,S
407-6316252-4521915,Set,1,XL
171-1592668-9309130,kurta,1,XL
402-0349491-4103563,Western Dress,1,3XL
403-3531125-8292335,kurta,1,XS
402-4852877-2582750,Western Dress,1,3XL
405-8235461-3933152,Western Dress,1,S
408-1470738-6165114,kurta,1,M
405-7328233-7093148,kurta,1,3XL
402-0133405-0705975,kurta,1,M
171-2635362-6956359,Western Dress,1,XXL
405-4241860-2301118,Ethnic Dress,1,XL
407-3106329-3433117,Set,1,M
406-7521357-0575562,kurta,1,XXL
405-2424681-0735559,Set,1,3XL
408-4096579-4295563,kurta,1,XL
405-5774487-8280353,kurta,1,XXL
405-5774487-8280353,kurta,1,XXL
405-5774487-8280353,kurta,1,XXL
408-1187533-7420347,Set,1,M
405-5789630-7035504,kurta,1,L
406-9228794-5841933,kurta,1,M
403-3390402-9080335,Set,1,S
404-6331458-9212325,kurta,1,XXL
405-5576592-1137113,kurta,1,M
403-2548952-7609967,Western Dress,1,M
171-1469193-0987517,Blouse,1,Free
171-1469193-0987517,Blouse,1,Free
404-8928651-8074706,Western Dress,1,S
402-7904789-7169122,Set,1,XL
406-0874097-7190726,Western Dress,1,3XL
403-2730381-1024358,Set,1,L
171-3837852-2729915,Western Dress,1,XS
405-1648125-7997138,kurta,1,XXL
406-5007347-7451566,kurta,1,L
171-3584006-0449105,kurta,1,L
405-5652450-4591535,Western Dress,1,XXL
403-2911639-8346714,kurta,1,L
402-3959968-1190729,Set,1,XL
404-2567376-4896369,kurta,1,XL
407-2976258-4341131,Set,1,3XL
171-3474726-7063503,kurta,1,M
402-4805077-9386737,Set,1,M
404-6677383-3599504,kurta,1,S
404-9729565-8697930,Top,1,M
402-0071565-8545123,kurta,1,M
405-5139526-5897914,Set,1,M
171-4452143-7885908,Set,1,L
405-5653585-3731501,Set,1,L
406-5903883-1918727,kurta,1,M
403-3321434-5077920,kurta,1,M
402-0674673-0303525,kurta,1,L
404-2137666-7273168,Set,1,S
171-5825713-3001930,Set,1,M
406-4033518-6405112,kurta,1,3XL
405-3270372-4035544,Set,1,M
171-3448080-7403548,kurta,1,3XL
402-6535007-4743526,kurta,1,XL
404-3759920-0125125,Set,1,M
403-7327636-8511510,kurta,1,XS
402-1615622-1751564,Set,1,S
402-2789533-1071500,Western Dress,1,S
404-2769744-5505904,Western Dress,1,M
406-5564114-9624361,Set,1,M
406-5564114-9624361,kurta,1,S
402-1706632-4085914,Western Dress,1,XXL
406-4793479-8369151,Western Dress,1,S
408-8651148-4725934,Western Dress,1,M
408-6679290-0102703,Western Dress,1,XS
403-1993993-1917107,Set,1,XL
171-3193191-9589121,Western Dress,1,XXL
406-3196947-8193913,kurta,1,3XL
407-3321735-4496302,kurta,1,XL
407-9061260-4066733,Set,1,S
171-2212580-8251559,kurta,1,M
171-2212580-8251559,kurta,1,M
171-2212580-8251559,kurta,1,M
171-3201700-7170738,Set,1,L
404-2898996-1945151,Set,1,XL
406-7326059-8130719,Set,1,L
408-7656171-0773136,Set,1,3XL
402-6435151-1165900,Top,1,XL
404-0282642-6128346,Set,1,M
406-2076555-6898720,Top,1,XS
403-1177320-4234722,Western Dress,1,S
403-4351897-5684306,Set,1,M
403-2584628-1517922,Set,1,3XL
403-2584628-1517922,kurta,1,3XL
403-2584628-1517922,kurta,1,XXL
408-3066763-2534736,Set,1,3XL
402-4971299-3916332,Western Dress,1,M
171-6119159-0978714,Western Dress,1,S
404-1350411-0009963,kurta,1,XL
402-7052451-0989934,Set,1,XL
406-6023829-3901939,Western Dress,1,M
171-0089766-6461936,kurta,1,3XL
404-3590504-2618711,Set,1,XL
403-4484324-6338760,Western Dress,1,M
408-2240878-2215547,Top,1,XXL
407-4081611-2536314,Set,1,M
404-1787511-9117914,kurta,1,XXL
403-0437218-6247513,Set,1,XXL
403-0437218-6247513,kurta,1,XXL
403-5875207-1960347,kurta,1,M
406-0248825-3232344,Western Dress,1,3XL
406-0248825-3232344,Western Dress,1,3XL
406-0248825-3232344,Top,1,3XL
403-5674474-9346766,Set,1,L
171-2220272-7257906,Set,1,XL
405-6853341-1817914,kurta,1,M
404-2957532-2699548,Top,1,M
407-2414027-1074712,Set,1,S
407-0416550-8552358,Set,1,XL
402-5289899-8053965,Set,1,S
405-8304323-7513160,Set,1,XS
404-4628762-7453118,Set,1,XS
404-1625980-5754731,Set,1,S
405-7893766-6295515,Set,1,M
405-7893766-6295515,Set,1,M
406-4460173-5117935,Western Dress,1,XL
171-1125094-4491516,Set,1,M
407-2294672-1547536,Set,1,M
408-5838890-6762703,Set,1,M
408-5838890-6762703,Set,1,L
404-4165685-6901945,Western Dress,1,3XL
404-4165685-6901945,kurta,1,XXL
407-5021812-9345929,Western Dress,1,S
403-8301990-8741907,kurta,1,3XL
171-3792135-2368314,Set,1,3XL
402-5420367-2549964,kurta,1,L
408-3368866-4587547,Set,1,XXL
406-1107968-8879561,Set,1,M
403-2475583-8183519,kurta,1,L
402-5375726-7941140,Set,1,XL
406-3245692-8393131,kurta,1,L
405-7431121-6001937,Set,1,XXL
405-3625245-3719503,Set,1,5XL
405-5821595-0977102,kurta,1,XXL
407-9284638-3845913,Set,1,XL
408-4423220-4246712,Set,1,XL
405-9515187-0403523,Western Dress,1,M
405-3202985-2692354,Western Dress,1,M
406-9831900-3273109,Set,1,XXL
407-3213699-2885103,Set,1,L
408-1188024-2641160,Set,1,XXL
402-2004988-7291562,Set,1,S
406-8037207-9365935,Top,1,XS
404-0677756-1550761,kurta,1,L
405-2189952-7781129,Set,2,XL
407-9894979-7556306,Western Dress,1,M
402-1770610-8101107,kurta,1,L
171-4539939-7507501,Set,1,M
405-6152617-7933125,kurta,1,M
405-6152617-7933125,kurta,1,M
402-0948909-2645931,kurta,1,XXL
403-3221939-8599504,Set,1,M
407-4092029-1173116,Western Dress,1,S
408-0264906-9397146,Set,1,S
408-1755977-4961160,Set,1,M
171-2075393-1538750,Western Dress,1,M
402-5555242-9325158,Set,1,L
407-7616117-8146700,Set,1,3XL
171-4186448-8707554,Western Dress,1,L
408-8554147-3303542,Western Dress,1,S
406-6944064-3241935,Set,1,S
408-7405214-6466750,Western Dress,1,L
408-7202247-4671554,kurta,1,XXL
405-2302585-3945952,kurta,1,XXL
403-8969799-5301161,Western Dress,1,M
171-8711915-1389146,kurta,1,3XL
171-8635299-6649931,kurta,1,M
402-8267067-8437952,Western Dress,1,XL
407-2720668-0043566,Set,1,M
403-8579043-8677950,Set,1,XL
404-1980298-9589969,Set,1,S
171-8977406-0227559,kurta,1,L
405-2985882-2903542,Western Dress,1,XL
405-1383703-8921162,Western Dress,1,L
405-5001551-7653128,Set,1,XL
408-5801478-1097936,Set,1,XS
407-3788790-0541951,Set,1,M
407-8800560-0870748,kurta,1,3XL
402-3187749-8302700,Western Dress,1,M
404-1410246-9595563,Set,1,3XL
405-9429395-5993948,Western Dress,1,3XL
402-8919491-7181114,kurta,1,XL
403-2264151-5594747,kurta,1,S
407-4631608-1365912,Set,1,XXL
402-9808866-6905106,kurta,1,L
408-8517098-4517924,Western Dress,1,3XL
405-8671879-0440314,Western Dress,1,L
403-5815063-0287532,kurta,1,L
408-7002009-5177967,Set,1,M
407-5749181-5005952,Top,1,XS
407-5478753-6146752,Set,1,S
407-8672029-8969168,Western Dress,1,XL
407-2443028-3748367,Set,1,XS
402-4150255-3910705,Western Dress,1,L
402-6959888-3627567,Western Dress,1,L
405-4384623-0464369,Western Dress,1,M
404-0505770-0573167,Set,1,XL
404-4102061-0201935,Set,1,XL
402-9826705-9007501,kurta,1,S
408-6025042-7745946,Set,1,XXL
403-4973310-5528348,Western Dress,1,L
403-7897181-1771510,Western Dress,1,XXL
405-0033528-7191572,Set,1,XXL
406-2594314-2019538,kurta,1,L
405-8378646-4847515,Set,1,S
171-5326442-1969166,Set,1,M
404-6784691-3175552,kurta,1,XS
405-0983065-1845966,Set,1,L
405-0202006-1926761,kurta,1,S
407-7191028-2581161,Set,1,XL
404-2759572-2082719,Set,1,XXL
402-0778867-0332326,Set,1,S
404-5905366-5569911,kurta,1,XXL
407-7017393-5592366,Top,1,XL
407-8285146-7381902,kurta,1,XL
407-8285146-7381902,kurta,1,L
405-1873036-7777962,kurta,1,XXL
404-4937583-8317118,kurta,1,L
405-3558863-5148363,Set,1,L
403-8365968-7679552,Set,1,M
402-3823368-3093941,Set,1,3XL
403-0656042-1074712,Western Dress,1,M
405-3779128-4816330,Set,1,XL
402-1332041-2942751,kurta,1,S
403-6483941-8663531,Western Dress,1,L
403-6483941-8663531,Western Dress,1,L
403-6483941-8663531,kurta,1,L
408-1999078-5571553,Set,1,S
406-9650412-1819525,Western Dress,1,XL
402-2439697-3429902,Set,1,L
402-6386622-1423511,Top,1,M
171-3309423-7768328,kurta,1,S
407-2065671-9549908,kurta,1,M
407-2686502-4680351,Western Dress,1,XXL
402-3015435-2149112,Set,1,M
171-9052591-6056307,Set,1,XL
404-1209797-3869129,Western Dress,1,XL
405-1788596-7165917,Set,1,XL
406-8792531-3053948,Set,1,3XL
402-1834306-2278760,Set,1,M
406-2792809-7236312,Western Dress,1,XXL
171-1227970-5205138,kurta,1,L
402-8697727-6261157,kurta,1,M
407-4611830-5026719,kurta,1,XL
407-4611830-5026719,kurta,1,L
407-4611830-5026719,kurta,1,XL
171-0808299-4966730,Set,1,L
403-9362532-9601100,Western Dress,1,L
407-8812369-6782752,kurta,1,3XL
171-4163233-0265123,Set,1,XL
405-4089185-2561167,Western Dress,1,S
405-4089185-2561167,Ethnic Dress,1,S
405-4089185-2561167,Western Dress,1,M
171-5784045-9743539,Set,1,3XL
405-8127656-0412324,Western Dress,1,L
408-6027454-5593956,Western Dress,1,3XL
406-7505078-7185905,Western Dress,1,M
171-2678398-8295530,Western Dress,1,S
407-5521974-5969930,Western Dress,1,S
407-9946907-9109136,Set,1,XXL
407-8984581-9249967,Western Dress,1,L
408-0503857-2772307,kurta,1,L
403-8342748-5435533,kurta,1,L
407-0035673-8860358,Set,1,M
404-9875133-6675526,Western Dress,1,L
404-9280971-7985140,Set,1,M
406-3188891-6410737,Western Dress,1,L
405-3483641-4130716,Set,1,M
407-2134744-2983560,kurta,1,L
407-2134744-2983560,kurta,1,L
408-8043730-1741107,Western Dress,1,XL
403-1914549-0961914,kurta,1,L
406-6578759-3590746,kurta,1,3XL
406-6578759-3590746,kurta,1,3XL
408-3777496-1243504,Western Dress,1,M
405-7947897-0657162,Western Dress,1,3XL
402-6914201-1132315,kurta,1,L
404-6527611-2620356,Set,1,L
408-9085654-3078701,Set,1,XL
402-5192384-3951567,kurta,1,XXL
408-0941768-6858737,kurta,1,S
405-6954338-5421112,Set,1,XS
404-7936005-0288359,Western Dress,1,XL
171-6111632-0922714,kurta,1,XXL
406-6234605-5864362,kurta,1,XL
171-7373723-8657945,Set,1,M
405-7640336-7685932,Set,1,L
171-4820020-0470727,kurta,1,S
408-3377351-6975523,kurta,1,S
171-0774475-2264346,Western Dress,1,XL
405-2913100-9199523,Western Dress,1,S
405-1899830-7282769,kurta,1,3XL
404-0774070-6334744,Set,1,L
171-3934791-7160354,kurta,1,M
407-1455315-5726715,Western Dress,1,S
408-2931172-0919527,Set,1,L
408-3631858-9976333,Set,1,L
171-4121759-3803518,Set,1,M
171-9857645-8852308,Set,1,S
171-0191752-7852367,Western Dress,1,S
407-0462669-0421903,Set,1,S
404-1610265-6433939,Set,1,L
403-7698979-0771504,kurta,1,L
404-5986155-8706729,kurta,1,L
405-6234764-6194764,Western Dress,1,S
402-4464781-6945954,kurta,1,L
407-2252614-9960322,Set,1,XXL
402-5185798-2492330,Set,1,XXL
403-7846570-7048320,Western Dress,1,3XL
405-8083324-3698702,kurta,1,XL
408-7696219-9552300,kurta,1,M
408-3992880-3810716,kurta,1,XXL
402-2351401-7407519,Western Dress,1,S
406-6726118-7005952,Set,1,S
406-0689159-0242757,Western Dress,1,M
406-1340163-1532324,kurta,1,XL
403-3650426-9428337,Western Dress,1,S
171-6627078-9134717,Set,1,L
171-1430589-2399506,kurta,1,M
404-6797504-2297936,kurta,1,XXL
404-6195927-7625966,kurta,1,XXL
404-7266683-0259508,Set,1,L
402-9372128-1582757,kurta,1,3XL
402-9372128-1582757,Western Dress,1,3XL
403-3764170-9501915,Set,1,XS
402-4060761-0311540,kurta,1,L
408-5838920-4513109,Top,1,XXL
406-7193780-5649914,Western Dress,1,L
404-6901387-4641964,kurta,1,M
402-9465907-8459534,kurta,1,3XL
402-1069953-0733147,kurta,1,XL
405-3194788-9908318,Set,1,3XL
404-2724074-8320314,kurta,1,3XL
407-6151541-3088362,Western Dress,1,XXL
403-6290168-9052301,Set,1,L
402-6176168-9014715,Set,1,S
408-3639980-9358722,Western Dress,1,XL
171-2627808-9588308,Top,1,XXL
403-0851403-5608326,Set,1,L
403-9033467-8363559,Set,1,XS
407-9943797-2776361,kurta,1,XL
171-0210921-4381918,Set,1,L
408-6803565-5722735,Set,1,XXL
403-2248987-2923545,Set,1,XS
408-0888200-0895547,kurta,1,S
406-4905610-8176350,kurta,1,XXL
407-9950108-0957933,kurta,1,L
402-3433052-3212314,Western Dress,1,S
403-6730101-1397926,kurta,1,XXL
402-5592916-1892327,kurta,1,XS
402-3332711-0088348,kurta,1,3XL
171-4354435-6301120,Set,1,M
171-2822610-6975562,Set,1,3XL
404-2997009-7217956,Western Dress,1,XL
408-5549512-7211537,Set,1,M
405-3485810-3720311,Western Dress,1,XL
405-2260156-3312359,kurta,1,XS
405-5255431-3950715,kurta,1,3XL
405-3950166-2240320,Set,1,XS
403-2359320-2076309,Western Dress,1,S
403-4915151-9177147,Set,1,S
403-4915151-9177147,Western Dress,1,M
408-2718777-8417144,Western Dress,1,L
403-6755027-0321145,Set,1,XS
408-4561336-5452357,Set,1,M
171-8109456-0220364,Set,1,M
408-8247847-9745912,Set,1,L
408-4164287-1813115,kurta,1,M
405-1414203-7335523,Set,1,L
404-2851845-8725956,Set,1,XS
406-9862634-8333962,Set,1,M
405-6311254-6665965,Western Dress,1,M
407-3220780-7151507,Set,1,L
404-6898603-4829903,Western Dress,1,S
402-9069852-5669944,kurta,1,XS
402-4240716-7861942,Set,1,XL
406-3910341-5405955,kurta,1,XXL
402-6618890-4094717,Set,1,XL
404-4340684-7226747,Top,1,XL
404-7403004-4341141,Top,1,XL
171-1267771-9901957,Western Dress,1,M
406-8472224-3077137,Western Dress,1,M
408-9048975-6181958,Western Dress,1,M
406-5952713-9641123,Western Dress,1,XL
404-2471373-9629954,kurta,1,XS
405-8161749-1861900,Top,1,XL
403-7255953-6044359,Set,1,XXL
405-4471072-6506744,kurta,1,XL
403-0548067-5941968,Set,1,XL
403-7852146-0281908,Set,1,XXL
403-0272063-1718720,Western Dress,1,S
171-0100746-3044311,Set,1,S
408-4661724-0746701,Top,1,XL
402-7319867-3350760,Set,1,S
403-6922099-5375521,Western Dress,1,XL
403-6922099-5375521,kurta,1,XL
405-9440382-7244321,Set,1,3XL
406-2650106-7539514,Set,1,S
408-8458322-7081904,kurta,1,XL
403-5226413-0261111,Set,1,XL
403-5226413-0261111,Set,1,XL
403-0125119-3973149,Set,1,XXL
404-8454211-3186722,Set,1,L
405-4884454-6944358,Western Dress,1,S
406-4243484-2895509,Set,1,3XL
402-2814869-8196348,Set,1,L
403-8519823-9785156,Western Dress,1,M
405-7767825-6423510,kurta,1,3XL
405-7767825-6423510,Set,2,3XL
402-0985720-1441158,kurta,1,L
407-1918970-3289132,Western Dress,1,M
408-2271651-1481945,Set,1,XS
403-4892924-9545939,kurta,1,3XL
171-0056474-2445940,Set,1,L
407-5598177-8402718,Set,1,XL
404-9860302-3074713,Set,1,L
407-1037267-2281937,Western Dress,1,S
408-3183512-9481123,Western Dress,1,XL
408-0332988-5997122,kurta,1,XS
171-1303849-6671543,Set,1,XS
402-8029193-7894753,kurta,1,3XL
404-6168223-2053150,kurta,1,L
404-7782802-0378760,kurta,1,M
407-6975362-9663554,Western Dress,1,XL
404-5041633-3869917,kurta,1,M
403-7519291-2532300,Set,1,3XL
171-5901107-0050727,Set,1,S
404-2006659-7334713,Set,1,XL
408-8703041-1330720,Western Dress,1,XXL
403-4971463-4294716,Set,1,M
407-8730281-0124349,kurta,1,XXL
402-8257180-6181965,kurta,1,XXL
171-8206898-5113140,Set,1,XS
171-0626510-4989901,Set,1,L
405-3571248-7314768,Western Dress,1,XL
404-8191962-1891542,Set,1,S
405-6405873-7832326,kurta,1,3XL
171-3697156-8922728,Western Dress,1,XL
408-9253855-0445914,kurta,1,L
404-4766558-0486749,Western Dress,1,XXL
406-0342168-4904371,Set,1,L
407-0841962-6984313,Set,1,L
408-5602925-6293139,kurta,1,XXL
406-0338351-7185946,Top,1,XL
404-4777257-6098733,Western Dress,1,3XL
402-3909248-1349115,Set,1,L
403-8613417-3896318,Set,1,M
404-8789816-0053961,Set,1,XL
404-1782457-4136350,kurta,1,L
402-8789602-4093941,Set,1,M
405-7655343-3742706,kurta,1,L
408-9969722-6024331,kurta,1,M
404-9385151-2121927,Set,1,XL
171-4219009-3456330,kurta,1,3XL
404-1451299-6177162,kurta,1,3XL
406-6058449-7075559,Set,1,S
405-1600509-4142756,Western Dress,1,3XL
405-1600509-4142756,Set,1,3XL
405-3098706-9290740,Top,1,L
403-5508238-2990709,Western Dress,1,3XL
402-3550159-6007501,Western Dress,1,XL
404-3513281-0568301,Set,1,L
406-0541960-8397926,kurta,1,XS
403-1346865-4057103,Set,1,M
171-4919908-2348366,Ethnic Dress,1,XL
171-4919908-2348366,Western Dress,1,XL
171-7015793-8247500,kurta,1,3XL
406-4428337-6537906,Set,1,L
407-7995941-5725117,Western Dress,1,XL
407-9312465-1752369,Set,1,L
404-9277712-0274753,Western Dress,1,L
407-6470872-0659534,Western Dress,1,L
408-7101599-7346714,kurta,1,XXL
408-6321244-3174709,Set,1,XL
403-2591250-5585121,Set,1,M
408-6106878-2632352,kurta,1,4XL
408-0168839-3421132,Western Dress,1,M
403-5984776-2422762,kurta,1,L
406-0381123-2990758,Set,1,XL
171-5035896-7477110,kurta,1,XL
171-5234102-6793123,kurta,1,L
171-5697384-3427545,kurta,1,3XL
402-8125087-5676338,Top,1,XL
402-3833196-0979564,kurta,1,3XL
405-5252795-9192352,kurta,1,XXL
408-4621351-7594725,Set,1,XS
404-0289099-6626768,Set,1,M
404-6477297-0542735,Bottom,1,XL
407-9395214-3023523,Set,1,L
406-0916183-7023520,kurta,1,XS
403-8019744-8590722,Set,1,S
408-7145734-8929165,Ethnic Dress,1,XS
403-0287029-7409914,Set,1,L
403-0287029-7409914,kurta,1,XL
407-2533291-0351538,Set,1,S
406-2955108-4344348,Western Dress,1,M
406-4668454-6933104,Set,1,L
406-0297051-7616305,kurta,1,L
405-4821183-5853935,kurta,1,M
402-5801912-4492330,Set,1,XL
406-3679871-9066732,kurta,1,L
404-4036841-0737963,Western Dress,1,XL
408-5105930-1434722,Set,1,XXL
403-9123035-7409134,Set,1,3XL
407-6766117-5549105,Western Dress,1,3XL
405-8553736-1291522,Western Dress,1,S
404-8924668-4547569,Set,1,M
407-9987554-8324347,kurta,1,3XL
402-1746477-4349944,kurta,1,L
402-7336938-7435515,Western Dress,1,L
407-1805227-7633100,Set,1,3XL
404-4584609-7273938,Western Dress,2,M
402-7855424-0026746,Set,1,XS
408-7844396-1530718,Set,1,L
408-3292144-2149913,Western Dress,1,S
408-3292144-2149913,Western Dress,1,S
408-3292144-2149913,Set,1,M
407-9997246-7269157,Set,1,XL
171-5774493-1624339,kurta,1,XXL
403-4866809-1740328,Set,1,XL
403-1709267-9485955,kurta,1,M
408-5775399-0686727,kurta,1,XXL
407-7035108-8980350,Set,1,XL
407-2012327-3073152,kurta,1,M
407-2181646-4545101,Set,1,L
404-7355654-8353120,kurta,1,XXL
171-3711964-0771568,kurta,1,3XL
405-9069540-1195549,Western Dress,1,M
171-0520409-8605966,kurta,1,L
405-8260862-4615515,kurta,1,XXL
405-8260862-4615515,Western Dress,1,XL
404-4881021-4768363,Set,1,S
403-0726357-2396347,Set,1,L
405-0404784-7400327,kurta,1,3XL
405-3421063-8133120,kurta,1,XXL
171-7823122-3665162,Set,1,S
404-6058057-0620303,Set,1,XXL
408-5943310-5124351,Western Dress,1,M
404-8834975-6548317,Top,1,XS
403-0704456-3901920,Set,1,M
407-0457674-0808355,Set,1,XXL
405-6903577-7248367,Western Dress,1,M
405-6903577-7248367,Western Dress,1,M
171-0258639-2514748,Western Dress,1,M
402-5960794-6381960,kurta,1,L
405-4220065-4690702,Bottom,1,L
407-5226253-8738743,Western Dress,1,M
404-9472348-0480342,kurta,1,L
404-9472348-0480342,kurta,1,L
407-6718045-4925935,Set,1,L
404-2452853-4411555,kurta,1,XXL
408-5019457-6541132,Set,1,XL
405-0947941-1645108,Western Dress,1,L
404-8021746-5342745,kurta,1,XXL
171-0206032-1592330,Western Dress,1,M
404-2817099-6653130,Set,1,L
405-7769626-9102721,kurta,1,M
405-5010851-4702723,Set,1,M
171-1956845-9594743,Set,1,S
405-4145852-9221146,kurta,1,XL
405-1553548-4077930,Set,1,XXL
406-1298244-8723519,Set,1,3XL
405-5120336-6038756,Western Dress,1,XL
403-1390950-8304326,Western Dress,1,S
407-0095362-0905967,Set,1,XXL
405-1570064-7165128,kurta,1,XXL
405-0841048-3658705,Western Dress,1,S
405-0153215-8057924,Set,1,XL
402-5758364-3901944,Western Dress,1,XXL
403-8235897-5557912,kurta,1,5XL
403-8235897-5557912,Set,1,6XL
403-8235897-5557912,kurta,1,6XL
403-8235897-5557912,kurta,1,6XL
404-8338243-6999532,kurta,1,L
404-3591163-4091526,Set,1,XXL
408-1019299-7297925,Top,1,L
408-4657112-1313924,Set,1,L
402-2522621-4905146,kurta,1,S
406-3032167-5489127,Western Dress,1,L
171-9954872-1520316,Western Dress,1,M
407-4820606-6961140,Western Dress,1,XL
406-4000175-0070745,kurta,1,XL
406-8155457-8434717,kurta,1,L
403-1545835-7651527,Set,1,XL
402-1481610-8428348,Western Dress,1,L
402-1146631-8123501,Set,1,L
407-1767718-3245123,Set,1,S
405-3517078-3409134,Set,1,XXL
404-2374902-3148364,Western Dress,1,S
405-9638493-7408346,Set,1,S
403-3461928-1742702,Set,1,L
403-6289131-7098754,Set,1,L
408-5968553-7225904,Top,1,XXL
407-7780833-5525955,kurta,1,XXL
408-2246612-4074734,Set,1,S
402-0126702-2565154,Top,1,XXL
405-5326989-1753160,Set,1,XXL
408-2853708-7561962,Set,1,S
408-9414930-9683521,Western Dress,1,XL
408-0093757-9434744,kurta,1,XXL
407-3526174-8783538,Set,1,M
403-5376803-1925931,Western Dress,1,L
402-5458137-6003546,Top,1,XL
171-1103207-5642718,Set,1,S
408-6300575-6219516,Set,1,3XL
408-8814307-7389946,kurta,1,3XL
407-0731116-3913116,Western Dress,1,S
403-4619731-2009911,Western Dress,1,S
403-1019699-7938703,kurta,1,L
403-8784656-4045926,Western Dress,1,M
402-7661456-6761912,kurta,1,L
408-2014373-0591523,Set,1,3XL
402-9017105-6286719,kurta,1,M
403-7440589-7346752,kurta,1,L
404-9172117-8761105,Top,1,3XL
404-9172117-8761105,Top,1,3XL
171-8756118-5713939,Set,1,M
404-6681927-9469957,Bottom,1,M
405-0519114-9040300,Set,1,L
406-6504419-0253154,Western Dress,1,M
408-3742000-2945104,kurta,1,3XL
402-6500172-4678755,Western Dress,1,S
171-3751974-2599562,Western Dress,1,3XL
402-8595071-3305959,kurta,1,XXL
407-4853780-4152339,Set,1,XXL
171-3638011-9214756,kurta,1,L
408-1490329-9718763,kurta,1,3XL
404-1680690-4091532,Western Dress,1,3XL
402-4399555-3152306,Western Dress,1,L
171-2229033-4917959,Western Dress,1,M
171-4888025-6533952,Set,1,L
403-0406825-4372315,Western Dress,1,XL
407-4073337-5065909,Set,1,S
404-0163900-5584335,kurta,1,L
408-2391264-1885908,kurta,1,XXL
408-9933267-6501115,Set,1,XS
405-1005827-1860306,Western Dress,1,S
402-5433381-9429140,Set,1,XS
407-4845793-8008305,Set,1,3XL
402-4057250-8334701,kurta,1,L
407-7848095-2374738,kurta,1,3XL
171-4890819-8696345,kurta,1,XL
405-5488260-7241947,kurta,1,L
171-6977235-8766761,Western Dress,1,XL
405-5665966-8106763,Western Dress,1,L
402-4169556-5148313,kurta,1,XL
403-3475240-5034706,Set,1,S
403-6210934-2466728,Western Dress,1,M
407-5575981-2533917,Set,1,XL
402-6535043-0613908,Set,1,3XL
403-8406819-5071535,Western Dress,1,M
404-9188379-0275560,Western Dress,1,S
171-9077920-3489967,kurta,1,M
407-0697018-4445129,kurta,1,L
408-3818139-7782726,Western Dress,1,XXL
406-8211361-3681957,kurta,1,L
408-9666321-4884316,kurta,1,XS
407-7611052-3869909,kurta,1,XXL
407-8448774-5543513,kurta,1,XXL
405-2307212-1714722,kurta,1,L
403-4185319-6464351,kurta,1,XL
403-2871290-7245161,Set,1,XS
404-6497791-2798750,kurta,1,XL
405-5404320-8233906,kurta,1,3XL
404-6436039-6341942,Set,1,M
405-9422450-1693160,Top,1,XXL
171-1429300-4003547,kurta,1,XL
404-0580327-0649105,kurta,1,3XL
408-0508319-8866760,Western Dress,1,XL
402-4398022-0813164,Set,1,L
404-6136237-0629114,Western Dress,1,XL
406-7989983-6507510,Western Dress,1,XL
408-4781117-6469158,Western Dress,1,M
403-3899118-8433115,Set,1,XXL
402-6956935-5682743,Set,1,M
405-6158410-0899555,Set,1,M
404-8302505-0873148,Top,1,L
405-8854906-9477120,Western Dress,1,XL
403-8315990-8568328,Set,1,S
403-8315990-8568328,kurta,1,S
403-8315990-8568328,Set,1,S
403-8315990-8568328,kurta,1,S
408-1343879-8367511,Set,1,M
402-1201319-6203526,Western Dress,1,3XL
408-6165909-1558734,Set,1,XL
407-9820922-5693124,kurta,1,XL
407-5999738-1462766,Set,1,M
406-3448681-0521919,Western Dress,1,XL
408-4383555-0097111,kurta,1,L
405-8922759-4987511,Western Dress,1,XL
406-3706179-4419516,Western Dress,1,XXL
408-4914925-8472313,Set,1,L
171-2097521-8973164,Set,1,3XL
405-8762766-6201159,kurta,1,M
171-9851764-4710739,kurta,1,M
406-9052606-5298766,kurta,1,L
403-9671599-6385107,kurta,1,3XL
403-9671599-6385107,kurta,1,3XL
404-6327816-0653928,Set,1,L
407-3132965-1283508,Western Dress,1,M
404-1558306-2691550,Set,1,M
406-3428509-2753908,Top,1,S
406-7430137-9396313,kurta,1,3XL
171-2424173-3944358,Western Dress,1,3XL
171-2843718-4730729,Western Dress,1,XXL
404-4947616-1941125,Western Dress,1,XS
408-7791928-9728335,kurta,1,XXL
405-6889293-9254719,kurta,1,6XL
408-7696714-9499504,Set,1,S
406-4685316-6930701,Set,1,S
403-1364981-9825149,Western Dress,1,M
406-3160418-4882735,Western Dress,1,XL
403-8117033-0629950,Set,1,XL
408-1769428-2667526,kurta,1,XXL
404-5380661-2669963,Western Dress,1,XXL
408-6625695-7325933,kurta,1,L
408-8027078-0917139,Western Dress,1,XXL
403-8375576-8479551,kurta,1,3XL
408-6202310-3031520,Set,1,L
406-9044775-0262739,Western Dress,1,XL
402-4353829-0789905,Western Dress,1,XL
406-8652648-3988327,kurta,1,XL
402-6044434-6330713,Set,1,M
402-7157110-4530768,Set,1,M
408-6184016-9138734,kurta,1,L
171-1488809-5934737,Set,1,L
408-2267528-3329121,kurta,1,XXL
407-6879422-2461112,Western Dress,1,XXL
171-0201244-0090773,Set,1,L
404-1439024-0602725,kurta,1,L
404-1439024-0602725,kurta,1,L
404-8936512-8480340,kurta,1,L
408-0185186-7542776,Western Dress,1,XXL
408-0859731-9644320,Western Dress,1,M
407-8833807-5510738,kurta,1,3XL
406-1154874-7097921,Set,1,S
403-6235640-0789954,Western Dress,1,S
407-0096385-2249132,kurta,1,L
406-6847761-4221947,Set,1,M
171-3973517-2209939,kurta,1,XXL
404-4830696-2589903,Western Dress,1,L
406-1899984-9288350,Western Dress,1,L
171-8417652-0689903,Western Dress,1,L
406-4230809-4342755,Set,1,3XL
405-3319836-7301106,Top,1,L
407-0787863-1652330,Western Dress,1,XL
405-4479040-8349951,Western Dress,1,XL
171-1738271-7309901,kurta,1,M
405-0438153-2156357,kurta,1,M
403-4568339-1916320,Set,1,XL
407-1679417-3389935,Western Dress,1,M
403-0715682-4589118,kurta,1,S
404-9426845-6967556,kurta,1,3XL
407-8159309-3756351,kurta,1,XXL
404-0206530-6225958,Western Dress,1,XS
171-3753532-9410752,Western Dress,1,XS
407-6648927-4396358,Set,1,XS
403-4583408-5196309,Western Dress,1,XS
403-4583408-5196309,Western Dress,1,XS
171-3315980-4575525,kurta,1,M
406-9220661-4212304,Set,1,M
408-0430406-6556348,Set,1,XL
405-9347733-4872332,Western Dress,1,XL
402-2771868-6328324,Western Dress,1,XXL
406-2822902-3801150,Set,1,XXL
403-9270066-8153930,Top,1,S
404-7265294-7811537,kurta,1,XXL
171-2212829-7575529,Set,1,L
403-8587279-3451501,Set,1,XL
404-2221648-4163567,Western Dress,1,S
171-4484107-6254707,kurta,1,XL
171-0856707-9360348,Set,1,XL
407-7117592-2842752,Set,1,XS
404-0689957-1120360,Set,1,XL
171-5884823-9560307,kurta,1,XXL
403-6334825-1386734,kurta,1,XL
402-0050093-3909911,kurta,1,XL
405-1444029-0734705,Western Dress,1,M
405-1444029-0734705,Western Dress,1,M
403-5064366-4079560,Set,1,3XL
405-6142727-8500310,Set,1,XL
407-2052299-1553914,Western Dress,1,L
405-5829441-7068348,Set,1,L
171-9695085-7330700,Set,1,S
407-1305718-9801162,kurta,1,XXL
403-2430442-5081119,kurta,1,S
403-4665108-4808354,Western Dress,1,M
403-7528461-4941932,Set,1,M
405-9411233-2363559,Western Dress,1,L
403-0042010-0417959,Set,1,M
408-0194334-7857976,Western Dress,1,XL
406-7049472-9995503,kurta,1,XL
402-0469101-8045951,Western Dress,1,L
171-2270707-9115565,kurta,1,XXL
171-4948717-6718702,kurta,1,XL
405-1805617-3364360,Western Dress,1,XL
407-0244269-3356373,kurta,1,XL
405-3724127-8597944,kurta,1,L
405-3593350-8009153,Western Dress,1,M
406-3654789-9754742,kurta,1,XL
406-6907009-7537111,Western Dress,1,XL
171-3306405-4305919,Set,1,S
408-6585022-4153118,kurta,1,L
402-8491445-0625107,kurta,1,3XL
403-1604206-7100329,kurta,1,L
404-7359750-6622730,Set,1,L
171-0352880-4804327,Set,1,XL
403-0701419-1824353,kurta,1,3XL
408-1768215-1517104,Western Dress,1,L
404-4607584-5309152,kurta,1,L
408-3024991-3434701,Set,1,3XL
403-7624931-9519559,Set,1,L
405-1382930-9265957,kurta,1,XL
407-1223466-2399548,Western Dress,1,L
405-8521330-2874756,Set,1,L
405-8521330-2874756,kurta,1,L
404-1168145-3787503,Top,1,XL
406-8153209-1109904,Set,1,XL
408-4746755-8523542,kurta,1,L
405-4779158-6881154,kurta,1,3XL
171-8903482-3979521,Set,1,3XL
402-6736074-0418735,Western Dress,1,3XL
405-0751391-3209945,kurta,1,L
406-6314863-5372322,Set,1,M
403-8150033-2499517,Western Dress,1,XL
403-7592386-5769162,Set,1,XL
403-8764923-9156331,kurta,1,3XL
407-3177019-3010758,kurta,1,XS
405-5911376-7597935,Western Dress,1,XXL
407-0355967-3133906,Set,1,L
407-4026732-0321163,Set,1,3XL
405-1934149-0609919,Western Dress,1,XL
408-1127425-8311523,Western Dress,1,XS
408-7670647-3358715,Set,1,XS
402-0658188-0764333,Top,1,3XL
406-5143513-9408323,Western Dress,1,L
405-9332820-6800333,Set,1,XL
407-1936798-5589934,Set,1,XL
404-3886069-8141901,Western Dress,1,XXL
405-5801353-5601928,Set,1,M
408-3353405-4686758,Western Dress,1,S
407-9083581-7361953,Western Dress,1,L
407-9523471-8157947,kurta,1,S
407-8976681-4678713,Western Dress,1,L
403-8974749-5642704,Set,1,M
403-8974749-5642704,Set,1,M
407-9015541-4761935,kurta,1,6XL
405-0040057-9320368,kurta,1,XL
405-0040057-9320368,Set,1,XL
408-9983390-0293139,kurta,1,XXL
407-6929363-0719501,Western Dress,1,3XL
408-1951117-0886724,Western Dress,1,M
408-1951117-0886724,Western Dress,1,S
407-4364026-7205112,Set,1,XL
406-4707452-6985962,kurta,1,S
407-2707392-2984319,Western Dress,1,XL
406-5545133-1907550,Set,1,XXL
408-8363737-5261932,kurta,1,3XL
403-7974499-9559522,Top,1,XL
407-8661003-9597154,kurta,1,XS
402-2257104-6191525,kurta,1,XXL
406-3040100-0247510,Set,1,XL
403-9803985-0361143,kurta,1,L
405-1130133-3096309,Set,1,XS
402-0680478-8193947,Set,1,XS
403-6345380-5351532,kurta,1,3XL
408-5386075-0842753,Set,1,M
406-8602713-4411522,Set,1,XL
404-3392625-1761906,Western Dress,1,L
407-1253453-0039519,kurta,1,XL
403-0375944-3136362,Western Dress,1,S
405-7514873-1194741,Western Dress,1,M
403-7589054-7587558,kurta,1,XL
408-4366057-2597951,kurta,1,L
403-1117711-9564366,Western Dress,1,M
171-3490970-0193161,Western Dress,1,XS
405-8469450-5269928,kurta,1,L
408-6225681-2124322,Set,1,L
402-6825182-8708315,Western Dress,1,L
171-2155121-4055542,kurta,1,L
402-1685615-4044310,kurta,1,L
408-8401812-0039508,kurta,1,XXL
404-0312879-6844323,kurta,1,XL
408-3825984-5757927,Set,1,XXL
171-5215714-3161153,Western Dress,1,XXL
408-0390784-6579516,Set,1,3XL
408-9801344-1071520,Set,1,XXL
402-2733490-6159544,Western Dress,1,XXL
171-4719286-8169912,Western Dress,1,M
404-8651956-9138717,Set,1,L
403-4938074-3182723,Set,1,M
404-1944340-0053146,Set,1,L
402-8204256-2645928,Set,1,XL
402-8204256-2645928,Set,1,XS
405-2431747-9147557,kurta,1,M
171-2491244-6031549,Western Dress,1,L
402-0306842-4704324,Set,1,S
407-7839312-3707553,Western Dress,1,XXL
404-3021267-7369946,kurta,1,L
408-8992490-2093144,Top,1,M
405-0966214-9860368,Western Dress,1,XXL
171-6891318-8056324,kurta,1,XXL
408-9353994-1589115,Western Dress,1,M
402-4883150-5201965,Set,1,M
407-1128011-9528337,Set,1,S
402-6879099-0641144,Western Dress,1,S
403-4395180-1896361,Set,1,S
403-8026713-9781900,kurta,1,3XL
406-1086938-6449120,Set,1,XXL
406-1086938-6449120,Western Dress,1,XXL
408-8792804-1267547,Set,1,S
405-5841684-6995554,kurta,1,3XL
404-6534879-3520301,kurta,1,S
408-1272605-2487523,Western Dress,1,3XL
406-7031459-5429154,kurta,1,XS
406-5960927-8776352,kurta,1,XL
408-4540644-5033106,kurta,1,XXL
408-2722490-2321117,kurta,1,XS
171-6512486-4016300,Set,1,L
408-1958885-5499529,kurta,1,M
407-3894355-0788337,Set,1,S
406-0292127-1925101,Set,1,XL
171-9100889-7650715,Western Dress,1,S
405-1372390-1881954,Set,1,S
171-9758607-4679532,Set,1,M
406-6386351-0848349,Western Dress,1,M
402-3810166-4429159,Western Dress,1,L
171-3347523-2117143,Set,1,XS
405-7330207-4437963,Western Dress,1,L
403-5636547-4971530,Western Dress,1,M
171-1931805-8624330,Set,1,XL
405-7900064-9232308,Set,1,3XL
405-7900064-9232308,Western Dress,1,3XL
402-6367385-5571500,kurta,1,XXL
407-9879751-2080323,Western Dress,1,XL
408-8551674-3766711,Western Dress,1,S
408-8551674-3766711,Western Dress,1,S
407-0591223-5048344,Set,1,3XL
407-4486464-9829159,Set,1,M
406-1969980-8395548,Western Dress,1,3XL
407-6374131-6919533,Western Dress,1,XL
408-5054598-4763559,kurta,1,M
404-9656399-2605938,Set,1,S
403-1226568-5591565,kurta,1,XL
404-7590919-0339563,Set,1,S
404-0451946-0266761,Western Dress,1,3XL
406-4351085-8511568,Set,1,XL
406-0934476-4666712,Western Dress,1,XXL
406-7017106-5804311,kurta,1,L
403-1853676-0465119,Western Dress,1,XXL
171-2734236-0862748,Set,1,L
408-1072342-4133151,Western Dress,1,M
408-3592635-0042743,Western Dress,1,L
406-7294332-4449939,Western Dress,1,XXL
404-2867279-3044320,Set,1,S
408-5071896-0673112,Set,1,L
403-3084158-2189129,Set,1,XS
171-8893741-4834759,Western Dress,1,XL
404-7812311-8094723,Set,1,M
405-7388935-5937110,Western Dress,1,3XL
171-0022727-5683521,kurta,1,XL
406-9452382-6629155,Western Dress,1,XXL
404-3652219-7132305,Set,1,M
403-7330879-8287569,Western Dress,1,S
406-5990513-9065901,Set,1,S
406-5838462-6349907,Set,1,S
171-0076341-8261917,kurta,1,4XL
404-4867728-1169907,Western Dress,1,S
407-8420839-7232348,Set,1,XL
402-3003224-7759527,kurta,1,3XL
404-5920419-8616356,kurta,1,3XL
406-0218439-1648374,kurta,1,L
405-1379760-0309167,Top,1,3XL
406-3851595-2771537,Set,1,L
406-3851595-2771537,Set,1,L
408-7595150-6020309,Set,1,XL
407-8875750-4173951,Western Dress,1,3XL
408-9490107-3560316,Set,1,XXL
408-9490107-3560316,Set,1,XXL
171-4476530-3670701,Set,1,L
404-2478460-8351514,Set,1,L
407-1268260-2748336,Set,1,XL
402-8361109-9468365,Western Dress,1,S
403-6525572-5949169,kurta,1,L
404-7992604-3278739,kurta,1,L
403-0170268-9205151,Ethnic Dress,1,L
404-2344455-5618725,kurta,1,XXL
402-3011048-6078768,Western Dress,1,XXL
403-7228338-9300314,Set,1,XL
406-3672733-8001953,Set,1,S
171-7885912-2761963,Western Dress,1,M
408-0747201-2715513,Western Dress,1,S
171-7501567-2561114,kurta,1,3XL
408-6380588-1828312,Western Dress,1,XXL
407-6253672-5648321,kurta,1,XL
171-2089824-7230750,Western Dress,1,XXL
402-9908833-9529915,Western Dress,1,M
402-7416373-2089165,Set,1,XL
406-9867621-8319509,kurta,1,L
171-1507103-2946753,Set,1,XL
171-3570887-2552363,Set,1,S
408-6019724-0600300,Western Dress,1,XXL
406-0535974-5977914,Western Dress,1,L
406-9423965-2430722,Western Dress,1,XL
405-5325958-2514718,Set,1,M
403-8648391-5125122,kurta,1,XXL
406-1535994-2317116,kurta,1,L
402-0335523-7257120,Western Dress,1,M
405-5361986-6832330,Western Dress,1,XL
406-4881695-5023520,kurta,1,XL
408-3174704-4397902,kurta,1,XXL
404-0342653-1857100,Western Dress,1,S
406-0280081-6395579,kurta,1,3XL
405-2383296-3131567,Western Dress,1,XL
171-2054752-5806737,Set,1,M
405-9612692-7477920,kurta,1,XXL
408-0081973-4610753,kurta,1,S
408-0081973-4610753,Set,1,S
171-4349250-1647519,kurta,1,L
171-4349250-1647519,Set,1,L
408-0843279-7773906,Western Dress,1,M
408-3771800-4035561,Western Dress,1,XL
171-8539254-5098719,Western Dress,1,M
403-5640849-1476365,kurta,1,L
171-9623457-4177937,Western Dress,1,S
405-4804509-8617932,Western Dress,1,M
407-3620192-8758743,kurta,1,S
405-1611289-6322744,Western Dress,1,M
405-3288387-3867519,Set,1,XL
408-6291117-2575558,Top,1,XXL
407-7651973-5228301,kurta,1,L
405-3500987-2045903,kurta,1,XXL
405-3500987-2045903,kurta,1,XXL
407-4524819-6512339,Western Dress,1,M
171-3578573-7867552,kurta,1,3XL
404-0011877-2669925,Western Dress,1,3XL
171-7764088-4719506,kurta,1,XXL
402-6059929-4817155,kurta,1,S
403-8161067-6545108,Set,1,S
403-8161067-6545108,Set,1,S
406-8653552-9612308,kurta,1,S
403-0588378-6566749,Western Dress,1,M
403-1679892-2411500,Set,1,XS
403-1679892-2411500,Set,1,XS
406-5560593-3622714,Set,1,S
408-5067949-8493953,Western Dress,1,M
403-3317829-1317144,Western Dress,1,L
405-5402274-5558755,Set,1,M
408-7937506-2793907,Set,1,XL
171-8562396-3904321,Set,1,S
404-0152227-4172351,Western Dress,1,XXL
404-5696564-9716364,Top,1,XL
402-0503522-6434715,Western Dress,1,S
402-2828618-9091565,kurta,1,L
403-6661712-2329125,Set,1,3XL
404-3531033-2157958,kurta,1,M
171-4378761-9125106,Western Dress,1,XS
408-0349893-6284346,kurta,1,M
408-0349893-6284346,Set,1,S
408-7902040-4129901,kurta,1,XS
403-5661802-6394738,kurta,1,6XL
408-7978564-5762716,Set,1,XL
403-7476548-8251511,kurta,1,3XL
405-5429061-4908363,Western Dress,1,3XL
404-5607225-9681136,Set,1,M
171-3886325-4509925,kurta,1,3XL
171-3886325-4509925,kurta,1,3XL
404-9856574-7092314,Set,1,M
403-8618626-9699516,Set,1,XS
402-1302886-3612313,Western Dress,1,M
404-7556679-2581111,Set,1,L
405-9024819-9908352,Set,1,XL
408-3964817-0249103,Set,1,3XL
171-5903741-2469939,Western Dress,1,M
406-5883256-8715507,Western Dress,1,M
404-3114290-5847516,kurta,1,L
403-2442935-8131534,kurta,1,XL
407-3969935-3749916,kurta,1,M
406-7305900-7813909,kurta,1,L
407-7186425-3059515,Western Dress,1,M
402-3063255-1992315,kurta,1,XXL
404-0046230-0712344,Western Dress,1,M
404-0046230-0712344,Set,1,L
404-0046230-0712344,kurta,1,M
402-5474404-7686726,kurta,1,M
402-8210014-1114703,kurta,1,L
171-6112874-8392306,Western Dress,1,XL
171-0263110-6163529,kurta,1,S
171-0263110-6163529,kurta,1,S
171-0263110-6163529,kurta,1,S
404-8207083-7972363,Western Dress,1,L
407-0014886-4925178,kurta,1,XL
404-8285266-4789916,kurta,1,XXL
402-9988842-2740369,Set,1,S
405-3966383-1615561,kurta,1,3XL
402-2337755-3949962,Set,1,XL
404-6303489-7467553,Set,1,M
403-9712483-3701966,kurta,1,XS
405-4358585-5159536,Western Dress,1,XL
403-0429048-7078766,Set,1,XXL
171-9761110-3676369,kurta,1,L
402-6030575-6863510,kurta,1,XL
407-9018630-5351523,Top,1,XXL
407-9018630-5351523,Top,1,XXL
408-8391277-1913929,Western Dress,1,S
403-1522893-1854758,kurta,1,L
405-9080343-7299537,kurta,1,XXL
407-6599567-9257101,Set,1,XXL
402-0991245-7928303,Western Dress,1,XXL
402-3710886-6233963,Western Dress,1,L
403-1949817-7901161,Set,1,L
405-2402335-6370700,Western Dress,1,S
405-0597888-8029145,kurta,1,L
403-3205437-5284360,Western Dress,1,XL
402-3338226-6941110,Western Dress,1,L
408-4858655-7257961,Western Dress,1,L
402-2405816-4960323,Western Dress,1,S
406-1704674-3145128,Western Dress,1,L
406-1704674-3145128,kurta,1,XL
402-2670019-0838763,Set,1,XXL
171-2708369-4645918,Set,1,L
407-6575400-6597158,Set,1,XS
406-6352898-2144367,Western Dress,1,XL
403-1327165-6633158,kurta,1,XXL
408-3955603-7666728,Western Dress,1,XL
407-4806586-1925131,Western Dress,1,L
171-7166065-3877921,Set,1,L
404-1553919-2845121,Set,1,XS
402-8352837-8511508,kurta,1,XS
408-7603107-2714764,Set,1,S
405-7079759-5549120,Set,1,XXL
406-2517489-8089902,Set,1,L
171-0116310-2199547,kurta,1,3XL
404-7664452-5897944,kurta,1,XXL
404-3770790-7137941,kurta,1,3XL
171-8007901-6410700,Set,1,S
406-9815550-9599536,Top,1,M
405-4187635-3441954,Top,1,XL
406-7371232-9781963,Set,1,S
403-5140072-0589930,kurta,1,M
408-7168540-2190735,Western Dress,1,L
405-7698625-0066710,Set,1,S
405-8083813-7732336,kurta,1,S
402-2132793-9395529,kurta,1,3XL
404-8942737-9125108,Western Dress,1,3XL
402-8479833-8419551,Western Dress,1,XS
405-0012750-1369944,Western Dress,1,S
171-4716528-3147521,Western Dress,1,XL
404-3689177-1180308,Set,1,S
406-5742043-3358739,Western Dress,1,3XL
402-8062560-9582704,Set,1,M
408-5268210-3189169,kurta,1,3XL
404-8544075-2577115,Set,1,XS
406-7636961-0693956,Western Dress,1,XL
405-5950543-7421945,kurta,1,3XL
405-4713296-3867557,kurta,1,L
406-4511179-1598749,Western Dress,1,L
406-0749779-0563517,Set,1,3XL
402-6141378-7350700,Set,1,XS
402-0618344-8947539,Set,1,XXL
404-9119519-7928306,Set,1,3XL
404-9119519-7928306,kurta,1,3XL
403-4556531-4789144,Set,1,3XL
403-4556531-4789144,Set,1,3XL
408-8396236-2893115,Set,1,S
402-6657904-8249133,kurta,1,XXL
408-5185059-1497139,Set,1,L
406-9885232-7713166,kurta,1,6XL
408-2753584-8117902,Set,1,L
408-2753584-8117902,Set,1,L
403-3419994-7311500,Western Dress,1,L
402-8520494-1410709,Top,1,XL
406-3251598-1269900,Set,1,XXL
406-3251598-1269900,kurta,1,XXL
402-7289400-9295545,Western Dress,1,M
405-7262153-2195545,Set,1,M
171-3307033-2209924,Set,1,XXL
407-2584123-2818753,Western Dress,1,S
404-8209570-8647543,Western Dress,1,XL
402-8174703-5864352,Western Dress,1,XL
171-1558439-1570714,Western Dress,1,S
403-1792733-3496324,Set,1,XL
403-3149322-4130720,Western Dress,1,L
408-2367497-1028350,Western Dress,1,L
407-3220925-1144304,Set,1,3XL
405-5232075-3195554,Set,1,L
403-8668894-4993130,kurta,1,3XL
171-3482098-0744332,Western Dress,1,S
171-2229621-1137922,Western Dress,1,3XL
406-3612615-3448356,Western Dress,1,XXL
171-1292051-4079528,Set,1,S
407-0246868-8087564,Western Dress,1,S
171-4415380-7079535,Western Dress,1,S
405-3148354-4125941,kurta,1,XS
405-0397528-2637959,kurta,1,XXL
402-3495880-2789942,kurta,1,S
403-1341033-2101145,Western Dress,1,L
402-5185838-4010756,Set,1,XL
171-4700299-4547516,kurta,1,XL
402-4984787-6143537,Set,1,XL
405-6400257-2189142,kurta,1,5XL
402-1795391-8150704,Set,1,XL
407-6884077-0137962,Western Dress,1,M
403-2805089-2798732,kurta,1,XS
407-2338196-5270706,Western Dress,1,3XL
404-5410763-7072335,Set,1,M
407-8325966-0549948,Set,1,M
405-9712139-4257161,Set,1,3XL
404-8050441-5395526,kurta,1,M
171-8205600-5489905,Set,1,L
402-1091089-4278763,Set,1,3XL
407-8977253-7639513,kurta,1,S
404-2081156-8810726,Set,1,XXL
171-5866920-1695535,Set,1,L
171-0544227-2777146,Set,1,3XL
407-8864922-9958752,Set,1,M
408-2043911-7506710,kurta,1,XXL
408-9325056-3909931,Set,1,L
406-5095518-0041942,kurta,1,XXL
403-8493173-3345110,Set,1,M
407-0330187-7753927,Western Dress,1,M
171-8439313-3373942,Western Dress,1,L
403-5380664-3767556,Western Dress,1,3XL
402-8421587-4049934,kurta,1,XXL
405-6843676-9781162,Western Dress,1,XS
408-1929446-5135526,kurta,1,L
171-7440480-8628360,kurta,1,XXL
403-7239655-9744346,Set,1,XXL
403-2924067-8638725,Set,1,L
171-0363452-8690739,Western Dress,1,XL
402-8383673-6838745,Western Dress,1,L
407-3369762-3457132,Set,1,M
408-5019328-2289169,Set,1,L
406-1953778-7652356,Set,1,XL
405-1570756-9025111,Set,1,M
405-2358172-1803501,kurta,1,L
406-6453519-6164307,Set,1,3XL
406-4003910-6010728,Western Dress,1,L
407-5470888-9037123,kurta,1,L
403-0229132-6275565,Western Dress,1,XL
407-9272124-1398743,Western Dress,1,S
404-0897341-2235508,Western Dress,1,XL
404-0897341-2235508,Set,1,XL
406-2508399-9094701,kurta,1,XXL
171-4444540-1262731,Top,1,XL
402-5070260-1963543,Western Dress,1,L
404-1868705-5341927,Top,1,XL
405-2244385-2720353,Western Dress,1,L
171-9110568-9748317,Western Dress,1,XXL
171-9110568-9748317,Set,1,L
407-2186201-1686720,Set,1,S
171-9420504-6262716,kurta,1,M
403-6496383-6889152,Set,1,L
407-6586504-7604361,Western Dress,1,L
408-6488992-8194731,kurta,1,3XL
404-2108785-8833146,kurta,1,XL
406-9546788-4443520,kurta,1,XXL
406-2495991-9672343,Set,1,S
171-8834673-8890753,kurta,1,XL
407-7983525-7861938,kurta,1,XS
406-6593122-4846725,Set,1,L
402-9362424-8663507,kurta,1,3XL
402-9362424-8663507,kurta,1,S
402-9362424-8663507,kurta,1,XXL
404-9774816-1943560,Top,1,XL
407-7718771-4000323,Western Dress,1,M
404-5207661-4645959,Western Dress,1,XL
171-8734563-1869134,kurta,1,XL
404-0380012-3965933,Set,1,M
406-1882748-4542746,kurta,1,S
171-1814444-2199551,Set,1,XL
406-6533644-8860352,Western Dress,1,XL
404-4885091-8361169,Western Dress,1,XL
408-0886405-2705923,Set,1,L
402-4337537-2990702,Western Dress,1,XXL
403-5618898-8046756,Western Dress,1,XXL
406-1017041-4896302,kurta,1,L
408-1797716-6641946,Set,1,L
402-2152944-7763560,kurta,1,XS
408-6054666-7577131,Set,1,M
408-3448840-5148300,kurta,1,XL
402-8621051-2827558,Western Dress,1,XL
404-2652992-0611536,Set,1,L
402-2116162-3169122,Set,1,XS
402-8249809-1290725,Western Dress,1,M
404-9173450-7025963,Western Dress,1,M
403-5540378-2604362,kurta,1,XL
404-6035926-5560332,Set,1,XL
407-2436647-4729958,Set,1,3XL
403-1398104-6046763,Western Dress,1,XL
404-4782468-1835504,Set,1,XL
402-4848882-5216305,Western Dress,1,XS
404-3536797-1961924,Western Dress,1,3XL
407-4499685-9973944,kurta,1,L
402-7208190-6170745,kurta,1,XXL
171-8797327-2365964,Western Dress,1,S
171-5785828-4568346,kurta,1,4XL
402-6948053-8241154,kurta,1,M
402-1305402-7205931,Set,1,M
402-5383089-1124342,kurta,1,3XL
402-0874080-9585923,kurta,1,3XL
171-2353412-1381933,Set,1,L
408-8966985-4165104,Set,1,XXL
402-0497268-8096360,kurta,1,3XL
404-2828961-3789116,Western Dress,1,XL
406-2964468-0114710,Western Dress,1,XXL
404-1769599-7784337,Western Dress,1,L
171-2244908-4045954,Set,1,L
407-2818011-2385126,Set,1,L
406-4283552-5136301,kurta,1,XXL
403-5324574-7358724,kurta,1,XXL
403-5324574-7358724,kurta,1,XXL
404-2129580-9983511,Western Dress,1,XXL
406-4462302-4789931,Top,1,XXL
408-1021910-6389117,Top,1,L
404-7983493-0042758,Western Dress,1,L
406-0229807-7174716,Set,1,L
405-8802742-6972362,kurta,1,XS
407-9014110-5004334,kurta,1,3XL
407-9014110-5004334,kurta,1,3XL
405-2367009-5405964,kurta,1,3XL
171-3444858-8965954,Set,1,L
404-5178502-4309101,Set,1,L
404-5178502-4309101,Set,1,XL
406-5451607-2305104,Western Dress,1,L
403-4211634-1799555,kurta,1,L
402-8349513-2585132,Western Dress,1,XXL
402-1451420-0159564,Western Dress,1,L
408-4892656-5461902,Western Dress,1,3XL
402-7371012-3351544,Set,1,XL
405-6284518-9281135,kurta,1,3XL
408-9737259-7675554,Western Dress,1,S
406-3260312-4692333,Western Dress,1,L
403-0795787-4476337,Set,1,XS
406-9265647-6802749,Western Dress,1,XL
404-7582960-4685104,Western Dress,1,XL
404-7582960-4685104,Western Dress,1,L
408-8329174-4691561,Ethnic Dress,1,XL
171-8724230-9314736,Set,1,XL
408-3762653-6164342,Set,1,3XL
403-7250923-3661949,kurta,1,S
402-7144308-9967550,Set,1,3XL
403-0810941-1411543,Set,1,L
171-9012357-9498747,Set,1,XS
408-6683837-2549961,Set,1,M
404-8383444-4589132,Western Dress,1,XL
171-3787370-1910726,Set,1,L
403-5868896-4481118,Western Dress,1,L
408-5954519-9481969,Top,1,L
407-0214779-3376343,kurta,1,XS
407-3659145-9385131,Set,1,S
171-2813406-1808312,Western Dress,1,XL
405-5158882-0721164,kurta,1,5XL
407-6699403-1311556,kurta,1,XL
408-7195353-9570726,Western Dress,1,XL
406-2096804-3706716,Set,1,L
402-8048384-1990707,kurta,1,XXL
403-8470704-9970701,kurta,1,XXL
403-8470704-9970701,Set,1,3XL
171-5170586-4584303,Western Dress,1,L
403-8507694-0421114,Set,1,3XL
403-8507694-0421114,kurta,1,XXL
171-1813611-7879512,kurta,1,L
406-8622533-9926712,Set,1,XL
406-6683877-2855550,kurta,1,L
406-2153064-3297933,kurta,1,3XL
404-1321895-9233100,kurta,1,M
407-6385365-6840359,Western Dress,1,L
402-6773707-8107502,Set,1,XXL
407-7572425-6273163,Western Dress,1,L
402-2861544-7737105,Western Dress,1,L
406-9421200-4386704,kurta,1,XL
406-3463882-6645146,Top,1,XL
407-4485770-6285136,Set,1,M
408-4982939-9233947,kurta,1,XXL
404-5615752-2979560,Western Dress,1,L
171-6805432-4377164,kurta,1,3XL
408-6306184-2232339,Western Dress,1,L
406-4188534-8587559,Western Dress,1,L
408-3422019-8113130,Western Dress,1,L
407-7308901-9157944,kurta,1,XL
408-5336706-2758761,Western Dress,1,L
403-0591969-7537161,Set,1,XL
403-9631626-1020312,kurta,1,XS
408-5609723-7291524,Top,1,3XL
405-4259810-2605152,kurta,1,XL
405-0049150-8270734,Western Dress,1,XS
406-6677834-7180335,Set,1,XXL
408-9441979-3961165,Set,1,L
405-5698098-5793122,kurta,1,S
403-3151391-4627503,Top,1,M
402-3478381-6982762,kurta,1,XL
402-3478381-6982762,Set,1,3XL
402-3478381-6982762,Set,1,XL
402-3478381-6982762,Set,1,XL
402-3478381-6982762,Set,1,XL
402-3478381-6982762,Set,1,XL
405-2823427-7253935,Set,1,3XL
408-6679655-6045952,Western Dress,1,L
408-0941661-7247534,Western Dress,1,L
404-6723946-9451512,Set,1,XXL
406-6537752-5073147,Set,1,S
406-4637647-8177126,Set,1,M
407-6815162-8489922,Set,1,S
402-4173524-0290745,kurta,1,3XL
408-6068156-1283530,Set,1,L
406-0579424-6031551,Set,1,S
404-9259853-4365949,Set,1,L
403-6385460-9824315,kurta,1,M
404-6620511-2201901,kurta,1,L
408-8395130-4389109,Set,1,M
408-7711911-2801919,Western Dress,1,S
406-7123409-0941901,Set,1,M
406-7590530-3053106,kurta,1,L
404-7104760-2331509,kurta,1,XL
406-7188468-9917917,Set,1,M
402-9803492-6989920,Western Dress,1,XXL
406-5850099-7223564,Set,1,M
406-2633321-1971537,Set,1,3XL
407-5228774-3973158,Western Dress,1,XS
406-8840038-3145140,Western Dress,1,XL
407-7199479-2109140,Set,1,M
406-6681144-7184369,kurta,1,M
171-8235762-7594727,Western Dress,1,S
406-0144120-9988327,Set,1,L
406-3184711-6037968,Set,1,M
402-9307973-1145116,Western Dress,1,S
407-7520446-7367553,Western Dress,1,XS
406-3580819-5121919,kurta,1,XXL
406-8157343-7003567,Set,1,M
403-6757052-6615526,Western Dress,1,L
404-3885267-4373956,Western Dress,1,XXL
404-7311439-0933940,Western Dress,1,L
407-4481425-0021966,kurta,1,M
408-6809440-0286737,Western Dress,1,S
406-0686993-9487529,Western Dress,1,L
403-5302518-6193907,Top,1,M
407-4709327-4842711,Set,1,XS
403-6112908-0388357,kurta,1,XL
408-1189455-4433166,Set,1,XXL
408-5640987-6069130,kurta,1,XL
406-0482753-4217952,Set,1,XL
408-0755827-6030767,Blouse,1,Free
403-1563415-8897117,kurta,1,XXL
402-9453615-4129124,Western Dress,1,XL
405-5972701-1210719,kurta,1,3XL
405-5972701-1210719,Western Dress,1,3XL
405-4436610-6545904,Western Dress,1,S
408-2544451-8621121,Set,1,S
405-6379513-0927509,Set,1,M
403-0667089-7101115,kurta,1,S
407-4777415-1449147,kurta,1,S
406-5721319-4917168,Set,1,XS
404-3884668-2293903,kurta,1,XS
407-0779719-0069113,Set,1,M
403-2317715-6051516,kurta,1,3XL
408-2875760-0024316,Western Dress,1,M
402-9471386-0005911,Western Dress,1,L
402-9471386-0005911,Western Dress,1,L
407-3567045-9664343,Western Dress,1,3XL
406-1048627-7672349,Western Dress,1,3XL
402-9051659-4367515,Western Dress,1,L
404-7922251-1913944,Set,1,S
408-5410588-0240308,Set,1,XXL
403-1145336-1796339,Set,1,S
405-4660321-6458764,Top,1,XXL
408-7248245-5252337,kurta,1,L
403-2094918-9652311,Western Dress,1,XXL
404-8235654-2998744,Set,1,L
407-0859267-8881115,kurta,1,XL
408-4068504-2925123,Western Dress,1,L
403-9658027-5118734,Top,1,L
408-7568178-6587510,kurta,1,L
402-4690686-5449946,Top,1,XL
408-5474821-9217158,Top,1,XS
406-7396960-3053127,Western Dress,1,XXL
404-0755553-4893962,kurta,2,XXL
407-3817475-2031549,kurta,1,XS
403-9740493-8321943,Set,1,XXL
407-1626591-7462765,kurta,1,XS
407-7314040-0462768,Set,1,XL
403-8529721-8657963,Western Dress,1,XL
406-7984437-7987544,kurta,1,L
406-7984437-7987544,Set,1,L
402-6188672-2225126,kurta,1,L
405-0032671-3333906,Set,1,M
405-7081162-8047503,Set,1,L
403-7657800-7601919,Set,1,XL
171-1037924-7097135,kurta,1,XL
405-7632214-6697117,Set,1,L
406-2069687-9824334,Western Dress,1,S
407-7412916-3019520,kurta,1,M
171-9802225-5257938,Set,1,XS
408-3496301-9097169,kurta,1,XL
408-0250420-3036376,Western Dress,1,L
171-4509652-5713146,Set,1,M
408-0332688-3833914,Set,1,3XL
403-7701694-1282760,Western Dress,1,XS
402-3304672-3785151,kurta,1,L
405-7310894-6402720,kurta,1,XL
408-8411622-3828327,kurta,1,3XL
405-3341876-0956338,Set,1,L
404-2817265-3833161,kurta,1,S
407-2871259-5773143,Set,1,3XL
404-3568486-8549152,Set,1,XXL
171-9856764-0125120,kurta,1,L
402-7924179-2121102,kurta,1,S
404-1529307-2890761,kurta,1,XL
403-5630033-4644303,Top,1,XXL
406-1075698-1893121,Set,1,XXL
407-7950971-2765154,Set,1,M
405-2120836-7117151,kurta,1,XXL
404-4644516-2241149,kurta,1,XXL
407-3538412-7298758,kurta,1,XL
406-3787227-9009900,Set,1,XL
408-6777770-2841105,Set,1,S
408-4711617-3086734,Set,1,XS
407-6525316-9417911,kurta,1,XXL
405-2003200-4788353,kurta,1,M
407-9501738-7847559,Set,1,L
404-1710236-0596326,kurta,1,XL
404-7549053-8883525,Set,1,XXL
408-0092422-3557165,kurta,1,XL
407-0146728-6270750,Western Dress,1,L
171-3115209-0014704,kurta,1,M
404-5497640-1821124,Western Dress,1,L
403-4157625-0899547,Western Dress,1,XS
405-4991668-8038749,kurta,1,M
408-0419501-3735529,Top,1,XL
405-5174967-5874769,kurta,1,3XL
403-3676844-3209954,Set,1,XL
404-0904221-5485165,Western Dress,1,XXL
403-9535004-5765149,Western Dress,1,S
408-9667184-5654709,Set,1,L
171-7655639-6272321,Set,1,XS
403-5606235-5248368,Saree,1,Free
403-5606235-5248368,Set,1,L
408-6613569-8165146,kurta,1,M
405-3229766-3802755,kurta,1,XXL
403-5854814-1538740,Top,1,XL
407-4513569-7523512,kurta,1,XS
403-5992687-4837924,kurta,1,3XL
408-5368230-9984306,Set,1,L
403-3865043-9888354,kurta,1,XL
405-2875789-8131540,Set,1,M
406-8577836-6099505,Western Dress,1,3XL
405-1350792-1053115,kurta,1,XL
171-2464732-8290756,Western Dress,1,3XL
171-2464732-8290756,kurta,1,4XL
407-4362311-4411502,Set,1,XS
406-5106971-3469140,kurta,1,XXL
406-5694913-6248367,Set,1,XL
407-6888082-5370702,Set,1,L
403-1307963-4643503,kurta,1,XXL
407-5675033-6204316,Set,1,XXL
171-0133148-0911552,Set,1,XS
406-6363215-4089161,Set,1,L
405-8706123-0407555,Top,1,XL
408-8944026-3577901,Western Dress,1,XS
405-3332941-1880312,kurta,1,XL
407-4402561-5332354,Set,1,S
171-4961649-0900349,Set,1,XL
406-9038204-5857918,Western Dress,1,XXL
403-3061540-7203554,Western Dress,1,M
408-6157019-1842727,kurta,1,M
171-3004384-5133108,Set,1,3XL
171-1706634-8740365,Set,1,XXL
406-1753409-8412362,Western Dress,1,L
405-7217095-2894742,kurta,1,M
171-5670733-5625947,Set,1,S
402-0929654-0828352,kurta,1,3XL
407-3804148-3181110,Set,1,L
402-7303406-9705953,Western Dress,1,S
402-7303406-9705953,Western Dress,1,M
403-7080140-5158717,Set,1,M
402-4756265-7309962,kurta,1,XL
405-0366999-9737907,Set,1,XS
407-3739234-7070711,kurta,1,S
402-9764639-2045107,Set,1,S
408-3403539-2654747,Western Dress,1,S
408-0707808-0893110,Set,1,S
407-2719095-6501952,kurta,1,XL
406-8629049-2957912,kurta,1,XS
404-5349035-3696364,kurta,1,L
407-2422345-2548334,Set,1,L
402-4311352-8592359,Set,1,XXL
408-6749179-9310741,Set,1,M
403-0725972-1809914,Western Dress,1,L
171-8267163-9184321,kurta,1,XXL
406-1537901-5883530,Set,1,3XL
406-1051067-9257138,kurta,1,L
405-3951862-4324344,kurta,1,XXL
407-3951961-0960344,Western Dress,1,XS
171-7497249-4097117,kurta,1,XXL
407-2195909-0087524,kurta,1,XXL
408-5773110-9089930,kurta,1,M
408-9355080-1393157,kurta,1,XXL
407-7483467-1334735,Set,1,L
407-1783162-0277944,Western Dress,1,3XL
407-1783162-0277944,Set,1,3XL
404-7615266-1012346,Set,1,XXL
402-3620518-6557955,kurta,1,XL
171-9295850-3519520,kurta,1,L
171-9295850-3519520,Set,1,L
407-5862387-9211501,Set,1,XL
405-9155423-7509150,Set,1,XXL
403-6501365-8243522,Western Dress,1,S
171-2912615-8629914,Set,1,XS
407-2904622-6105901,Set,1,XL
404-5813247-5777902,kurta,1,XL
171-2405628-0895559,Set,1,XS
408-6060835-4083561,Western Dress,1,XS
405-7037947-4707544,Western Dress,1,XXL
408-2271544-4567505,Western Dress,1,S
406-2334163-9931523,Set,1,XL
403-8781486-0525135,Set,1,XS
403-5116967-1611521,Top,1,3XL
405-7025027-8901900,kurta,1,XL
406-4299107-2805124,Set,1,M
408-4050392-7682707,Set,1,S
403-5763945-4736368,kurta,1,S
408-8380880-2068349,Set,1,XL
403-6493153-4413161,Set,1,XS
404-7456352-4904352,kurta,1,XL
402-3726795-3063566,Western Dress,1,S
407-2890421-4344345,Western Dress,1,L
402-2691681-7501163,Set,1,M
171-8590619-2725960,Western Dress,1,M
405-1125109-3819565,kurta,1,XXL
407-0893014-8081159,kurta,1,XXL
403-4184448-8506739,Western Dress,1,XL
408-3521893-1353926,Set,1,L
171-5214824-7010746,Set,1,M
406-5511575-6633904,Western Dress,1,L
408-7765766-5818765,kurta,1,XL
407-4356812-0346709,Western Dress,1,3XL
407-7398770-3570765,Top,1,S
404-8655651-4707546,Western Dress,1,L
402-0362838-6981179,Top,1,M
404-2859383-3804321,Western Dress,1,M
402-6556900-6097906,kurta,1,M
402-6975745-2191512,Western Dress,1,S
402-6975745-2191512,Western Dress,1,S
407-9968155-9141968,kurta,1,XL
402-1881890-2663517,Set,1,XL
405-7130505-2400353,kurta,1,XXL
405-1676224-5225162,kurta,1,3XL
171-2481935-8861113,kurta,1,S
408-5650733-2647501,kurta,1,3XL
407-9209939-1161124,Set,1,XL
405-5738063-8785953,Set,1,L
171-5114202-0305139,Western Dress,1,S
405-4862061-4306736,kurta,1,S
406-1544467-0532359,kurta,1,L
408-5484309-5381964,Western Dress,1,XXL
171-4327562-0474764,kurta,1,S
404-7026345-4705939,kurta,1,L
406-8336313-0026763,Western Dress,1,XXL
405-9485205-1569901,kurta,1,3XL
408-2341136-0437960,Top,1,L
407-1198014-9874734,Set,1,3XL
405-7534736-1670700,kurta,1,L
402-8744167-2601931,Set,1,XL
402-0338101-4334746,Top,1,XS
404-0305078-8810735,Top,1,M
405-3483619-5744359,Set,1,M
406-3123358-3184338,Set,1,XL
402-9677847-4203500,Western Dress,1,S
406-8854688-7829968,kurta,1,L
406-3148120-8377109,Western Dress,1,L
408-0160711-0268331,Western Dress,1,L
171-3450833-1331521,Western Dress,1,L
404-0968809-4726760,Set,1,L
405-3063985-6314701,Western Dress,1,M
403-0103063-8082727,Set,1,XL
171-7130304-8285119,Ethnic Dress,1,S
402-9220383-8664328,Set,1,XXL
408-4574185-3238731,Set,1,XXL
405-2715188-2617942,Set,1,M
408-7013552-4674725,Set,1,M
408-7013552-4674725,Set,1,M
408-8090411-5533931,Set,1,L
408-2583349-3513108,Western Dress,1,S
407-0210453-4965937,Top,1,XXL
402-0814261-6803512,Western Dress,1,L
171-7870686-0561968,kurta,1,L
402-2816770-1868357,Set,1,S
405-5125270-6747530,Top,1,S
407-7654914-5483510,Set,1,XXL
404-4246134-4793136,Western Dress,1,L
404-5812684-9835518,Set,1,3XL
404-5812684-9835518,Set,1,3XL
171-8032594-8535551,kurta,1,3XL
171-7382935-7931505,Western Dress,1,M
403-8403680-1075566,kurta,1,XL
403-8403680-1075566,Set,1,XXL
404-3179341-5705127,Set,1,XXL
404-6876918-3883520,Top,1,XL
403-5400746-7083553,Set,1,L
405-9648136-4869930,kurta,1,XL
408-1769132-9717147,Western Dress,1,L
403-0798759-8089147,Western Dress,1,L
402-2948343-0475555,Set,1,XL
402-2948343-0475555,Set,1,XL
402-2948343-0475555,Set,1,XL
402-2948343-0475555,kurta,1,XL
408-5125482-6957109,kurta,1,6XL
407-9445286-9535537,Western Dress,1,XL
405-2067681-5753950,kurta,1,XS
406-6178057-6980353,kurta,1,M
404-0167012-7961110,Western Dress,1,XS
404-6826297-5889931,Set,1,XL
402-0346097-3559573,Western Dress,1,XL
405-3058260-2571502,kurta,1,M
405-3058260-2571502,kurta,1,M
171-1380353-7713120,Set,1,L
405-0594456-6853121,Western Dress,1,XXL
406-2132403-1222715,Western Dress,1,3XL
407-0135987-4002732,Western Dress,1,L
406-5466445-3711561,Western Dress,1,XXL
407-5328940-8513128,Set,1,3XL
405-8143983-9977159,Western Dress,1,L
403-3385148-2081904,Set,1,L
171-6777865-5137937,Western Dress,1,L
408-4320718-6785144,Western Dress,1,L
407-0353968-2478729,kurta,1,6XL
405-9267478-6717129,Set,1,M
406-1342369-0829115,Set,1,L
406-9308418-1659553,kurta,1,L
408-8011974-3787554,Set,1,L
404-4582584-1401142,kurta,1,XS
408-5197779-3878768,Western Dress,1,XS
171-6451565-1977959,Set,1,XXL
402-8038370-1545945,kurta,1,6XL
171-4149852-7386719,kurta,1,XXL
403-2815399-4483522,Set,1,S
407-9881858-8588321,Western Dress,1,M
405-9529194-0353152,Set,1,XL
404-7622165-6497910,Western Dress,1,L
403-0973009-1782708,kurta,1,XXL
171-9191717-3471518,kurta,1,L
403-7514220-3194705,Western Dress,1,L
403-4937188-6697921,Western Dress,1,L
403-2667543-0717141,Western Dress,1,M
404-8088718-8826733,Set,1,L
171-0031114-0715560,kurta,1,XXL
171-0031114-0715560,kurta,1,XL
171-5031226-1299538,Set,1,3XL
405-9938038-0390742,Set,1,3XL
408-7997188-1978746,Set,1,M
405-6972202-5382719,kurta,1,XL
171-2036940-8783553,Western Dress,1,M
171-0182247-6199543,Set,1,XS
408-6642460-2224300,Set,1,XL
403-0978472-8139563,kurta,1,M
405-6905499-0396329,Set,1,M
171-9798863-0757922,kurta,1,6XL
407-0285429-5065978,Set,1,XL
406-5311576-6444338,Western Dress,1,S
403-9752412-1657137,Top,1,XS
407-7641951-6179553,Western Dress,1,L
171-4123934-5324351,Western Dress,1,L
403-3902612-4539511,Set,1,3XL
171-8325063-2444309,kurta,1,L
402-2012419-3162746,Set,1,M
407-2764190-6097947,Set,1,XL
404-0700993-8273927,Set,1,XS
403-8562850-6809925,Set,1,XS
408-1936616-9577102,Set,1,XS
404-6738556-9337925,kurta,1,XXL
405-0141682-6635510,Western Dress,1,L
408-4374508-7999551,Western Dress,1,XXL
404-5042678-5149167,Western Dress,1,L
408-8412241-5326735,kurta,1,L
403-7754941-4711516,kurta,1,S
408-1716948-7610741,Set,1,M
171-6407352-5588335,kurta,1,XXL
406-4315344-1795514,kurta,1,XL
402-5558950-5383501,kurta,1,L
405-2423884-1271554,Set,1,M
408-4307307-1160336,Western Dress,1,XL
402-0914335-1477966,Top,1,S
403-5299102-9253933,Western Dress,1,XL
402-7471669-2733159,kurta,1,XS
404-9428680-3483519,Set,1,L
403-0214588-6891575,kurta,1,M
404-8520568-5035504,kurta,1,S
406-6462201-8291522,kurta,1,M
403-5330302-4012333,Set,1,M
405-9081865-3297942,kurta,1,S
402-4250849-0794758,Western Dress,1,M
408-5105527-2720300,kurta,1,M
408-7880677-6413134,Set,1,XL
407-7242136-1280346,kurta,1,S
407-7242136-1280346,kurta,1,XS
403-6381765-4319503,kurta,1,L
404-7731131-7652312,Western Dress,1,L
403-3708526-3393929,Western Dress,1,L
408-6761098-8049953,Set,1,XS
405-1140815-0360352,kurta,1,S
405-4155456-7609945,Set,1,XL
402-1051955-2597919,kurta,1,M
171-8787863-3473910,Set,1,XL
406-2919173-6777115,Western Dress,1,XL
406-7608482-8687543,Western Dress,1,3XL
403-7550283-2665947,Western Dress,1,M
408-1142382-6897125,Western Dress,1,M
402-2413932-2809164,kurta,1,XXL
407-6378727-2756319,kurta,1,6XL
403-3025319-9105954,Ethnic Dress,1,3XL
402-9740525-6962761,Western Dress,1,M
408-0163519-9149102,kurta,1,XXL
403-4483243-6089921,Set,1,3XL
408-1178454-1688331,Set,1,M
402-7873915-2205125,Top,1,L
402-4016599-4615556,Set,1,XL
404-2159704-1634704,Western Dress,1,XL
402-5240704-0181944,Western Dress,1,XXL
406-8905769-1524302,Western Dress,1,S
406-8905769-1524302,Western Dress,1,S
402-1601396-7701133,Western Dress,1,XL
408-2039615-5087518,Western Dress,1,XS
408-2516770-9218754,Set,1,M
403-0583359-8203533,Western Dress,1,L
407-3782746-5589946,kurta,1,3XL
404-2867273-6058725,kurta,1,XXL
404-3133313-4729118,Western Dress,1,XL
406-8375481-7836323,kurta,1,XS
407-9387912-5488329,Set,1,S
402-5751334-4039557,kurta,1,XL
404-2492034-7461132,Set,1,XS
404-9585889-9455531,Western Dress,1,S
404-3630048-5709965,Western Dress,1,L
402-4963921-7629941,kurta,1,M
403-7721910-2497929,Western Dress,1,L
405-0780701-4380316,Western Dress,1,XXL
407-3768422-4773133,Western Dress,1,L
403-0289109-3868307,Western Dress,1,L
403-7695906-1226738,Set,1,M
405-9563566-2540335,Western Dress,1,3XL
404-3062199-6269968,Western Dress,1,XS
404-8893864-2365114,kurta,2,XXL
407-8641020-9652353,Blouse,1,M
403-8669867-2757168,Set,1,M
402-6153020-2190730,Western Dress,1,XS
402-6328783-7329924,Set,1,XS
405-7491776-7573130,Western Dress,1,M
171-0386024-7661125,kurta,1,6XL
171-0386024-7661125,kurta,1,6XL
407-6736700-8565161,kurta,1,XL
407-6736700-8565161,Set,1,XXL
407-6736700-8565161,Set,1,XXL
406-0815951-0269956,kurta,1,XXL
403-9944535-0869940,kurta,1,3XL
407-3548988-4790707,Set,1,S
403-2106152-5693102,Set,1,M
405-0650915-4048307,Set,1,S
404-0571569-2191502,Top,1,M
408-4948464-5589915,Set,1,XXL
407-2264977-2517946,Top,1,M
405-8777525-9649964,Set,1,M
403-4987440-1793136,Western Dress,1,3XL
407-5440534-5327511,Set,1,L
403-2336308-0433956,Western Dress,1,S
403-2336308-0433956,Western Dress,1,XXL
407-2547332-2767532,Set,1,3XL
405-0566718-2165161,Set,1,XXL
408-6980627-3885950,Set,1,M
171-8672861-0314732,Set,1,S
171-8672861-0314732,Set,1,S
404-6622055-4473155,kurta,1,XXL
402-9144413-7102764,Western Dress,1,3XL
408-0946188-8212337,Set,1,XXL
407-1081719-2049902,Western Dress,1,L
405-0065434-5978709,Set,1,XL
171-2884904-2819566,Western Dress,1,L
171-6224868-7852312,Top,1,XL
407-0026211-3165114,Set,1,M
406-9512430-1955524,kurta,1,3XL
405-4058697-4384302,kurta,1,L
405-4549666-7009935,Set,1,L
171-2748205-0309956,kurta,1,XL
402-5819685-1366710,Western Dress,1,S
407-9240348-0180321,Western Dress,1,XL
407-1988108-9277958,kurta,1,XL
171-2313473-8778767,Western Dress,1,S
408-4317647-9773941,Western Dress,1,S
405-0397589-6922766,Western Dress,1,XS
171-6139955-9944319,Western Dress,1,3XL
402-9535422-0674732,Set,1,XL
405-1264920-1713953,Set,1,L
171-9252207-1471504,Set,1,S
402-1842864-9979561,Western Dress,1,XXL
404-7704002-4114766,Set,1,XL
407-2225899-0854742,Western Dress,1,L
407-2225899-0854742,Set,1,XL
407-2225899-0854742,kurta,1,XL
407-2225899-0854742,Set,1,XL
408-0480251-4639515,Western Dress,1,M
405-3695208-5871560,Set,1,S
402-8772159-4129958,Western Dress,1,M
404-6936305-1104311,Western Dress,1,S
404-3402524-0753911,Western Dress,1,L
403-4964848-0756368,kurta,1,XXL
406-4946043-2761144,Western Dress,1,L
406-0641277-9845124,Western Dress,1,S
408-4588578-5972330,kurta,1,M
171-4506843-5097134,kurta,1,M
408-9083969-4611531,Western Dress,1,L
408-6202612-0398705,Set,1,L
402-8857623-6483536,Western Dress,1,L
408-8207453-4849126,kurta,1,XXL
403-3597678-7327521,kurta,1,XXL
402-6347867-9674762,Set,1,3XL
403-1306760-0420348,Top,1,3XL
406-4851298-0388339,Set,1,S
407-8718442-1161118,Western Dress,1,M
408-5574373-0397144,Set,1,XS
405-6725319-8198744,kurta,1,3XL
402-4360034-9281135,Western Dress,1,XS
408-8286310-4935563,Western Dress,1,M
403-2073934-6293958,Western Dress,1,L
402-4273221-6518719,Set,1,S
402-4273221-6518719,Set,1,M
402-6361953-1941921,Western Dress,1,L
407-4450272-2805902,kurta,1,XL
407-8784763-7635518,Set,1,S
403-9040847-9352360,Set,1,XXL
408-2900278-5649956,Western Dress,1,L
405-0906631-5601103,Top,1,M
407-8292710-6391536,kurta,1,L
406-8731559-2925149,Set,1,XXL
403-6831922-1997965,Western Dress,1,XS
403-8371068-9569953,Western Dress,1,XS
407-2817185-6936367,Western Dress,1,M
408-6321669-5393143,kurta,1,XS
403-6560963-9221914,Set,1,XL
404-1785041-6505150,kurta,1,XL
404-1785041-6505150,kurta,1,XL
402-1830406-6071540,Set,1,L
405-1968565-6877142,Set,1,M
402-3032855-4483521,Set,1,XXL
171-5238600-5177110,kurta,1,S
406-0728260-9783516,Set,1,L
407-6681827-9450747,kurta,1,XL
408-8408118-9527503,Set,1,L
408-8408118-9527503,Set,1,L
171-8424828-4864337,Set,1,L
406-1742822-8283500,Western Dress,1,L
171-7050963-2316345,Set,1,L
402-7261570-4907516,kurta,1,XS
403-5808727-2042735,Set,1,L
405-0139973-5408366,Western Dress,1,XS
405-7133016-4329921,kurta,1,XXL
406-4147323-2722743,Set,1,XL
406-5302398-2289159,Set,1,3XL
406-0975850-6107535,Set,1,L
405-1925642-2126701,Western Dress,1,3XL
404-4204518-7282763,Western Dress,1,XL
404-1870326-3045112,kurta,1,L
402-8984094-5730747,Set,1,XL
408-9550699-9996315,kurta,1,XXL
408-0923242-5385957,Western Dress,1,L
408-0923242-5385957,kurta,1,L
408-8434711-7317118,Western Dress,1,3XL
408-2837969-3351545,Western Dress,1,S
403-6993044-8505906,kurta,1,M
171-7123776-1321138,Top,1,XL
407-0092317-3895530,Western Dress,1,S
408-4860510-3184347,Set,1,S
406-0721876-7542705,Western Dress,1,XL
171-8161417-0083547,kurta,1,XXL
403-9259888-8499506,Set,1,M
406-8730099-6300347,Western Dress,1,M
403-5476935-4853906,Western Dress,1,L
402-6590291-6716362,Set,1,L
402-6590291-6716362,Western Dress,1,M
405-0345660-4401915,kurta,1,3XL
171-9805350-0952309,Set,1,S
408-2026580-1631509,Western Dress,1,XS
171-9005662-5978738,kurta,1,M
405-9623387-9705968,Set,1,M
404-0474028-4309151,Set,1,M
407-1655209-9258750,kurta,1,M
405-4390745-3905938,kurta,1,3XL
405-4390745-3905938,Top,1,3XL
171-9397978-6161131,Set,1,M
171-6490384-9657108,Set,1,XL
171-8705354-9389947,Western Dress,1,L
406-2594133-1949119,kurta,1,3XL
402-0307969-8254714,Top,1,XXL
402-4107681-7400365,kurta,1,S
402-3179782-8466760,Set,1,M
403-5910562-8644358,Set,1,3XL
407-8422139-3859534,Set,1,XXL
403-0057733-8257938,Western Dress,1,S
171-2138913-2015554,kurta,1,6XL
407-1252079-0716333,Set,1,XL
407-1252079-0716333,kurta,1,XL
402-6424472-8840317,Western Dress,1,S
403-7051539-5845945,Set,1,XS
171-4240120-4721928,Western Dress,1,M
405-4012289-8561907,Western Dress,1,M
406-1013889-0245147,kurta,1,S
402-9671605-9721927,Set,1,3XL
404-4632924-1969927,Western Dress,1,L
406-9533312-6681957,Set,1,XL
408-8123295-1450751,Western Dress,1,3XL
406-5438716-8306758,kurta,1,XL
404-7475626-4761916,kurta,1,XXL
404-9998073-6015519,Set,1,XL
404-0770688-6644319,Set,1,XL
407-6987529-0757906,Western Dress,1,XXL
408-1596605-8854744,kurta,1,L
403-9288059-2961930,Set,1,XS
403-0415152-7443568,Western Dress,1,M
408-4404073-3249143,Western Dress,1,S
405-2902433-6437159,Western Dress,1,XS
402-3338896-4672338,kurta,1,XXL
402-9760974-7110710,Top,1,XXL
408-7440492-7343501,Western Dress,1,XXL
408-6018530-3025913,Set,1,3XL
405-2227665-8962744,kurta,1,XS
171-4824801-6702738,Western Dress,1,L
407-8692836-4291557,Set,1,L
406-2971460-4813119,Set,1,XXL
407-3181387-5653910,kurta,1,XL
402-4342424-3819513,Western Dress,1,XL
407-2870806-9475505,Set,1,XXL
404-9982778-6852332,Western Dress,1,XS
407-5817397-2132324,Western Dress,1,L
403-5228695-4767501,kurta,1,S
408-8976027-4515555,Set,1,L
406-0430817-3679553,Set,1,XL
171-7470343-7917966,Top,1,L
403-5286655-3171568,Western Dress,1,XL
171-5888445-8485131,Set,1,XS
408-3372184-2264312,Set,1,L
171-2446853-2034757,Top,1,L
407-0686544-4958704,Western Dress,1,XS
404-7763749-6423510,Set,1,M
404-5467695-4127507,kurta,1,XL
405-0281362-3975565,Set,1,XL
402-2455810-5973901,Western Dress,1,XS
402-2455810-5973901,Western Dress,1,XS
405-9529153-8905106,Set,1,XL
407-1914867-2502721,kurta,1,XL
403-9351419-3894764,Western Dress,1,XS
407-9484687-1069165,Western Dress,1,XS
404-5431797-4597166,Western Dress,1,L
408-4112119-8225137,Western Dress,1,S
171-4224047-9705937,kurta,1,6XL
408-6262815-2104304,Western Dress,1,L
404-1361981-4334711,Western Dress,1,L
404-1361981-4334711,Western Dress,1,L
407-6134067-3764340,Set,1,XL
405-5544085-6259506,kurta,1,XXL
171-4252139-0388363,Set,1,3XL
408-2805367-0523543,Western Dress,1,S
405-6965898-5008307,Western Dress,1,3XL
403-1471614-0861127,kurta,1,6XL
171-5587807-5786749,Set,1,XS
406-9027238-8081100,Western Dress,1,L
406-1042711-6725968,Set,1,S
408-0857712-6988349,Western Dress,1,XL
171-8234103-5984369,Set,1,XS
402-7619187-2460357,kurta,1,XL
403-7761682-6368320,Western Dress,1,L
407-8020311-8835546,Set,1,XL
403-8361506-0724326,kurta,1,3XL
402-8452110-5071512,Western Dress,1,XS
171-4582551-8378730,Set,1,M
403-0116320-1259504,kurta,1,XXL
405-0997517-7775543,Set,1,L
408-6463171-0008314,Western Dress,1,L
407-0096992-2891515,kurta,1,S
407-0096992-2891515,kurta,1,S
407-0096992-2891515,kurta,1,S
171-8179872-5675549,Set,1,M
405-6010289-9368359,Set,1,M
406-3317219-2798711,Western Dress,1,XS
407-6921481-2269149,Set,1,3XL
405-1968746-1490767,Set,1,L
406-1740505-6233112,Set,1,3XL
402-5317112-3506764,Set,1,M
408-8452164-1757957,Set,1,XXL
171-6394944-2991520,Set,1,XS
404-5938656-3827539,kurta,1,3XL
405-6429237-5226718,Western Dress,1,XXL
408-3555554-3945916,Set,1,M
402-5268292-0394711,Western Dress,1,M
407-2308528-2677948,Set,1,L
407-5519154-9260366,Set,1,L
405-0702823-4974757,kurta,1,XL
405-2652363-7421146,kurta,1,XS
407-9346023-6577961,kurta,1,M
408-0385469-2145153,kurta,1,XXL
405-6275318-2527525,Set,1,M
403-1787603-7841907,Set,1,XL
404-9396469-5861903,Set,1,XS
405-5274069-6840365,kurta,1,S
405-9343195-8520313,kurta,1,XL
407-9530941-4393928,kurta,1,XXL
407-6842605-8457946,Top,1,L
405-9748878-1227536,Set,1,S
403-6260896-1939550,Set,1,L
408-1288869-4865937,Western Dress,1,XS
408-4167584-1753921,kurta,1,3XL
406-9322692-7187549,Set,1,XXL
402-3240177-8460301,Set,1,S
404-9486274-4461143,kurta,1,M
171-8222095-8672360,Set,1,S
406-1152442-0793919,kurta,1,XXL
405-5536441-3050745,Set,1,3XL
404-1480046-9165127,Set,1,M
405-3482093-1745938,kurta,1,XXL
171-0397682-3126757,kurta,1,M
171-6289109-9953145,Set,1,M
404-2853855-1078737,kurta,1,L
407-3075420-0771503,Set,1,XL
406-2523338-1535507,Western Dress,1,M
403-9489316-9849152,Western Dress,1,L
405-0075904-0749140,Set,1,L
405-0563909-8763512,Set,1,M
406-6092948-4619560,Set,1,L
405-9266380-0288303,Western Dress,1,XL
171-1424099-1914727,kurta,1,L
403-0075018-0724302,Western Dress,1,L
171-8473229-8252335,Western Dress,1,S
408-8902288-9524343,kurta,1,M
405-7864088-3145114,kurta,1,3XL
408-8885973-1357108,Western Dress,1,L
405-3864036-9655520,Western Dress,1,M
408-8749167-0951518,kurta,1,3XL
407-4367278-5376325,Set,1,L
402-2950773-2104310,Western Dress,1,L
403-5929924-4594736,Set,1,M
405-5243557-1799563,kurta,1,XL
408-6619795-0997169,kurta,1,S
407-7784534-3864312,Top,1,XXL
407-7784534-3864312,Top,1,XXL
402-9640716-3845900,Western Dress,1,XL
405-9623340-5645940,Set,1,S
404-2552340-7835510,Western Dress,1,L
404-0126148-1342770,kurta,1,XS
403-0335527-1890773,kurta,1,XS
403-0335527-1890773,kurta,1,3XL
402-1493491-1089125,kurta,1,XS
403-1897130-2087519,Western Dress,1,S
407-8473220-4797131,Western Dress,1,M
403-0240662-9547550,Western Dress,1,L
402-4398748-0965954,Set,1,M
405-0524976-1422734,Top,1,XXL
406-7262340-6324318,Western Dress,1,S
407-1051385-2346707,kurta,1,XS
171-3935625-7949162,kurta,1,L
406-3675776-6356310,kurta,1,XL
406-3675776-6356310,kurta,1,XL
405-3409601-1065130,Set,1,XL
408-2440758-2465142,Set,1,M
403-1397993-6701163,Western Dress,1,XS
171-2587701-3237102,Western Dress,1,M
402-7880161-2467543,Western Dress,1,L
171-7979925-3018755,Western Dress,1,S
402-9578313-3909159,Western Dress,1,XXL
406-6214596-0915517,kurta,1,XL
404-9524430-3067557,kurta,1,3XL
403-8225258-7247539,kurta,1,XXL
171-9995663-8813128,Western Dress,1,L
171-7067407-5453951,Set,1,M
407-8325229-7149950,kurta,1,XXL
407-4532948-9790717,Set,1,XS
402-2700842-7185144,Set,1,L
404-6410881-2518719,kurta,1,XL
403-2001250-0015506,Set,1,M
407-2977907-7649160,Set,1,XL
405-7279618-0009923,Western Dress,1,XS
405-7279618-0009923,Western Dress,1,XS
407-8334660-8251505,Set,1,3XL
407-1002953-2293935,Western Dress,1,S
402-7832344-4245961,Set,1,M
406-2878906-4321124,Set,1,XXL
404-4795174-5446746,kurta,1,XL
406-6009387-6010700,kurta,1,L
171-2858856-7615510,kurta,1,3XL
171-2858856-7615510,kurta,1,3XL
407-0837938-7817127,kurta,1,3XL
402-8566618-2213127,Western Dress,1,S
404-6900844-8696317,kurta,1,3XL
405-4052500-1431534,Western Dress,1,M
403-7048872-3271521,Western Dress,1,L
406-5978872-1656351,kurta,1,S
404-9006652-8886744,Top,1,XL
407-0226852-7399528,Western Dress,1,L
171-9738633-1753110,Western Dress,1,XL
407-2960363-2119524,Western Dress,1,S
407-6816459-4897965,Western Dress,1,L
404-1424906-9007508,Western Dress,1,M
403-3575101-3157159,Western Dress,1,XXL
408-0274976-9441932,kurta,1,XXL
406-0703570-9171519,Set,1,L
404-4211811-7329967,Western Dress,1,S
407-8947145-9375543,kurta,1,XL
171-6073775-0660330,Western Dress,1,XXL
171-2063866-4820350,Western Dress,1,L
402-7938911-6581918,Set,1,XS
406-9779917-6241126,kurta,1,M
403-1789346-8009132,Western Dress,1,L
403-1789346-8009132,Ethnic Dress,1,M
402-4664529-4900312,Top,1,L
406-5557881-4161165,Set,1,L
406-5557881-4161165,Set,1,L
407-9435387-0346721,Western Dress,1,L
407-5068953-4772310,Western Dress,1,3XL
407-5068953-4772310,kurta,1,3XL
402-0698732-3842730,kurta,1,S
407-3405948-6370719,Western Dress,1,M
407-2549675-2421925,Top,1,XS
408-3940451-4105120,Set,1,3XL
408-7027648-3565963,Set,1,XS
171-3089585-4347505,Set,1,XXL
171-5926034-3101167,Set,1,M
404-4133068-0049114,kurta,1,S
406-2849833-8343557,kurta,1,XL
405-5688529-4188318,kurta,1,XL
405-7956285-2336309,kurta,1,M
406-4665851-0573948,Western Dress,1,M
406-3044821-4437128,Set,1,XL
404-8027950-1123527,kurta,1,XL
408-0077502-1091569,kurta,1,XL
171-3177938-6712302,Western Dress,1,M
408-9348558-3496310,Set,1,M
402-6990836-1681940,Western Dress,1,M
403-8773212-5335559,Western Dress,1,L
403-8773212-5335559,Western Dress,1,M
404-4684256-2756368,Set,1,XS
403-6094171-8832305,Western Dress,1,XXL
404-4531374-1378727,Set,1,XXL
403-8108099-8685918,kurta,1,L
407-7443919-5644306,Western Dress,1,XL
403-1817483-5823528,kurta,1,XXL
405-3665396-0098708,Western Dress,1,S
405-9627313-1177932,kurta,1,L
404-0363017-2043570,Set,1,3XL
404-0363017-2043570,Set,1,L
407-3532982-6793959,Set,1,L
405-0028632-1550719,Western Dress,1,XL
408-9845701-0891563,kurta,1,XL
407-8440195-3005917,Set,1,3XL
408-4805667-6926748,Set,1,M
405-3712257-7834733,Set,1,S
406-7428245-1073162,Set,1,3XL
405-6462079-8005902,Western Dress,1,XL
402-9909255-9029900,kurta,1,XL
407-0068311-1137145,Set,1,3XL
171-9061919-9010735,Top,1,L
403-4772507-2391519,kurta,1,XXL
407-3963173-1037115,kurta,1,L
408-7399933-6373134,Set,1,3XL
171-0614215-2636351,Western Dress,1,S
404-6794378-7397939,Western Dress,1,L
408-8903925-6335537,Western Dress,1,XXL
406-0308749-3161104,Set,1,L
403-8060065-5463563,Top,1,S
403-7436196-3747563,kurta,1,XXL
171-1161386-1400304,kurta,1,XXL
402-3801866-8488303,Western Dress,1,M
408-5817017-4833136,kurta,1,3XL
405-1458802-8783504,kurta,1,XXL
406-0109496-6790733,Western Dress,1,M
406-2888984-2257110,Western Dress,1,M
402-8211063-3464342,Western Dress,1,M
405-9171186-4945964,Western Dress,1,L
408-3414758-9952324,Set,1,XXL
408-5394488-7002742,Western Dress,1,S
403-4623233-3570713,Set,1,M
404-8491529-0563517,Western Dress,1,M
408-6929222-7082760,kurta,1,XL
404-3855411-6168332,Western Dress,1,M
407-3519041-1357167,Top,1,M
406-7658363-7667560,Western Dress,1,3XL
405-5188439-4944303,Western Dress,1,L
403-3450247-1341164,Bottom,1,L
403-3450247-1341164,Bottom,1,L
403-4830389-1123505,Western Dress,1,XXL
403-5491932-5917947,kurta,1,S
407-0962583-9321149,Set,1,M
405-4915253-1559528,Western Dress,1,3XL
405-7255929-6845163,Western Dress,1,3XL
405-7770995-3574723,Western Dress,1,3XL
171-3274354-7823507,Western Dress,1,M
171-9839810-2325938,Set,1,M
407-7181181-4735539,Set,1,XS
406-7807711-3827533,kurta,1,L
403-8810024-4133102,Western Dress,1,XS
408-8822433-6896336,kurta,1,3XL
171-8360296-8153910,Set,1,S
405-4748264-3394700,Top,1,XS
405-5664676-9721920,Western Dress,1,L
407-7274127-6193961,Set,1,M
403-2241816-5461918,Western Dress,1,S
407-4965973-6698749,Western Dress,1,L
406-9975124-7121968,Western Dress,1,M
406-0047872-2810744,kurta,1,XXL
404-0468029-3398751,kurta,1,L
408-3098059-2271557,Set,1,XL
171-8258597-3697106,Set,1,XS
171-7927632-1349948,Set,1,XL
171-5312844-5639526,kurta,1,S
405-2468781-2349127,Western Dress,1,M
171-9162558-1516313,Set,1,M
404-1221967-8122717,Western Dress,1,S
408-8378267-5152348,Western Dress,1,S
404-3432372-7125921,Western Dress,1,S
403-4249038-6582716,Western Dress,1,M
408-2059407-6556309,Western Dress,1,XL
405-4859663-9876343,Set,1,XL
406-5266905-9089909,kurta,1,XL
404-8207267-0124363,Set,1,3XL
405-5091454-2947514,Set,1,L
406-6860521-0325949,kurta,1,S
406-0672703-4250700,kurta,1,S
404-8214602-6297928,Set,1,3XL
402-4407885-2930724,Western Dress,1,S
408-2561532-7049164,Set,1,XXL
408-6426972-3966752,Set,1,XXL
406-4791058-7379514,Set,1,XS
407-3581702-6269120,Western Dress,1,XS
406-9761513-3861119,Western Dress,1,M
402-0162809-6821970,Western Dress,1,M
408-5833311-0811511,Western Dress,1,XS
404-5482621-4173959,Western Dress,1,XL
402-3166551-9940316,Western Dress,1,L
402-4043982-1482743,kurta,1,3XL
405-2554794-8627539,Top,1,M
407-3810696-9170738,Set,1,S
404-9401390-7005154,kurta,1,XL
404-9401390-7005154,Top,1,S
404-5377234-5129943,kurta,1,L
408-5564698-9069122,Set,1,XL
403-0398161-7340302,Set,1,M
408-3096798-1437950,Top,1,L
404-1421047-1899530,Western Dress,1,XL
403-5307334-8069107,kurta,1,3XL
406-4513844-4131510,Set,1,S
403-2003390-3218743,Western Dress,1,XXL
404-0056620-2235547,Set,1,XXL
406-0090208-2690726,Bottom,1,XL
171-5816465-0318703,Set,1,3XL
402-8724004-7152368,kurta,1,3XL
405-6874666-4188318,Set,1,3XL
408-5352926-8225956,Western Dress,1,XXL
402-3857589-1788351,Set,1,XXL
405-9322906-3190751,Set,1,S
171-3507679-1428317,Western Dress,1,M
406-9900096-2362750,Western Dress,1,S
171-3551242-5117149,kurta,1,3XL
403-2726196-9752350,Set,1,S
406-9305557-7169163,Set,1,S
171-5429018-2472344,Western Dress,1,XL
403-3353311-1612326,Western Dress,1,XXL
403-9568843-3653132,Western Dress,1,L
403-4179270-1246753,Set,1,XS
171-4667874-8864362,Set,1,XL
171-9087371-6521164,kurta,1,3XL
404-9437470-5544307,Set,1,XL
403-1019389-1729934,Set,1,L
407-2096357-2817909,Top,1,XL
407-9126116-5825919,Set,1,XS
171-9647393-6489967,Set,1,XL
171-4513550-1427545,Set,1,L
402-0977325-3504341,Western Dress,1,L
406-4041999-5092340,Top,1,XL
171-3549831-7433120,kurta,1,3XL
405-9600839-5477934,Set,1,L
408-9882402-1805105,Set,1,XXL
403-0668925-5936303,Western Dress,1,XXL
402-9718658-0383531,Western Dress,1,L
171-7565408-8870742,kurta,1,L
405-4589935-3865908,Western Dress,1,XS
406-1086848-2897932,Set,1,XXL
403-1202473-0755534,Set,1,XS
408-2346943-4640319,Western Dress,1,M
402-3387748-4380334,Set,1,XS
402-3387748-4380334,Set,1,XS
405-3778353-3434721,Set,1,L
406-4024976-8273955,Western Dress,1,L
406-4024976-8273955,Western Dress,1,L
406-2921455-3327555,Western Dress,1,M
408-9618082-2435549,kurta,1,S
407-1425428-0087544,Western Dress,1,XS
407-0918352-0429948,kurta,1,XS
407-1966409-7725101,kurta,1,3XL
405-5911006-8071512,kurta,1,3XL
403-8285509-7269125,Top,1,XS
171-8745136-2803502,Saree,1,Free
407-2276955-5562701,Set,1,XXL
406-1203327-3031542,Western Dress,1,XL
405-6003598-5571534,kurta,1,L
406-9907647-1673953,Western Dress,1,3XL
402-6860191-9297129,kurta,1,M
171-9882164-9201917,kurta,1,XL
406-1484663-0429927,Set,1,S
404-4158727-7949903,Western Dress,1,XL
403-3442282-0105938,Set,1,XXL
408-6285913-1101941,kurta,1,XL
408-0047275-3547510,Western Dress,1,L
406-1438867-5770722,Set,1,S
406-9759501-4291500,Set,1,S
404-1027097-0527515,kurta,1,S
407-7162067-9166731,Set,1,XXL
407-9929920-7708319,Set,1,3XL
407-9929920-7708319,Set,1,3XL
407-2957772-3081163,Set,1,XL
404-1400117-0804335,Top,1,XXL
402-7114647-4293905,Set,1,XXL
402-8816793-2194719,Set,1,XXL
405-6436708-9835528,Blouse,1,M
408-6217530-3383522,Western Dress,1,XS
405-5706472-6984353,Set,1,S
403-8765102-2648364,kurta,1,3XL
406-8621011-6857144,Western Dress,1,3XL
171-7308471-3795553,Western Dress,1,L
171-5759169-3181920,Set,1,L
404-4520533-6237912,Western Dress,1,L
402-7432543-4301168,Set,1,S
171-7057405-6648338,kurta,1,XL
406-4990316-0905125,kurta,1,4XL
406-6338024-2969162,Western Dress,1,M
403-9147095-8637919,Western Dress,1,L
407-4060062-6418701,kurta,1,XXL
407-4060062-6418701,kurta,1,3XL
171-3519437-9868359,kurta,1,XL
171-8642348-2885906,Set,1,M
171-4077468-0604355,Set,1,S
171-0582407-3233966,Set,1,3XL
408-6092444-0889140,kurta,1,M
402-5889974-9480333,kurta,1,3XL
407-3693739-9437146,Set,1,L
403-7198421-5608330,kurta,1,XL
405-1022591-2308349,kurta,1,3XL
403-7504192-8497953,Set,1,XL
403-7547906-5757934,Set,1,XL
408-3500040-5756334,Western Dress,1,M
403-8632502-6900330,Set,1,M
404-5179315-0957917,kurta,1,3XL
404-5762253-2053143,kurta,1,XXL
405-6244123-8306728,Western Dress,1,3XL
171-5533998-6808330,Western Dress,1,M
406-8986907-2694722,kurta,1,S
406-8986907-2694722,Set,1,S
406-8986907-2694722,Set,1,S
406-8986907-2694722,Set,1,XS
402-7155348-8154718,Set,1,XL
402-9633930-2485110,Set,1,XL
171-4132864-6873913,Western Dress,1,XS
404-7789968-8373150,kurta,1,XXL
405-7234530-7907518,kurta,1,3XL
403-0068148-2379571,kurta,1,S
407-6047292-3954749,kurta,1,M
407-9850092-8525164,Set,1,L
402-0281176-5793972,Western Dress,1,XL
404-3996026-0814729,kurta,1,XXL
407-0909855-6593161,Western Dress,1,3XL
405-1255664-4345105,kurta,1,XXL
403-9110437-6761151,Western Dress,1,M
406-9792025-3788316,Top,1,XXL
171-6558893-6279523,Saree,1,Free
403-1604799-2169943,Western Dress,1,L
407-2572064-6611535,Western Dress,1,XXL
403-5618753-4129162,kurta,1,XXL
407-0389257-2381166,kurta,1,L
402-0036257-8193125,kurta,1,L
402-2698988-5866717,Set,1,S
405-0865124-7865913,Western Dress,1,L
171-9411999-0186729,Western Dress,1,3XL
406-0375965-9281124,Set,1,L
408-7749818-0430712,Set,1,M
407-5889501-0953146,Western Dress,1,M
407-5889501-0953146,Western Dress,1,M
171-3443364-5663553,kurta,1,M
406-1051877-1969122,Top,1,XL
407-3032408-0336367,Set,1,XL
404-1829058-0860334,Set,1,3XL
406-8250013-4637930,Set,1,XXL
404-5982470-6969906,Set,1,XL
405-0732216-2362756,Set,1,S
402-1916128-7739507,kurta,1,S
402-1916128-7739507,Top,1,S
408-3962467-5434756,Set,1,3XL
407-6698129-5382758,kurta,1,L
403-9178433-0366763,Top,1,L
408-3078610-6949908,Top,1,XXL
408-2707488-9209135,Set,1,M
403-3385852-7038757,Western Dress,1,S
406-2604506-0533125,Western Dress,1,XL
404-0476106-9221156,kurta,1,S
404-0476106-9221156,kurta,1,S
405-8295159-5386764,kurta,1,L
405-8295159-5386764,kurta,1,M
408-2541939-7624343,kurta,1,XL
171-7927884-7094735,Western Dress,1,3XL
171-6202508-4142701,kurta,1,XS
406-5756628-8887561,Set,1,S
402-4462244-8906708,Top,1,M
402-9126268-7715567,Western Dress,1,XS
402-5834306-0674705,Set,1,XXL
406-4114480-5289951,Set,1,M
406-1557548-6475517,Set,1,3XL
408-0640216-7978724,Top,1,XXL
402-1138267-4734758,Top,1,M
408-7529472-1876343,Top,1,S
405-9522573-7483555,Top,1,M
404-4487744-2105102,Saree,1,Free
405-4261792-3599526,Set,1,S
404-4093815-2846727,kurta,1,XL
403-4842969-1239564,kurta,1,3XL
402-2508857-8135568,Western Dress,1,M
171-0353075-2367565,kurta,1,XL
408-4307373-2405106,Set,1,M
403-7193199-7435523,kurta,1,M
403-7193199-7435523,kurta,1,M
403-6586898-9989905,Set,1,XS
406-3470509-4981120,Set,1,L
404-7066353-3794720,Set,1,L
405-4134169-8968337,Set,1,M
408-9271380-9385941,kurta,1,M
406-6663175-9151528,Set,1,XXL
402-3608304-2972330,Set,1,S
405-9007433-9527552,Western Dress,1,3XL
404-7067192-0737132,Set,1,S
171-6091057-2113943,kurta,1,5XL
403-3521154-6112340,Western Dress,1,L
408-8244015-0652351,kurta,1,XXL
405-5691953-0025121,Set,1,M
171-4937821-2994737,Western Dress,1,XL
405-5964602-6276302,Western Dress,1,S
405-2229792-5838728,kurta,1,L
405-5880410-4126722,kurta,1,S
405-1674021-3365164,Western Dress,1,S
405-1674021-3365164,Western Dress,1,S
171-7251825-1943539,Ethnic Dress,1,3XL
171-7965875-2430716,Set,1,S
402-0174462-3010735,Western Dress,1,XL
403-5113888-3436313,Set,1,M
407-3899082-3112349,kurta,1,3XL
406-0196611-2881100,Western Dress,1,XL
406-1767650-6945162,Set,1,M
403-5004598-4920338,Top,1,XXL
406-8226248-7458731,Set,1,XXL
403-8798877-1493967,Top,1,M
407-2961710-3445116,Set,1,L
405-0036443-0593104,Set,1,XL
404-0213984-0349950,Set,1,3XL
407-2994817-4314704,Set,1,M
402-5066140-3097961,Top,1,XL
171-8776498-1273136,Ethnic Dress,1,XS
404-7628686-4275502,Western Dress,1,L
402-8251650-6099509,Set,1,XS
402-8251650-6099509,Set,1,L
402-9036061-8096334,Set,1,M
171-6194674-8192350,kurta,1,XXL
403-1899451-8549945,Western Dress,1,3XL
171-5996851-4623562,kurta,1,S
406-4726224-4889945,Western Dress,1,S
407-9347574-8344354,kurta,1,L
408-7333718-6901105,kurta,1,XS
408-6869309-5921945,Western Dress,1,3XL
405-8989470-8801913,Set,1,M
405-5709864-9565100,Western Dress,1,M
406-0600507-9664307,Western Dress,1,XS
403-0592055-7701145,Set,1,M
171-7415493-1403544,Set,1,M
403-7433211-1396333,Top,1,M
406-7913524-8729923,Top,1,XXL
402-7832846-8112356,Western Dress,1,S
404-4799184-0650750,kurta,1,M
405-3425483-0562711,Western Dress,1,XL
408-2776127-3019500,Top,1,XXL
171-7173124-7979515,Western Dress,1,L
171-7173124-7979515,Western Dress,1,XL
171-7173124-7979515,Western Dress,1,L
403-3433597-1109961,Western Dress,1,L
171-6242628-5007504,kurta,1,S
171-4064919-9341916,kurta,1,S
405-9593724-0075520,Set,1,XL
171-5186733-1586737,Set,1,XL
171-6397224-2877145,kurta,1,XL
405-5051629-1702759,kurta,1,XL
171-5218425-0045911,kurta,1,6XL
404-4393138-5044337,Set,1,XXL
407-8513730-1237110,Set,1,XL
171-3661052-5239500,Western Dress,1,L
402-9141729-5885106,Western Dress,1,M
403-4515771-3237931,Western Dress,1,XL
171-9804932-2341102,Set,1,L
171-4853638-1015537,kurta,1,L
402-0306988-9729162,Set,1,L
403-8559176-8178717,Set,1,XXL
408-6540861-5879536,Ethnic Dress,1,3XL
407-5313741-1308316,kurta,1,M
407-3686529-6338708,Western Dress,1,3XL
403-0390069-6518739,Set,1,XS
405-4995947-4805928,Set,1,XL
171-9324805-4424360,kurta,1,XL
404-0525475-0389901,Western Dress,1,3XL
408-5678950-5836326,Western Dress,1,S
404-2176014-7697168,Set,1,M
406-5661253-7244369,Western Dress,1,M
407-0671973-5769957,kurta,1,L
407-0671973-5769957,kurta,1,L
406-2448390-6169928,kurta,1,L
408-1822233-2129141,Western Dress,1,XS
402-1218727-7475552,Set,1,L
406-4630970-5537151,Western Dress,1,S
405-2798368-2408304,Set,1,S
403-1188673-0868369,kurta,1,XL
407-2527372-0009925,kurta,1,XXL
406-7751636-9359550,Set,1,S
408-2087565-1394725,Set,1,XXL
408-2087565-1394725,kurta,1,XXL
406-0450133-9129127,Western Dress,1,XL
407-1738341-1521938,kurta,1,3XL
403-5947400-5519542,Set,1,XS
406-8966677-4482712,Western Dress,1,XXL
408-8995810-1477919,Western Dress,1,S
403-2397404-4941100,Western Dress,1,M
171-9100404-4095559,Set,1,L
171-3928696-1990711,kurta,1,L
406-0136471-3911555,Western Dress,1,XL
402-0855641-3553130,Western Dress,1,S
407-8337387-5473113,Western Dress,1,XS
407-5710708-3741938,Set,1,L
405-8406717-8797106,kurta,1,XXL
407-1629806-8957944,Western Dress,1,S
404-2915626-5861958,Western Dress,1,XL
171-4942109-5278701,Western Dress,1,3XL
171-1161679-6580349,Set,1,3XL
402-7833900-8986731,Set,1,3XL
405-9164354-8987502,kurta,1,XL
408-9204184-0341126,Set,1,XS
406-5750468-8413110,Top,1,XS
404-9449330-4355518,Set,1,XXL
407-1355249-4116304,Western Dress,1,S
404-9564317-9790715,kurta,1,6XL
408-9670657-6688308,Western Dress,1,3XL
403-0376580-3551512,Set,1,3XL
402-7877358-6720301,Western Dress,1,M
408-6388090-9015504,Western Dress,1,XS
404-3991066-5251531,Set,1,M
171-5479098-2482717,kurta,1,XL
408-1641642-2991506,Top,1,XXL
404-1253094-5833123,Set,1,3XL
171-4907587-4449100,Set,1,XL
171-5323801-9385134,Top,1,XXL
171-7987157-5583556,Western Dress,1,XS
408-8012753-3358762,kurta,1,L
408-4410380-9972341,Western Dress,1,3XL
408-7946684-3125101,kurta,1,XL
406-0507249-1889147,Set,1,L
405-2983973-1425910,kurta,1,XXL
405-7839135-1535507,kurta,1,3XL
407-7259256-3561932,Top,1,XS
404-9259755-1991519,Western Dress,1,XL
408-6800091-1385149,Set,1,XL
406-7545561-5387517,Top,1,S
402-3533633-1653153,kurta,1,XL
406-2175029-9825118,Set,1,XS
402-9392083-5739557,Set,1,XS
171-0159017-9011539,Set,1,M
405-7771154-1835549,Western Dress,1,3XL
402-4363844-9124317,kurta,1,XL
408-2605103-9191510,kurta,1,M
402-9774636-4601938,kurta,1,XL
408-3810437-6001109,Set,1,S
408-3008166-6301126,Western Dress,1,L
402-3956469-2441157,kurta,1,M
406-6737976-3561963,Set,1,M
171-9627915-4953901,Set,1,L
404-3763096-4407518,Top,1,S
405-5212698-6745102,kurta,1,S
406-2140959-1328366,Western Dress,1,M
402-1213791-7909109,Western Dress,1,XL
402-8671948-6932341,kurta,1,S
405-4385291-9853967,Set,1,M
407-5234924-5395563,kurta,1,M
405-4945057-9376333,Western Dress,1,XS
407-0658285-2049126,Western Dress,1,XL
404-5324016-4214744,kurta,1,XXL
406-1584913-0896303,Set,1,3XL
405-9082290-8289116,kurta,1,XXL
406-2054504-0892323,Top,1,S
405-2338813-5862757,kurta,1,3XL
402-0125163-3484342,Set,1,L
404-1792872-9154715,Set,1,XXL
404-9909575-9771546,Bottom,1,L
402-9121173-3873936,Set,1,L
406-3570277-5877144,Western Dress,1,XL
405-6711150-9389117,Set,1,XL
404-4315040-8264318,kurta,1,M
408-9074023-7691550,Bottom,1,M
171-2352026-6069966,Western Dress,1,XL
407-3696081-5278715,Set,1,XS
408-6852388-9431500,Set,1,3XL
402-7318652-5325115,Set,1,XXL
403-4356905-8220365,Western Dress,1,XS
171-0348146-3295554,Set,1,XS
405-7462960-4728301,Western Dress,1,L
407-6276213-8167515,Set,1,3XL
407-6276213-8167515,Set,1,3XL
406-3111846-2369147,Western Dress,1,XL
171-3889044-9190753,Set,1,S
406-7900281-7631511,Western Dress,1,XS
407-4758241-6287538,kurta,1,XS
171-7122868-8135521,Western Dress,1,L
403-5744657-5289101,Set,1,XS
407-2843730-9235566,Top,1,XL
406-8044642-9245117,Set,1,XS
407-8478930-8666719,Top,1,3XL
402-1482854-5153902,Set,2,L
404-2740092-9277945,Set,1,3XL
407-1545931-9597956,Western Dress,1,XL
408-0229411-0113907,kurta,1,XXL
171-1619926-1450704,Ethnic Dress,1,XL
405-5199260-9762727,Top,1,3XL
408-4516709-1044348,Set,1,M
403-1068609-4410701,Top,1,S
406-4037812-6886755,kurta,1,M
402-2076783-3400333,Western Dress,1,L
404-1755109-4698716,Western Dress,1,XL
402-8472199-3996364,Top,1,XXL
404-4864004-5237932,Set,1,L
408-6943612-2673928,kurta,1,XXL
406-0484275-2136369,Set,1,3XL
403-8383396-4300328,Set,1,XS
406-5231546-5061123,Set,1,S
402-4708015-7152312,Set,1,M
407-6606419-8324316,Top,1,L
402-4418047-0659535,Set,1,S
402-4418047-0659535,Set,1,XS
403-2216347-1531569,Set,1,S
408-9579839-6574765,Set,1,XL
407-2476555-8488308,Set,1,3XL
406-4229474-9113928,kurta,1,3XL
171-5622534-9662742,Western Dress,1,XL
407-0193415-2093919,Set,1,XXL
406-2798745-3128361,Western Dress,1,L
408-0422987-5647551,Top,1,S
407-0004199-8975536,Western Dress,1,XXL
402-5902618-2985113,Western Dress,1,S
407-0622210-6994741,Western Dress,1,XS
404-9228208-9407529,kurta,1,S
404-9228208-9407529,kurta,1,S
171-6306655-3626748,kurta,1,M
407-8043662-8470731,kurta,1,XXL
407-8043662-8470731,kurta,1,XXL
407-6901859-1054722,Western Dress,1,XXL
407-7670498-3916345,Western Dress,1,XXL
406-3695146-6880344,kurta,1,S
405-4724097-1016369,Ethnic Dress,1,S
405-4724097-1016369,Set,1,S
405-4724097-1016369,Set,1,S
405-6493630-8542756,Top,1,M
403-0317423-9322704,Western Dress,1,M
